Bankable,Breeedable Form,Origin,Games First Appears On,Form variant,Regional form,Special form,Family,Family order,Evolution,Pokémon,Pokémon Fr,Dex,Sprites,Shiny Sprites,Icon,Bulbapedia Name,Bankable-ish,Slug,Type 1,Type 1 ico,Type 2,Type 2 ico,Steps,Egg Group,Egg Group 2,Male,Female,Ability 1,Ability 2,Hidden Ability,Abilities,All Moves,Move Type,Natures,Increases,Decreases
No,Yes,2,"Gold, Silver, Crystal",,,,Egg,0,,Egg,Oeuf,0,,,egg,Egg,,egg,,,,,,,,,,,,,,,,,,
Yes,Yes,1,"Red, Green, Blue, Yellow",,,,Bulbasaur,0,,Bulbasaur,Bulbizarre,1,,,bulbasaur,Bulbasaur,,bulbasaur,Grass,,Poison,,"5,120",Monster,Grass,88.10%,11.90%,Overgrow,,Chlorophyll,Aerilate,Absorb,Grass,Bashful,,
Yes,Yes,1,"Red, Green, Blue, Yellow",,,,Bulbasaur,1,16,Ivysaur,Herbizarre,2,,,ivysaur,Ivysaur,,ivysaur,Grass,,Poison,,"5,120",Monster,Grass,88.10%,11.90%,Overgrow,,Chlorophyll,Aftermath,Accelerock,Rock,Bold,Defense,Attack
Yes,Yes,1,"Red, Green, Blue, Yellow",,,,Bulbasaur,2,32,Venusaur,Florizarre,3,,,venusaur,Venusaur,,venusaur,Grass,,Poison,,"5,120",Monster,Grass,88.10%,11.90%,Overgrow,,Chlorophyll,Air Lock,Acid,Poison,Brave,Attack,Speed
Yes,Yes,4,"Diamond, Pearl, Platinium",Gender,,,Bulbasaur,3,32,Venusaur ♀,Florizarre ♀,3,,,venusaur,Venusaur,,venusaur-f,Grass,,Poison,,"5,120",Monster,Grass,88.10%,11.90%,Overgrow,,Chlorophyll,Analytic,Acid Armor,Poison,Calm,Sp. Defense,Attack
No,No,6,"X, Y",,,Mega,Bulbasaur,4,,Mega Venusaur,Mega Florizarre,3,,,venusaur-mega,Venusaur,Yes,venusaur-mega,Grass,,Poison,,"5,120",Monster,Grass,88.10%,11.90%,Thick Fat,,,Anger Point,Acid Downpour,Poison,Careful,Sp. Defense,Sp. Attack
Yes,Yes,8,"Sword, Shield",,,Gigantamax,Bulbasaur,5,32,Gigantamax Venusaur,Gigamax Florizarre,3,,,venusaur-gmax,Venusaur,,venusaur-gmax,Grass,,Poison,,"5,120",Monster,Grass,88.10%,11.90%,Overgrow,,Chlorophyll,Air Lock,Acid,Poison,Brave,Attack,Speed
Yes,Yes,1,"Red, Green, Blue, Yellow",,,,Charmander,0,,Charmander,Salamèche,4,,,charmander,Charmander,,charmander,Fire,,,,"5,120",Monster,Dragon,88.10%,11.90%,Blaze,,Solar Power,Anticipation,Acid Spray,Poison,Docile,,
Yes,Yes,1,"Red, Green, Blue, Yellow",,,,Charmander,1,16,Charmeleon,Reptincel,5,,,charmeleon,Charmeleon,,charmeleon,Fire,,,,"5,120",Monster,Dragon,88.10%,11.90%,Blaze,,Solar Power,Arena Trap,Acrobatics,Flying,Gentle,Sp. Defense,Defense
Yes,Yes,1,"Red, Green, Blue, Yellow",,,,Charmander,2,36,Charizard,Dracaufeu,6,,,charizard,Charizard,,charizard,Fire,,Flying,,"5,120",Monster,Dragon,88.10%,11.90%,Blaze,,Solar Power,Aroma Veil,Acupressure,Normal,Hardy,,
No,No,6,"X, Y",,,Mega,Charmander,3,,Mega Charizard X,Mega Dracaufeu X,6,,,charizard-mega-x,Charizard,Yes,charizard-mega-x,Fire,,Dragon,,"5,120",Monster,Dragon,88.10%,11.90%,Tough Claws,,,Aura Break,Aerial Ace,Flying,Hasty,Speed,Defense
No,No,6,"X, Y",,,Mega,Charmander,4,,Mega Charizard Y,Mega Dracaufeu Y,6,,,charizard-mega-y,Charizard,Yes,charizard-mega-y,Fire,,Flying,,"5,120",Monster,Dragon,88.10%,11.90%,Drought,,,Bad Dreams,Aeroblast,Flying,Impish,Defense,Sp. Attack
Yes,No,8,"Sword, Shield",,,Gigantamax,Charmander,5,,Gigantamax Charizard,Gigamax Dracaufeu,6,,,charizard-gmax,Charizard,,charizard-gmax,Fire,,Flying,,"5,120",Monster,Dragon,88.10%,11.90%,Blaze,,Solar Power,Ball Fetch,After You,Normal,Jolly,Speed,Sp. Attack
Yes,Yes,1,"Red, Green, Blue, Yellow",,,,Squirtle,0,,Squirtle,Carapuce,7,,,squirtle,Squirtle,,squirtle,Water,,,,"5,120",Monster,Water 1,88.10%,11.90%,Torrent,,Rain Dish,Battery,Agility,Pyschic,Lax,Defense,Sp. Defense
Yes,Yes,1,"Red, Green, Blue, Yellow",,,,Squirtle,1,16,Wartortle,Carabaffe,8,,,wartortle,Wartortle,,wartortle,Water,,,,"5,120",Monster,Water 1,88.10%,11.90%,Torrent,,Rain Dish,Battle Armor,Air Cutter,Flying,Lonely,Attack,Defense
Yes,Yes,1,"Red, Green, Blue, Yellow",,,,Squirtle,2,36,Blastoise,Tortank,9,,,blastoise,Blastoise,,blastoise,Water,,,,"5,120",Monster,Water 1,88.10%,11.90%,Torrent,,Rain Dish,Battle Bond,Air Slash,Flying,Mild,Sp. Attack,Defense
No,No,6,"X, Y",,,Mega,Squirtle,3,,Mega Blastoise,Mega Tortank,9,,,blastoise-mega,Blastoise,Yes,blastoise-mega,Water,,,,"5,120",Monster,Water 1,88.10%,11.90%,Mega Launcher,,,Beast Boost,All-Out Pummeling,Fighting,Modest,Sp. Attack,Attack
Yes,Yes,8,"Sword, Shield",,,Gigantamax,Squirtle,4,36,Gigantamax Blastoise,Gigamax Tortank,9,,,blastoise-gmax,Blastoise,,blastoise-gmax,Water,,,,"5,120",Monster,Water 1,88.10%,11.90%,Torrent,,Rain Dish,Battle Bond,Air Slash,Flying,Mild,Sp. Attack,Defense
Yes,Yes,1,"Red, Green, Blue, Yellow",,,,Caterpie,0,,Caterpie,Chenipan,10,,,caterpie,Caterpie,,caterpie,Bug,,,,"3,840",Bug,,50.00%,50.00%,Shield Dust,,Run Away,Berserk,Ally Switch,Pyschic,Naive,Speed,Sp. Defense
Yes,Yes,1,"Red, Green, Blue, Yellow",,,,Caterpie,1,07,Metapod,Chrysacier,11,,,metapod,Metapod,,metapod,Bug,,,,"3,840",Bug,,50.00%,50.00%,Shed Skin,,,Big Pecks,Amnesia,Pyschic,Naughty,Attack,Sp. Defense
Yes,Yes,1,"Red, Green, Blue, Yellow",,,,Caterpie,2,10,Butterfree,Papilusion,12,,,butterfree,Butterfree,,butterfree,Bug,,Flying,,"3,840",Bug,,50.00%,50.00%,Compound Eyes,,Tinted Lens,Blaze,Anchor Shot,Steel,Quiet,Sp. Attack,Speed
Yes,Yes,4,"Diamond, Pearl, Platinium",Gender,,,Caterpie,3,10,Butterfree ♀,Papilusion ♀,12,,,butterfree,Butterfree,,butterfree-f,Bug,,Flying,,"3,840",Bug,,50.00%,50.00%,Compound Eyes,,Tinted Lens,Bulletproof,Ancient Power,Rock,Quirky,,
Yes,No,8,"Sword, Shield",,,Gigantamax,Caterpie,4,,Gigantamax Butterfree,Gigamax Papilusion,12,,,butterfree-gmax,Butterfree,,butterfree-gmax,Bug,,Flying,,"3,840",Bug,,50.00%,50.00%,Compound Eyes,,Tinted Lens,Cheek Pouch,Apple Acid,Grass,Rash,Sp. Attack,Sp. Defense
Yes,Yes,1,"Red, Green, Blue, Yellow",,,,Weedle,0,,Weedle,Aspicot,13,,,weedle,Weedle,,weedle,Bug,,Poison,,"3,840",Bug,,50.00%,50.00%,Shield Dust,,Run Away,Chlorophyll,Aqua Jet,Water,Relaxed,Defense,Speed
Yes,Yes,1,"Red, Green, Blue, Yellow",,,,Weedle,1,07,Kakuna,Coconfort,14,,,kakuna,Kakuna,,kakuna,Bug,,Poison,,"3,840",Bug,,50.00%,50.00%,Shed Skin,,,Clear Body,Aqua Ring,Water,Sassy,Sp. Defense,Speed
Yes,Yes,1,"Red, Green, Blue, Yellow",,,,Weedle,2,10,Beedrill,Dardargnan,15,,,beedrill,Beedrill,,beedrill,Bug,,Poison,,"3,840",Bug,,50.00%,50.00%,Swarm,,Sniper,Cloud Nine,Aqua Tail,Water,Serious,,
No,No,6,"X, Y",,,Mega,Weedle,3,,Mega Beedrill,Mega Dardargnan,15,,,beedrill-mega,Beedrill,Yes,beedrill-mega,Bug,,Poison,,"3,840",Bug,,50.00%,50.00%,Adaptability,,,Color Change,Arm Thrust,Fighting,Timid,Speed,Attack
Yes,Yes,1,"Red, Green, Blue, Yellow",,,,Pidgey,0,,Pidgey,Roucool,16,,,pidgey,Pidgey,,pidgey,Normal,,Flying,,"3,840",Flying,,50.00%,50.00%,Keen Eye,Tangled Feet,Big Pecks,Comatose,Aromatherapy,Grass,,,
Yes,Yes,1,"Red, Green, Blue, Yellow",,,,Pidgey,1,18,Pidgeotto,Roucoups,17,,,pidgeotto,Pidgeotto,,pidgeotto,Normal,,Flying,,"3,840",Flying,,50.00%,50.00%,Keen Eye,Tangled Feet,Big Pecks,Competitive,Aromatic Mist,Fairy,,,
Yes,Yes,1,"Red, Green, Blue, Yellow",,,,Pidgey,2,36,Pidgeot,Roucarnage,18,,,pidgeot,Pidgeot,,pidgeot,Normal,,Flying,,"3,840",Flying,,50.00%,50.00%,Keen Eye,Tangled Feet,Big Pecks,Compound Eyes,Assist,Normal,,,
No,No,6,"X, Y",,,Mega,Pidgey,3,,Mega Pidgeot,Mega Roucarnage,18,,,pidgeot-mega,Pidgeot,Yes,pidgeot-mega,Normal,,Flying,,"3,840",Flying,,50.00%,50.00%,No Guard,,,Contrary,Assurance,Dark,,,
Yes,Yes,1,"Red, Green, Blue, Yellow",,,,Rattata,0,,Rattata,Rattata,19,,,rattata,Rattata,,rattata,Normal,,,,"3,840",Field,,50.00%,50.00%,Run Away,Guts,Hustle,Corrosion,Astonish,Ghost,,,
Yes,Yes,4,"Diamond, Pearl, Platinium",Gender,,,Rattata,1,,Rattata ♀,Rattata ♀,19,,,rattata,Rattata,,rattata-f,Normal,,,,"3,840",Field,,50.00%,50.00%,Run Away,Guts,Hustle,Cotton Down,Attack Order,Bug,,,
Yes,Yes,7,"Sun, Moon",,Alolan,,Rattata,2,,Rattata-Alola,Rattata d'Alola,19,,,rattata-alola,"Rattata
(Alolan)",,rattata-alola,Dark,,Normal,,"3,840",Field,,50.00%,50.00%,Gluttony,Hustle,Thick Fat,Cursed Body,Attract,Normal,,,
Yes,Yes,1,"Red, Green, Blue, Yellow",,,,Rattata,3,20,Raticate,Rattatac,20,,,raticate,Raticate,,raticate,Normal,,,,"3,840",Field,,50.00%,50.00%,Run Away,Guts,Hustle,Cute Charm,Aura Sphere,Fighting,,,
Yes,Yes,4,"Diamond, Pearl, Platinium",Gender,,,Rattata,4,20,Raticate ♀,Rattatac ♀,20,,,raticate,Raticate,,raticate-f,Normal,,,,"3,840",Field,,50.00%,50.00%,Run Away,Guts,Hustle,Damp,Aura Wheel,Electric,,,
Yes,Yes,7,"Sun, Moon",,Alolan,,Rattata,5,20 (Night),Raticate-Alola,Rattatac d'Alola,20,,,raticate-alola,"Raticate
(Alolan)",,raticate-alola,Dark,,Normal,,"3,840",Field,,50.00%,50.00%,Gluttony,Hustle,Thick Fat,Dancer,Aurora Beam,Ice,,,
Yes,No,7,"Sun, Moon",,Alolan,Totem,Rattata,6,,Totem Raticate-Alola,Totem Rattatac d'Alola,20,,,raticate-alola,"Raticate
(Alolan)",,raticate-alola-totem,Dark,,Normal,,"3,840",Field,,50.00%,50.00%,Thick Fat,,,Dark Aura,Aurora Veil,Ice,,,
Yes,Yes,1,"Red, Green, Blue, Yellow",,,,Spearow,0,,Spearow,Piafabec,21,,,spearow,Spearow,,spearow,Normal,,Flying,,"3,840",Flying,,50.00%,50.00%,Keen Eye,,Sniper,Dauntless Shield,Autotomize,Steel,,,
Yes,Yes,1,"Red, Green, Blue, Yellow",,,,Spearow,1,20,Fearow,Rapasdepic,22,,,fearow,Fearow,,fearow,Normal,,Flying,,"3,840",Flying,,50.00%,50.00%,Keen Eye,,Sniper,Dazzling,Avalanche,Ice,,,
Yes,Yes,1,"Red, Green, Blue, Yellow",,,,Ekans,0,,Ekans,Abo,23,,,ekans,Ekans,,ekans,Poison,,,,"5,120",Field,Dragon,50.00%,50.00%,Intimidate,Shed Skin,Unnerve,Defeatist,Baby-Doll Eyes,Fairy,,,
Yes,Yes,1,"Red, Green, Blue, Yellow",,,,Ekans,1,22,Arbok,Arbok,24,,,arbok,Arbok,,arbok,Poison,,,,"5,120",Field,Dragon,50.00%,50.00%,Intimidate,Shed Skin,Unnerve,Defiant,Baneful Bunker,Poison,,,
Yes,Yes,1,"Red, Green, Blue, Yellow",,,,Pikachu,0,2 (Happiness),Pikachu,Pikachu,25,,,pikachu,Pikachu,,pikachu,Electric,,,,"2,560",Field,Fairy,50.00%,50.00%,Static,,Lightning Rod,Delta Stream,Barrage,Normal,,,
Yes,Yes,8,Pokémon Legends Arceus,,,Alpha,Pikachu,1,2 (Happiness),Alpha Pikachu,Baron Pikachu,25,,,pikachu,Pikachu,,pikachu-alpha,Electric,,,,"2,560",Field,Fairy,50.00%,50.00%,Static,,Lightning Rod,Delta Stream,Barrage,Normal,,,
Yes,Yes,4,"Diamond, Pearl, Platinium",Gender,,,Pikachu,2,2 (Happiness),Pikachu ♀,Pikachu ♀,25,,,pikachu,Pikachu,,pikachu-f,Electric,,,,"2,560",Field,Fairy,50.00%,50.00%,Static,,Lightning Rod,Desolate Land,Barrier,Pyschic,,,
Yes,Yes,8,Pokémon Legends Arceus,Gender,,Alpha,Pikachu,3,2 (Happiness),Alpha Pikachu ♀,Baron Pikachu ♀,25,,,pikachu,Pikachu,,pikachu-alpha-f,Electric,,,,"2,560",Field,Fairy,50.00%,50.00%,Static,,Lightning Rod,Desolate Land,Barrier,Pyschic,,,
No,No,6,"X, Y",Alternate,,Event,Pikachu,4,,Cosplay Pikachu,Pikachu Cosplayeur,25,,,pikachu-cosplay,Pikachu,,pikachu-cosplay,Electric,,,,"2,560",Field,Fairy,50.00%,50.00%,Static,,Lightning Rod,Disguise,Baton Pass,Normal,,,
No,No,6,"X, Y",Alternate,,Event,Pikachu,5,,Cool Pikachu,Pikachu Rockeur,25,,,pikachu-rock-star,Pikachu,,pikachu-rock-star,Electric,,,,"2,560",Field,Fairy,50.00%,50.00%,Static,,Lightning Rod,Download,Beak Blast,Flying,,,
No,No,6,"X, Y",Alternate,,Event,Pikachu,6,,Beauty Pikachu,Pikachu Lady,25,,,pikachu-belle,Pikachu,,pikachu-belle,Electric,,,,"2,560",Field,Fairy,50.00%,50.00%,Static,,Lightning Rod,Drizzle,Beat Up,Dark,,,
No,No,6,"X, Y",Alternate,,Event,Pikachu,7,,Cute Pikachu,Pikachu Star,25,,,pikachu-pop-star,Pikachu,,pikachu-pop-star,Electric,,,,"2,560",Field,Fairy,50.00%,50.00%,Static,,Lightning Rod,Drought,Behemoth Bash,Steel,,,
No,No,6,"X, Y",Alternate,,Event,Pikachu,8,,Clever Pikachu,Pikachu Docteur,25,,,pikachu-phd,Pikachu,,pikachu-phd,Electric,,,,"2,560",Field,Fairy,50.00%,50.00%,Static,,Lightning Rod,Dry Skin,Behemoth Blade,Steel,,,
No,No,6,"X, Y",Alternate,,Event,Pikachu,9,,Tough Pikachu,Pikachu Catcheur,25,,,pikachu-libre,Pikachu,,pikachu-libre,Electric,,,,"2,560",Field,Fairy,50.00%,50.00%,Static,,Lightning Rod,Early Bird,Belch,Poison,,,
Yes,No,7,"Sun, Moon",Alternate,,Event,Pikachu,10,,Kanto Cap Pikachu,Pikachu Casquette Originale,25,,,pikachu-original-cap,Pikachu,,pikachu-original-cap,Electric,,,,"2,560",Field,Fairy,50.00%,50.00%,Static,,Lightning Rod,Effect Spore,Belly Drum,Normal,,,
Yes,No,7,"Sun, Moon",Alternate,,Event,Pikachu,11,,Hoenn Cap Pikachu,Pikachu Casquette de Hoenn,25,,,pikachu-hoenn-cap,Pikachu,,pikachu-hoenn-cap,Electric,,,,"2,560",Field,Fairy,50.00%,50.00%,Static,,Lightning Rod,Electric Surge,Bestow,Normal,,,
Yes,No,7,"Sun, Moon",Alternate,,Event,Pikachu,12,,Sinnoh Cap Pikachu,Pikachu Casquette de Sinnoh,25,,,pikachu-sinnoh-cap,Pikachu,,pikachu-sinnoh-cap,Electric,,,,"2,560",Field,Fairy,50.00%,50.00%,Static,,Lightning Rod,Emergency Exit,Bide,Normal,,,
Yes,No,7,"Sun, Moon",Alternate,,Event,Pikachu,13,,Unova Cap Pikachu,Pikachu Casquette d'Unys,25,,,pikachu-unova-cap,Pikachu,,pikachu-unova-cap,Electric,,,,"2,560",Field,Fairy,50.00%,50.00%,Static,,Lightning Rod,Fairy Aura,Bind,Normal,,,
Yes,No,7,"Sun, Moon",Alternate,,Event,Pikachu,14,,Kalos Cap Pikachu,Pikachu Casquette de Kalos,25,,,pikachu-kalos-cap,Pikachu,,pikachu-kalos-cap,Electric,,,,"2,560",Field,Fairy,50.00%,50.00%,Static,,Lightning Rod,Filter,Bite,Dark,,,
Yes,No,7,"Sun, Moon",Alternate,,Event,Pikachu,15,,Alola Cap Pikachu,Pikachu Casquette d'Alola,25,,,pikachu-alola-cap,Pikachu,,pikachu-alola-cap,Electric,,,,"2,560",Field,Fairy,50.00%,50.00%,Static,,Lightning Rod,Flame Body,Black Hole Eclipse,Dark,,,
Yes,No,7,"Sun, Moon",Alternate,,Event,Pikachu,16,,Partner Cap Pikachu,Pikachu Casquette Partenaire,25,,,pikachu-partner-cap,Pikachu,,pikachu-partner-cap,Electric,,,,"2,560",Field,Fairy,50.00%,50.00%,Static,,Lightning Rod,Flare Boost,Blast Burn,Fire,,,
Yes,No,8,"Sword, Shield",,,Gigantamax,Pikachu,17,,Gigantamax Pikachu,Gigamax Pikachu,25,,,pikachu-gmax,Pikachu,,pikachu-gmax,Electric,,,,"2,560",Field,Fairy,50.00%,50.00%,Static,,Lightning Rod,Flash Fire,Blaze Kick,Fire,,,
Yes,Yes,1,"Red, Green, Blue, Yellow",,,,Pikachu,18,Thunder Stone,Raichu,Raichu,26,,,raichu,Raichu,,raichu,Electric,,,,"2,560",Field,Fairy,50.00%,50.00%,Static,,Lightning Rod,Flower Gift,Blizzard,Ice,,,
Yes,Yes,8,Pokémon Legends Arceus,,,Alpha,Pikachu,19,Thunder Stone,Alpha Raichu,Baron Raichu,26,,,raichu,Raichu,,raichu-alpha,Electric,,,,"2,560",Field,Fairy,50.00%,50.00%,Static,,Lightning Rod,Flower Gift,Blizzard,Ice,,,
Yes,Yes,4,"Diamond, Pearl, Platinium",Gender,,,Pikachu,20,Thunder Stone,Raichu ♀,Raichu ♀,26,,,raichu,Raichu,,raichu-f,Electric,,,,"2,560",Field,Fairy,50.00%,50.00%,Static,,Lightning Rod,Flower Veil,Block,Normal,,,
Yes,Yes,8,Pokémon Legends Arceus,Gender,,Alpha,Pikachu,21,Thunder Stone,Alpha Raichu ♀,Baron Raichu ♀,26,,,raichu,Raichu,,raichu-alpha-f,Electric,,,,"2,560",Field,Fairy,50.00%,50.00%,Static,,Lightning Rod,Flower Veil,Block,Normal,,,
Yes,Yes,7,"Sun, Moon",Alternate,Alolan,,Pikachu,22,Thunder Stone,Raichu-Alola,Raichu d'Alola,26,,,raichu-alola,"Raichu
(Alolan)",,raichu-alola,Electric,,Pyschic,,"2,560",Field,Fairy,50.00%,50.00%,Surge Surfer,,,Fluffy,Bloom Doom,Grass,,,
Yes,Yes,1,"Red, Green, Blue, Yellow",,,,Sandshrew,0,,Sandshrew,Sabelette,27,,,sandshrew,Sandshrew,,sandshrew,Ground,,,,"5,120",Field,,50.00%,50.00%,Sand Veil,,Sand Rush,Forecast,Blue Flare,Fire,,,
Yes,Yes,7,"Sun, Moon",,Alolan,,Sandshrew,1,,Sandshrew-Alola,Sabelette d'Alola,27,,,sandshrew-alola,"Sandshrew
(Alolan)",,sandshrew-alola,Ice,,Steel,,"5,120",Field,,50.00%,50.00%,Snow Cloak,,Slush Rush,Forewarn,Body Press,Fighting,,,
Yes,Yes,1,"Red, Green, Blue, Yellow",,,,Sandshrew,2,22,Sandslash,Sablaireau,28,,,sandslash,Sandslash,,sandslash,Ground,,,,"5,120",Field,,50.00%,50.00%,Sand Veil,,Sand Rush,Friend Guard,Body Slam,Normal,,,
Yes,Yes,7,"Sun, Moon",,Alolan,,Sandshrew,3,Ice Stone,Sandslash-Alola,Sablaireau d'Alola,28,,,sandslash-alola,"Sandslash
(Alolan)",,sandslash-alola,Ice,,Steel,,"5,120",Field,,50.00%,50.00%,Snow Cloak,,Slush Rush,Frisk,Bolt Beak,Electric,,,
Yes,Yes,1,"Red, Green, Blue, Yellow",,,,Nidoran ♀,0,,Nidoran ♀,Nidoran ♀,29,,,nidoran-f,Nidoran ♀,,nidoran-f,Poison,,,,"5,120",Monster,Field,0.00%,100.00%,Poison Point,Rivalry,Hustle,Full Metal Body,Bolt Strike,Electric,,,
Yes,No,1,"Red, Green, Blue, Yellow",,,,Nidoran ♀,1,16,Nidorina,Nidorina,30,,,nidorina,Nidorina,,nidorina,Poison,,,,"5,120",Undiscovered,,0.00%,100.00%,Poison Point,Rivalry,Hustle,Fur Coat,Bone Club,Ground,,,
Yes,No,1,"Red, Green, Blue, Yellow",,,,Nidoran ♀,2,Moon Stone,Nidoqueen,Nidoqueen,31,,,nidoqueen,Nidoqueen,,nidoqueen,Poison,,Ground,,"5,120",Undiscovered,,0.00%,100.00%,Poison Point,Rivalry,Sheer Force,Gale Wings,Bone Rush,Ground,,,
Yes,Yes,1,"Red, Green, Blue, Yellow",,,,Nidoran ♂,0,,Nidoran ♂,Nidoran ♂,32,,,nidoran-m,Nidoran ♂,,nidoran-m,Poison,,,,"5,120",Monster,Field,100.00%,0.00%,Poison Point,Rivalry,Hustle,Galvanize,Bonemerang,Ground,,,
Yes,Yes,1,"Red, Green, Blue, Yellow",,,,Nidoran ♂,1,16,Nidorino,Nidorino,33,,,nidorino,Nidorino,,nidorino,Poison,,,,"5,120",Monster,Field,100.00%,0.00%,Poison Point,Rivalry,Hustle,Gluttony,Boomburst,Normal,,,
Yes,Yes,1,"Red, Green, Blue, Yellow",,,,Nidoran ♂,2,Moon Stone,Nidoking,Nidoking,34,,,nidoking,Nidoking,,nidoking,Poison,,Ground,,"5,120",Monster,Field,100.00%,0.00%,Poison Point,Rivalry,Sheer Force,Gooey,Bounce,Flying,,,
Yes,Yes,1,"Red, Green, Blue, Yellow",,,,Clefairy,0,2 (Happiness),Clefairy,Mélofée,35,,,clefairy,Clefairy,,clefairy,Fairy,,Normal,,"2,560",Fairy,,25.00%,75.00%,Cute Charm,Magic Guard,Friend Guard,Gorilla Tactics,Branch Poke,Grass,,,
Yes,Yes,8,Pokémon Legends Arceus,,,Alpha,Clefairy,1,2 (Happiness),Alpha Clefairy,Baron Mélofée,35,,,clefairy,Clefairy,,clefairy-alpha,Fairy,,Normal,,"2,560",Fairy,,25.00%,75.00%,Cute Charm,Magic Guard,Friend Guard,Gorilla Tactics,Branch Poke,Grass,,,
Yes,Yes,1,"Red, Green, Blue, Yellow",,,,Clefairy,2,Moon Stone,Clefable,Mélodelfe,36,,,clefable,Clefable,,clefable,Fairy,,Normal,,"2,560",Fairy,,25.00%,75.00%,Cute Charm,Magic Guard,Unaware,Grass Pelt,Brave Bird,Flying,,,
Yes,Yes,8,Pokémon Legends Arceus,,,Alpha,Clefairy,3,Moon Stone,Alpha Clefable,Baron Mélodelfe,36,,,clefable,Clefable,,clefable-alpha,Fairy,,Normal,,"2,560",Fairy,,25.00%,75.00%,Cute Charm,Magic Guard,Unaware,Grass Pelt,Brave Bird,Flying,,,
Yes,Yes,1,"Red, Green, Blue, Yellow",,,,Vulpix,0,,Vulpix,Goupix,37,,,vulpix,Vulpix,,vulpix,Fire,,,,"5,120",Field,,25.00%,75.00%,Flash Fire,,Drought,Grassy Surge,Breaking Swipe,Dragon,,,
Yes,Yes,8,Pokémon Legends Arceus,,,Alpha,Vulpix,1,,Alpha Vulpix,Baron Goupix,37,,,vulpix,Vulpix,,vulpix-alpha,Fire,,,,"5,120",Field,,25.00%,75.00%,Flash Fire,,Drought,Grassy Surge,Breaking Swipe,Dragon,,,
Yes,Yes,7,"Sun, Moon",,Alolan,,Vulpix,2,,Vulpix-Alola,Goupix d'Alola,37,,,vulpix-alola,"Vulpix
(Alolan)",,vulpix-alola,Ice,,,,"5,120",Field,,25.00%,75.00%,Snow Cloak,,Snow Warning,Gulp Missile,Breakneck Blitz,Normal,,,
Yes,Yes,1,"Red, Green, Blue, Yellow",,,,Vulpix,3,Fire Stone,Ninetales,Feunard,38,,,ninetales,Ninetales,,ninetales,Fire,,,,"5,120",Field,,25.00%,75.00%,Flash Fire,,Drought,Guts,Brick Break,Fighting,,,
Yes,Yes,8,Pokémon Legends Arceus,,,Alpha,Vulpix,4,Fire Stone,Alpha Ninetales,Baron Feunard,38,,,ninetales,Ninetales,,ninetales-alpha,Fire,,,,"5,120",Field,,25.00%,75.00%,Flash Fire,,Drought,Guts,Brick Break,Fighting,,,
Yes,Yes,7,"Sun, Moon",,Alolan,,Vulpix,5,Ice Stone,Ninetales-Alola,Feunard d'Alola,38,,,ninetales-alola,"Ninetales
(Alolan)",,ninetales-alola,Ice,,,,"5,120",Field,,25.00%,75.00%,Snow Cloak,,Snow Warning,Harvest,Brine,Water,,,
Yes,Yes,1,"Red, Green, Blue, Yellow",,,,Jigglypuff,0,,Jigglypuff,Rondoudou,39,,,jigglypuff,Jigglypuff,,jigglypuff,Fairy,,Normal,,"2,560",Fairy,,25.00%,75.00%,Cute Charm,Competitive,Friend Guard,Healer,Brutal Swing,Dark,,,
Yes,Yes,1,"Red, Green, Blue, Yellow",,,,Jigglypuff,1,Moon Stone,Wigglytuff,Grodoudou,40,,,wigglytuff,Wigglytuff,,wigglytuff,Fairy,,Normal,,"2,560",Fairy,,25.00%,75.00%,Cute Charm,Competitive,Frisk,Heatproof,Bubble,Water,,,
Yes,Yes,1,"Red, Green, Blue, Yellow",,,,Zubat,0,,Zubat,Nosferapti,41,,,zubat,Zubat,,zubat,Poison,,Flying,,"3,840",Flying,,50.00%,50.00%,Inner Focus,,Infiltrator,Heavy Metal,Bubble Beam,Water,,,
Yes,Yes,8,Pokémon Legends Arceus,,,Alpha,Zubat,1,,Alpha Zubat,Baron Nosferapti,41,,,zubat,Zubat,,zubat-alpha,Poison,,Flying,,"3,840",Flying,,50.00%,50.00%,Inner Focus,,Infiltrator,Heavy Metal,Bubble Beam,Water,,,
Yes,Yes,4,"Diamond, Pearl, Platinium",Gender,,,Zubat,2,,Zubat ♀,Nosferapti ♀,41,,,zubat,Zubat,,zubat-f,Poison,,Flying,,"3,840",Flying,,50.00%,50.00%,Inner Focus,,Infiltrator,Honey Gather,Bug Bite,Bug,,,
Yes,Yes,8,Pokémon Legends Arceus,Gender,,Alpha,Zubat,3,,Alpha Zubat ♀,Baron Nosferapti ♀,41,,,zubat,Zubat,,zubat-f-alpha,Poison,,Flying,,"3,840",Flying,,50.00%,50.00%,Inner Focus,,Infiltrator,Honey Gather,Bug Bite,Bug,,,
Yes,Yes,1,"Red, Green, Blue, Yellow",,,,Zubat,4,22,Golbat,Nosferalto,42,,,golbat,Golbat,,golbat,Poison,,Flying,,"3,840",Flying,,50.00%,50.00%,Inner Focus,,Infiltrator,Huge Power,Bug Buzz,Bug,,,
Yes,Yes,8,Pokémon Legends Arceus,,,Alpha,Zubat,5,22,Alpha Golbat,Baron Nosferalto,42,,,golbat,Golbat,,golbat-alpha,Poison,,Flying,,"3,840",Flying,,50.00%,50.00%,Inner Focus,,Infiltrator,Huge Power,Bug Buzz,Bug,,,
Yes,Yes,4,"Diamond, Pearl, Platinium",Gender,,,Zubat,6,22,Golbat ♀,Nosferalto ♀,42,,,golbat,Golbat,,golbat-f,Poison,,Flying,,"3,840",Flying,,50.00%,50.00%,Inner Focus,,Infiltrator,Hunger Switch,Bulk Up,Fighting,,,
Yes,Yes,8,Pokémon Legends Arceus,Gender,,Alpha,Zubat,7,22,Alpha Golbat ♀,Baron Nosferalto ♀,42,,,golbat,Golbat,,golbat-alpha-f,Poison,,Flying,,"3,840",Flying,,50.00%,50.00%,Inner Focus,,Infiltrator,Hunger Switch,Bulk Up,Fighting,,,
Yes,Yes,1,"Red, Green, Blue, Yellow",,,,Oddish,0,,Oddish,Mystherbe,43,,,oddish,Oddish,,oddish,Grass,,Poison,,"5,120",Grass,,50.00%,50.00%,Chlorophyll,,Run Away,Hustle,Bulldoze,Ground,,,
Yes,Yes,1,"Red, Green, Blue, Yellow",,,,Oddish,1,21,Gloom,Ortide,44,,,gloom,Gloom,,gloom,Grass,,Poison,,"5,120",Grass,,50.00%,50.00%,Chlorophyll,,Stench,Hydration,Bullet Punch,Steel,,,
Yes,Yes,4,"Diamond, Pearl, Platinium",Gender,,,Oddish,2,21,Gloom ♀,Ortide ♀,44,,,gloom,Gloom,,gloom-f,Grass,,Poison,,"5,120",Grass,,50.00%,50.00%,Chlorophyll,,Stench,Hyper Cutter,Bullet Seed,Grass,,,
Yes,Yes,1,"Red, Green, Blue, Yellow",,,,Oddish,3,Leaf Stone,Vileplume,Rafflesia,45,,,vileplume,Vileplume,,vileplume,Grass,,Poison,,"5,120",Grass,,50.00%,50.00%,Chlorophyll,,Effect Spore,Ice Body,Burn Up,Fire,,,
Yes,Yes,4,"Diamond, Pearl, Platinium",Gender,,,Oddish,4,Leaf Stone,Vileplume ♀,Rafflesia ♀,45,,,vileplume,Vileplume,,vileplume-f,Grass,,Poison,,"5,120",Grass,,50.00%,50.00%,Chlorophyll,,Effect Spore,Ice Face,Calm Mind,Pyschic,,,
Yes,Yes,1,"Red, Green, Blue, Yellow",,,,Paras,0,,Paras,Paras,46,,,paras,Paras,,paras,Bug,,Grass,,"5,120",Bug,Grass,50.00%,50.00%,Effect Spore,Dry Skin,Damp,Ice Scales,Camouflage,Normal,,,
Yes,Yes,8,Pokémon Legends Arceus,,,Alpha,Paras,1,,Alpha Paras,Baron Paras,46,,,paras,Paras,,paras-alpha,Bug,,Grass,,"5,120",Bug,Grass,50.00%,50.00%,Effect Spore,Dry Skin,Damp,Ice Scales,Camouflage,Normal,,,
Yes,Yes,1,"Red, Green, Blue, Yellow",,,,Paras,2,24,Parasect,Parasect,47,,,parasect,Parasect,,parasect,Bug,,Grass,,"5,120",Bug,Grass,50.00%,50.00%,Effect Spore,Dry Skin,Damp,Illuminate,Captivate,Normal,,,
Yes,Yes,8,Pokémon Legends Arceus,,,Alpha,Paras,3,24,Alpha Parasect,Baron Parasect,47,,,parasect,Parasect,,parasect-alpha,Bug,,Grass,,"5,120",Bug,Grass,50.00%,50.00%,Effect Spore,Dry Skin,Damp,Illuminate,Captivate,Normal,,,
Yes,Yes,1,"Red, Green, Blue, Yellow",,,,Venonat,0,,Venonat,Mimitoss,48,,,venonat,Venonat,,venonat,Bug,,Poison,,"5,120",Bug,,50.00%,50.00%,Compound Eyes,Tinted Lens,Run Away,Illusion,Catastropika,Electric,,,
Yes,Yes,1,"Red, Green, Blue, Yellow",,,,Venonat,1,31,Venomoth,Aéromite,49,,,venomoth,Venomoth,,venomoth,Bug,,Poison,,"5,120",Bug,,50.00%,50.00%,Shield Dust,Tinted Lens,Wonder Skin,Immunity,Celebrate,Normal,,,
Yes,Yes,1,"Red, Green, Blue, Yellow",,,,Diglett,0,,Diglett,Taupiqueur,50,,,diglett,Diglett,,diglett,Ground,,,,"5,120",Field,,50.00%,50.00%,Sand Veil,Arena Trap,Sand Force,Imposter,Charge,Electric,,,
Yes,Yes,7,"Sun, Moon",,Alolan,,Diglett,1,,Diglett-Alola,Taupiqueur d'Alola,50,,,diglett-alola,"Diglett
(Alolan)",,diglett-alola,Ground,,Steel,,"5,120",Field,,50.00%,50.00%,Sand Veil,Tangling Hair,Sand Force,Infiltrator,Charge Beam,Electric,,,
Yes,Yes,1,"Red, Green, Blue, Yellow",,,,Diglett,2,26,Dugtrio,Triopikeur,51,,,dugtrio,Dugtrio,,dugtrio,Ground,,,,"5,120",Field,,50.00%,50.00%,Sand Veil,Arena Trap,Sand Force,Innards Out,Charm,Fairy,,,
Yes,Yes,7,"Sun, Moon",,Alolan,,Diglett,3,26,Dugtrio-Alola,Triopikeur d'Alola,51,,,dugtrio-alola,"Dugtrio
(Alolan)",,dugtrio-alola,Ground,,Steel,,"5,120",Field,,50.00%,50.00%,Sand Veil,Tangling Hair,Sand Force,Inner Focus,Chatter,Flying,,,
Yes,Yes,1,"Red, Green, Blue, Yellow",,,,Meowth,0,,Meowth,Miaouss,52,,,meowth,Meowth,,meowth,Normal,,,,"5,120",Field,,50.00%,50.00%,Pickup,Technician,Unnerve,Insomnia,Chip Away,Normal,,,
Yes,Yes,7,"Sun, Moon",,Alolan,,Meowth,1,,Meowth-Alola,Miaouss d'Alola,52,,,meowth-alola,"Meowth
(Alolan)",,meowth-alola,Dark,,,,"5,120",Field,,50.00%,50.00%,Pickup,Technician,Rattled,Intimidate,Circle Throw,Fighting,,,
Yes,Yes,8,"Sword, Shield",,Galarian,,Meowth,2,,Meowth-Galar,Miaouss de Galar,52,,,meowth-galar,"Meowth
(Galarian)",,meowth-galar,Steel,,,,"5,120",Field,,50.00%,50.00%,Pickup,Tough Claws,Unnerve,Intrepid Sword,Clamp,Water,,,
Yes,No,8,"Sword, Shield",,,Gigantamax,Meowth,3,,Gigantamax Meowth,Gigamax Miaouss,52,,,meowth-gmax,Meowth,,meowth-gmax,Normal,,,,"5,120",Field,,50.00%,50.00%,Pickup,Technician,Unnerve,Iron Barbs,Clanging Scales,Dragon,,,
Yes,Yes,1,"Red, Green, Blue, Yellow",,,,Meowth,4,28,Persian,Persian,53,,,persian,Persian,,persian,Normal,,,,"5,120",Field,,50.00%,50.00%,Limber,Technician,Unnerve,Iron Fist,Clangorous Soul,Dragon,,,
Yes,Yes,7,"Sun, Moon",,Alolan,,Meowth,5,2 (Happiness),Persian-Alola,Persian d'Alola,53,,,persian-alola,"Persian
(Alolan)",,persian-alola,Dark,,,,"5,120",Field,,50.00%,50.00%,Fur Coat,Technician,Rattled,Justified,Clangorous Soulblaze,Dragon,,,
Yes,Yes,1,"Red, Green, Blue, Yellow",,,,Psyduck,0,,Psyduck,Psykokwak,54,,,psyduck,Psyduck,,psyduck,Water,,,,"5,120",Water 1,Field,50.00%,50.00%,Damp,Cloud Nine,Swift Swim,Keen Eye,Clear Smog,Poison,,,
Yes,Yes,8,Pokémon Legends Arceus,,,Alpha,Psyduck,1,,Alpha Psyduck,Baron Psykokwak,54,,,psyduck,Psyduck,,psyduck-alpha,Water,,,,"5,120",Water 1,Field,50.00%,50.00%,Damp,Cloud Nine,Swift Swim,Keen Eye,Clear Smog,Poison,,,
Yes,Yes,1,"Red, Green, Blue, Yellow",,,,Psyduck,2,33,Golduck,Akwakwak,55,,,golduck,Golduck,,golduck,Water,,,,"5,120",Water 1,Field,50.00%,50.00%,Damp,Cloud Nine,Swift Swim,Klutz,Close Combat,Fighting,,,
Yes,Yes,8,Pokémon Legends Arceus,,,Alpha,Psyduck,3,33,Alpha Golduck,Baron Akwakwak,55,,,golduck,Golduck,,golduck-alpha,Water,,,,"5,120",Water 1,Field,50.00%,50.00%,Damp,Cloud Nine,Swift Swim,Klutz,Close Combat,Fighting,,,
Yes,Yes,1,"Red, Green, Blue, Yellow",,,,Mankey,0,,Mankey,Férosinge,56,,,mankey,Mankey,,mankey,Fighting,,,,"5,120",Field,,50.00%,50.00%,Vital Spirit,Anger Point,Defiant,Leaf Guard,Coil,Poison,,,
Yes,Yes,1,"Red, Green, Blue, Yellow",,,,Mankey,1,28,Primeape,Colossinge,57,,,primeape,Primeape,,primeape,Fighting,,,,"5,120",Field,,50.00%,50.00%,Vital Spirit,Anger Point,Defiant,Levitate,Comet Punch,Normal,,,
Yes,Yes,1,"Red, Green, Blue, Yellow",,,,Growlithe,0,,Growlithe,Caninos,58,,,growlithe,Growlithe,,growlithe,Fire,,,,"5,120",Field,,75.00%,25.00%,Intimidate,Flash Fire,Justified,Libero,Confide,Normal,,,
Yes,Yes,8,Pokémon Legends Arceus,,Hisuian,,Growlithe,1,,Growlithe-Hisui,Caninos de Hisui,58,,,growlithe-hisui,Growlithe (Hisuian),,growlithe-hisui,Fire,,Rock,,,,,,,,,,,,,,,
Yes,Yes,8,Pokémon Legends Arceus,,Hisuian,Alpha,Growlithe,2,,Alpha Growlithe-Hisui,Baron Caninos de Hisui,58,,,growlithe-hisui,Growlithe (Hisuian),,growlithe-hisui-alpha,Fire,,Rock,,,,,,,,,,,,,,,
Yes,Yes,1,"Red, Green, Blue, Yellow",,,,Growlithe,3,Fire Stone,Arcanine,Arcanin,59,,,arcanine,Arcanine,,arcanine,Fire,,,,"5,120",Field,,75.00%,25.00%,Intimidate,Flash Fire,Justified,Light Metal,Confuse Ray,Ghost,,,
Yes,Yes,8,"Sword, Shield",,Hisuian,,Growlithe,4,Fire Stone-Hisui,Arcanine-Hisui,Arcanin de Hisui,59,,,arcanine-hisui,Arcanine (Hisuian),,arcanine-hisui,Fire,,Rock,,,,,,,,,,,,,,,
Yes,Yes,8,Pokémon Legends Arceus,,Hisuian,Alpha,Growlithe,5,Fire Stone-Hisui,Alpha Arcanine-Hisui,Baron Arcanin de Hisui,59,,,arcanine-hisui,Arcanine (Hisuian),,arcanine-hisui-alpha,Fire,,Rock,,,,,,,,,,,,,,,
Yes,Yes,1,"Red, Green, Blue, Yellow",,,,Poliwag,0,,Poliwag,Ptitard,60,,,poliwag,Poliwag,,poliwag,Water,,,,"5,120",Water 1,,50.00%,50.00%,Water Absorb,Damp,Swift Swim,Lightning Rod,Confusion,Pyschic,,,
Yes,Yes,1,"Red, Green, Blue, Yellow",,,,Poliwag,1,25,Poliwhirl,Têtarte,61,,,poliwhirl,Poliwhirl,,poliwhirl,Water,,,,"5,120",Water 1,,50.00%,50.00%,Water Absorb,Damp,Swift Swim,Limber,Constrict,Normal,,,
Yes,Yes,1,"Red, Green, Blue, Yellow",,,,Poliwag,2,Water Stone,Poliwrath,Tartard,62,,,poliwrath,Poliwrath,,poliwrath,Water,,Fighting,,"5,120",Water 1,,50.00%,50.00%,Water Absorb,Damp,Swift Swim,Liquid Ooze,Continental Crush,Rock,,,
Yes,Yes,1,"Red, Green, Blue, Yellow",,,,Abra,0,,Abra,Abra,63,,,abra,Abra,,abra,Pyschic,,,,"5,120",Human-Like,,75.00%,25.00%,Synchronize,Inner Focus,Magic Guard,Liquid Voice,Conversion,Normal,,,
Yes,Yes,8,Pokémon Legends Arceus,,,Alpha,Abra,1,,Alpha Abra,Baron Abra,63,,,abra,Abra,,abra-alpha,Pyschic,,,,"5,120",Human-Like,,75.00%,25.00%,Synchronize,Inner Focus,Magic Guard,Liquid Voice,Conversion,Normal,,,
Yes,Yes,1,"Red, Green, Blue, Yellow",,,,Abra,2,16,Kadabra,Kadabra,64,,,kadabra,Kadabra,,kadabra,Pyschic,,,,"5,120",Human-Like,,75.00%,25.00%,Synchronize,Inner Focus,Magic Guard,Long Reach,Conversion 2,Normal,,,
Yes,Yes,8,Pokémon Legends Arceus,,,Alpha,Abra,3,16,Alpha Kadabra,Baron Kadabra,64,,,kadabra,Kadabra,,kadabra-alpha,Pyschic,,,,"5,120",Human-Like,,75.00%,25.00%,Synchronize,Inner Focus,Magic Guard,Long Reach,Conversion 2,Normal,,,
Yes,Yes,4,"Diamond, Pearl, Platinium",Gender,,,Abra,4,16,Kadabra ♀,Kadabra ♀,64,,,kadabra,Kadabra,,kadabra-f,Pyschic,,,,"5,120",Human-Like,,75.00%,25.00%,Synchronize,Inner Focus,Magic Guard,Magic Bounce,Copycat,Normal,,,
Yes,Yes,8,Pokémon Legends Arceus,Gender,,Alpha,Abra,5,16,Alpha Kadabra ♀,Baron Kadabra ♀,64,,,kadabra,Kadabra,,kadabra-alpha-f,Pyschic,,,,"5,120",Human-Like,,75.00%,25.00%,Synchronize,Inner Focus,Magic Guard,Magic Bounce,Copycat,Normal,,,
Yes,Yes,1,"Red, Green, Blue, Yellow",,,,Abra,6,Trade,Alakazam,Alakazam,65,,,alakazam,Alakazam,,alakazam,Pyschic,,,,"5,120",Human-Like,,75.00%,25.00%,Synchronize,Inner Focus,Magic Guard,Magic Guard,Core Enforcer,Dragon,,,
Yes,Yes,8,Pokémon Legends Arceus,,,Alpha,Abra,7,Trade,Alpha Alakazam,Baron Alakazam,65,,,alakazam,Alakazam,,alakazam-alpha,Pyschic,,,,"5,120",Human-Like,,75.00%,25.00%,Synchronize,Inner Focus,Magic Guard,Magic Guard,Core Enforcer,Dragon,,,
Yes,Yes,4,"Diamond, Pearl, Platinium",Gender,,,Abra,8,Trade,Alakazam ♀,Alakazam ♀,65,,,alakazam,Alakazam,,alakazam-f,Pyschic,,,,"5,120",Human-Like,,75.00%,25.00%,Synchronize,Inner Focus,Magic Guard,Magician,Corkscrew Crash,Steel,,,
Yes,Yes,8,Pokémon Legends Arceus,Gender,,Alpha,Abra,9,Trade,Alpha Alakazam ♀,Baron Alakazam ♀,65,,,alakazam,Alakazam,,alakazam-alpha-f,Pyschic,,,,"5,120",Human-Like,,75.00%,25.00%,Synchronize,Inner Focus,Magic Guard,Magician,Corkscrew Crash,Steel,,,
No,No,6,"X, Y",,,Mega,Abra,10,,Mega Alakazam,Mega Alakazam,65,,,alakazam-mega,Alakazam,Yes,alakazam-mega,Pyschic,,,,"5,120",Human-Like,,75.00%,25.00%,Trace,,,Magma Armor,Cosmic Power,Pyschic,,,
Yes,Yes,1,"Red, Green, Blue, Yellow",,,,Machop,0,,Machop,Machoc,66,,,machop,Machop,,machop,Fighting,,,,"5,120",Human-Like,,75.00%,25.00%,Guts,No Guard,Steadfast,Magnet Pull,Cotton Guard,Grass,,,
Yes,Yes,8,Pokémon Legends Arceus,,,Alpha,Machop,1,,Alpha Machop,Baron Machoc,66,,,machop,Machop,,machop-alpha,Fighting,,,,"5,120",Human-Like,,75.00%,25.00%,Guts,No Guard,Steadfast,Magnet Pull,Cotton Guard,Grass,,,
Yes,Yes,1,"Red, Green, Blue, Yellow",,,,Machop,2,28,Machoke,Machopeur,67,,,machoke,Machoke,,machoke,Fighting,,,,"5,120",Human-Like,,75.00%,25.00%,Guts,No Guard,Steadfast,Marvel Scale,Cotton Spore,Grass,,,
Yes,Yes,8,Pokémon Legends Arceus,,,Alpha,Machop,3,28,Alpha Machoke,Baron Machopeur,67,,,machoke,Machoke,,machoke-alpha,Fighting,,,,"5,120",Human-Like,,75.00%,25.00%,Guts,No Guard,Steadfast,Marvel Scale,Cotton Spore,Grass,,,
Yes,Yes,1,"Red, Green, Blue, Yellow",,,,Machop,4,Trade,Machamp,Mackogneur,68,,,machamp,Machamp,,machamp,Fighting,,,,"5,120",Human-Like,,75.00%,25.00%,Guts,No Guard,Steadfast,Mega Launcher,Counter,Fighting,,,
Yes,Yes,8,Pokémon Legends Arceus,,,Alpha,Machop,5,Trade,Alpha Machamp,Baron Mackogneur,68,,,machamp,Machamp,,machamp-alpha,Fighting,,,,"5,120",Human-Like,,75.00%,25.00%,Guts,No Guard,Steadfast,Mega Launcher,Counter,Fighting,,,
Yes,No,8,"Sword, Shield",,,Gigantamax,Machop,6,,Gigantamax Machamp,Gigamax Mackogneur,68,,,machamp-gmax,Machamp,,machamp-gmax,Fighting,,,,"5,120",Human-Like,,75.00%,25.00%,Guts,No Guard,Steadfast,Merciless,Court Change,Normal,,,
Yes,Yes,1,"Red, Green, Blue, Yellow",,,,Bellsprout,0,,Bellsprout,Chétiflor,69,,,bellsprout,Bellsprout,,bellsprout,Grass,,Poison,,"5,120",Grass,,50.00%,50.00%,Chlorophyll,,Gluttony,Mimicry,Covet,Normal,,,
Yes,Yes,1,"Red, Green, Blue, Yellow",,,,Bellsprout,1,21,Weepinbell,Boustiflor,70,,,weepinbell,Weepinbell,,weepinbell,Grass,,Poison,,"5,120",Grass,,50.00%,50.00%,Chlorophyll,,Gluttony,Minus,Crabhammer,Water,,,
Yes,Yes,1,"Red, Green, Blue, Yellow",,,,Bellsprout,2,Leaf Stone,Victreebel,Empiflor,71,,,victreebel,Victreebel,,victreebel,Grass,,Poison,,"5,120",Grass,,50.00%,50.00%,Chlorophyll,,Gluttony,Mirror Armor,Crafty Shield,Fairy,,,
Yes,Yes,1,"Red, Green, Blue, Yellow",,,,Tentacool,0,,Tentacool,Tentacool,72,,,tentacool,Tentacool,,tentacool,Water,,Poison,,"5,120",Water 3,,50.00%,50.00%,Clear Body,Liquid Ooze,Rain Dish,Misty Surge,Cross Chop,Fighting,,,
Yes,Yes,8,Pokémon Legends Arceus,,,Alpha,Tentacool,1,,Alpha Tentacool,Baron Tentacool,72,,,tentacool,Tentacool,,tentacool-alpha,Water,,Poison,,"5,120",Water 3,,50.00%,50.00%,Clear Body,Liquid Ooze,Rain Dish,Misty Surge,Cross Chop,Fighting,,,
Yes,Yes,1,"Red, Green, Blue, Yellow",,,,Tentacool,2,30,Tentacruel,Tentacruel,73,,,tentacruel,Tentacruel,,tentacruel,Water,,Poison,,"5,120",Water 3,,50.00%,50.00%,Clear Body,Liquid Ooze,Rain Dish,Mold Breaker,Cross Poison,Poison,,,
Yes,Yes,8,Pokémon Legends Arceus,,,Alpha,Tentacool,3,30,Alpha Tentacruel,Baron Tentacruel,73,,,tentacruel,Tentacruel,,tentacruel-alpha,Water,,Poison,,"5,120",Water 3,,50.00%,50.00%,Clear Body,Liquid Ooze,Rain Dish,Mold Breaker,Cross Poison,Poison,,,
Yes,Yes,1,"Red, Green, Blue, Yellow",,,,Geodude,0,,Geodude,Racaillou,74,,,geodude,Geodude,,geodude,Rock,,Ground,,"3,840",Mineral,,50.00%,50.00%,Rock Head,Sturdy,Sand Veil,Moody,Crunch,Dark,,,
Yes,Yes,8,Pokémon Legends Arceus,,,Alpha,Geodude,1,,Alpha Geodude,Baron Racaillou,74,,,geodude,Geodude,,geodude-alpha,Rock,,Ground,,"3,840",Mineral,,50.00%,50.00%,Rock Head,Sturdy,Sand Veil,Moody,Crunch,Dark,,,
Yes,Yes,7,"Sun, Moon",,Alolan,,Geodude,2,,Geodude-Alola,Racaillou d'Alola,74,,,geodude-alola,"Geodude
(Alolan)",,geodude-alola,Rock,,Electric,,"3,840",Mineral,,50.00%,50.00%,Magnet Pull,Sturdy,Galvanize,Motor Drive,Crush Claw,Normal,,,
Yes,Yes,1,"Red, Green, Blue, Yellow",,,,Geodude,3,25,Graveler,Gravalanch,75,,,graveler,Graveler,,graveler,Rock,,Ground,,"3,840",Mineral,,50.00%,50.00%,Rock Head,Sturdy,Sand Veil,Moxie,Crush Grip,Normal,,,
Yes,Yes,8,Pokémon Legends Arceus,,,Alpha,Geodude,4,25,Alpha Graveler,Baron Gravalanch,75,,,graveler,Graveler,,graveler-alpha,Rock,,Ground,,"3,840",Mineral,,50.00%,50.00%,Rock Head,Sturdy,Sand Veil,Moxie,Crush Grip,Normal,,,
Yes,Yes,7,"Sun, Moon",,Alolan,,Geodude,5,25,Graveler-Alola,Gravalanch d'Alola,75,,,graveler-alola,"Graveler
(Alolan)",,graveler-alola,Rock,,Electric,,"3,840",Mineral,,50.00%,50.00%,Magnet Pull,Sturdy,Galvanize,Multiscale,Curse,Ghost,,,
Yes,Yes,1,"Red, Green, Blue, Yellow",,,,Geodude,6,Trade,Golem,Grolem,76,,,golem,Golem,,golem,Rock,,Ground,,"3,840",Mineral,,50.00%,50.00%,Rock Head,Sturdy,Sand Veil,Multitype,Cut,Normal,,,
Yes,Yes,8,Pokémon Legends Arceus,,,Alpha,Geodude,7,Trade,Alpha Golem,Baron Grolem,76,,,golem,Golem,,golem-alpha,Rock,,Ground,,"3,840",Mineral,,50.00%,50.00%,Rock Head,Sturdy,Sand Veil,Multitype,Cut,Normal,,,
Yes,Yes,7,"Sun, Moon",,Alolan,,Geodude,8,Trade,Golem-Alola,Grolem d'Alola,76,,,golem-alola,"Golem
(Alolan)",,golem-alola,Rock,,Electric,,"3,840",Mineral,,50.00%,50.00%,Magnet Pull,Sturdy,Galvanize,Mummy,Dark Pulse,Dark,,,
Yes,Yes,1,"Red, Green, Blue, Yellow",,,,Ponyta,0,,Ponyta,Ponyta,77,,,ponyta,Ponyta,,ponyta,Fire,,,,"5,120",Field,,50.00%,50.00%,Run Away,Flash Fire,Flame Body,Natural Cure,Dark Void,Dark,,,
Yes,Yes,8,Pokémon Legends Arceus,,,Alpha,Ponyta,1,,Alpha Ponyta,Baron Ponyta,77,,,ponyta,Ponyta,,ponyta-alpha,Fire,,,,"5,120",Field,,50.00%,50.00%,Run Away,Flash Fire,Flame Body,Natural Cure,Dark Void,Dark,,,
Yes,Yes,8,"Sword, Shield",,Galarian,,Ponyta,2,,Ponyta-Galar,Ponyta de Galar,77,,,ponyta-galar,"Ponyta
(Galarian)",,ponyta-galar,Pyschic,,,,"5,120",Field,,50.00%,50.00%,Run Away,Pastel Veil,Anticipation,Neuroforce,Darkest Lariat,Dark,,,
Yes,Yes,1,"Red, Green, Blue, Yellow",,,,Ponyta,3,40,Rapidash,Galopa,78,,,rapidash,Rapidash,,rapidash,Fire,,,,"5,120",Field,,50.00%,50.00%,Run Away,Flash Fire,Flame Body,Neutralizing Gas,Dazzling Gleam,Fairy,,,
Yes,Yes,8,Pokémon Legends Arceus,,,Alpha,Ponyta,4,40,Alpha Rapidash,Baron Galopa,78,,,rapidash,Rapidash,,rapidash-alpha,Fire,,,,"5,120",Field,,50.00%,50.00%,Run Away,Flash Fire,Flame Body,Neutralizing Gas,Dazzling Gleam,Fairy,,,
Yes,Yes,8,"Sword, Shield",,Galarian,,Ponyta,5,40,Rapidash-Galar,Galopa de Galar,78,,,rapidash-galar,"Rapidash
(Galarian)",,rapidash-galar,Pyschic,,Fairy,,"5,120",Field,,50.00%,50.00%,Run Away,Pastel Veil,Anticipation,No Guard,Decorate,Fairy,,,
Yes,Yes,1,"Red, Green, Blue, Yellow",,,,Slowpoke,0,,Slowpoke,Ramoloss,79,,,slowpoke,Slowpoke,,slowpoke,Water,,Pyschic,,"5,120",Monster,Water 1,50.00%,50.00%,Oblivious,Own Tempo,Regenerator,Normalize,Defend Order,Bug,,,
Yes,Yes,8,"Sword, Shield",,Galarian,,Slowpoke,1,,Slowpoke-Galar,Ramoloss de Galar,79,,,slowpoke-galar,"Slowpoke
(Galarian)",,slowpoke-galar,Pyschic,,,,"5,120",Monster,Water 1,50.00%,50.00%,Gluttony,Own Tempo,Regenerator,Oblivious,Defense Curl,Normal,,,
Yes,Yes,1,"Red, Green, Blue, Yellow",,,,Slowpoke,2,37,Slowbro,Flagadoss,80,,,slowbro,Slowbro,,slowbro,Water,,Pyschic,,"5,120",Monster,Water 1,50.00%,50.00%,Oblivious,Own Tempo,Regenerator,Overcoat,Defog,Flying,,,
Yes,Yes,8,"Sword, Shield",,Galarian,,Slowpoke,3,,Slowbro-Galar,Flagadoss de Galar,80,,,slowbro-galar,"Slowbro
(Galarian)",,slowbro-galar,Pyschic,,,,"5,120",Monster,Water 1,50.00%,50.00%,Gluttony,Own Tempo,Regenerator,Oblivious,Defense Curl,Normal,,,
No,No,6,"X, Y",,,Mega,Slowpoke,4,,Mega Slowbro,Mega Flagadoss,80,,,slowbro-mega,Slowbro,Yes,slowbro-mega,Water,,Pyschic,,"5,120",Monster,Water 1,50.00%,50.00%,Shell Armor,,,Overgrow,Destiny Bond,Ghost,,,
Yes,Yes,1,"Red, Green, Blue, Yellow",,,,Magnemite,0,,Magnemite,Magnéti,81,,,magnemite,Magnemite,,magnemite,Electric,,Steel,,"5,120",Mineral,,○,○,Magnet Pull,Sturdy,Analytic,Own Tempo,Detect,Fighting,,,
Yes,Yes,8,Pokémon Legends Arceus,,,Alpha,Magnemite,1,,Alpha Magnemite,Baron Magnéti,81,,,magnemite,Magnemite,,magnemite-alpha,Electric,,Steel,,"5,120",Mineral,,○,○,Magnet Pull,Sturdy,Analytic,Own Tempo,Detect,Fighting,,,
Yes,Yes,1,"Red, Green, Blue, Yellow",,,,Magnemite,2,30,Magneton,Magnéton,82,,,magneton,Magneton,,magneton,Electric,,Steel,,"5,120",Mineral,,○,○,Magnet Pull,Sturdy,Analytic,Parental Bond,Devastating Drake,Dragon,,,
Yes,Yes,8,Pokémon Legends Arceus,,,Alpha,Magnemite,3,30,Alpha Magneton,Baron Magnéton,82,,,magneton,Magneton,,magneton-alpha,Electric,,Steel,,"5,120",Mineral,,○,○,Magnet Pull,Sturdy,Analytic,Parental Bond,Devastating Drake,Dragon,,,
Yes,Yes,1,"Red, Green, Blue, Yellow",,,,Farfetch'd,0,,Farfetch'd,Canarticho,83,,,farfetchd,Farfetch'd,,farfetchd,Normal,,Flying,,"5,120",Flying,Field,50.00%,50.00%,Keen Eye,Inner Focus,Defiant,Pastel Veil,Diamond Storm,Rock,,,
Yes,Yes,8,"Sword, Shield",,Galarian,,Farfetch'd,1,,Farfetch'd-Galar,Canarticho de Galar,83,,,farfetchd-galar,"Farfetch'd
(Galarian)",,farfetchd-galar,Fighting,,,,"5,120",Flying,Field,50.00%,50.00%,Steadfast,,Scrappy,Perish Body,Dig,Ground,,,
Yes,Yes,1,"Red, Green, Blue, Yellow",,,,Doduo,0,,Doduo,Doduo,84,,,doduo,Doduo,,doduo,Normal,,Flying,,"5,120",Flying,,50.00%,50.00%,Run Away,Early Bird,Tangled Feet,Pickpocket,Disable,Normal,,,
Yes,Yes,4,"Diamond, Pearl, Platinium",Gender,,,Doduo,1,,Doduo ♀,Doduo ♀,84,,,doduo,Doduo,,doduo-f,Normal,,Flying,,"5,120",Flying,,50.00%,50.00%,Run Away,Early Bird,Tangled Feet,Pickup,Disarming Voice,Fairy,,,
Yes,Yes,1,"Red, Green, Blue, Yellow",,,,Doduo,2,31,Dodrio,Dodrio,85,,,dodrio,Dodrio,,dodrio,Normal,,Flying,,"5,120",Flying,,50.00%,50.00%,Run Away,Early Bird,Tangled Feet,Pixilate,Discharge,Electric,,,
Yes,Yes,4,"Diamond, Pearl, Platinium",Gender,,,Doduo,3,31,Dodrio ♀,Dodrio ♀,85,,,dodrio,Dodrio,,dodrio-f,Normal,,Flying,,"5,120",Flying,,50.00%,50.00%,Run Away,Early Bird,Tangled Feet,Plus,Dive,Water,,,
Yes,Yes,1,"Red, Green, Blue, Yellow",,,,Seel,0,,Seel,Otaria,86,,,seel,Seel,,seel,Water,,,,"5,120",Water 1,Field,50.00%,50.00%,Thick Fat,Hydration,Ice Body,Poison Heal,Dizzy Punch,Normal,,,
Yes,Yes,1,"Red, Green, Blue, Yellow",,,,Seel,1,34,Dewgong,Lamantine,87,,,dewgong,Dewgong,,dewgong,Water,,Ice,,"5,120",Water 1,Field,50.00%,50.00%,Thick Fat,Hydration,Ice Body,Poison Point,Doom Desire,Steel,,,
Yes,Yes,1,"Red, Green, Blue, Yellow",,,,Grimer,0,,Grimer,Tadmorv,88,,,grimer,Grimer,,grimer,Poison,,,,"5,120",Amorphous,,50.00%,50.00%,Stench,Sticky Hold,Poison Touch,Poison Touch,Double Hit,Normal,,,
Yes,Yes,7,"Sun, Moon",,Alolan,,Grimer,1,,Grimer-Alola,Tadmorv d'Alola,88,,,grimer-alola,"Grimer
(Alolan)",,grimer-alola,Poison,,Dark,,"5,120",Amorphous,,50.00%,50.00%,Poison Touch,Gluttony,Power of Alchemy,Power Construct,Double Kick,Fighting,,,
Yes,Yes,1,"Red, Green, Blue, Yellow",,,,Grimer,2,38,Muk,Grotadmorv,89,,,muk,Muk,,muk,Poison,,,,"5,120",Amorphous,,50.00%,50.00%,Stench,Sticky Hold,Poison Touch,Power of Alchemy,Double Slap,Normal,,,
Yes,Yes,7,"Sun, Moon",,Alolan,,Grimer,3,38,Muk-Alola,Grotadmorv d'Alola,89,,,muk-alola,"Muk
(Alolan)",,muk-alola,Poison,,Dark,,"5,120",Amorphous,,50.00%,50.00%,Poison Touch,Gluttony,Power of Alchemy,Power Spot,Double Team,Normal,,,
Yes,Yes,1,"Red, Green, Blue, Yellow",,,,Shellder,0,,Shellder,Kokiyas,90,,,shellder,Shellder,,shellder,Water,,,,"5,120",Water 3,,50.00%,50.00%,Shell Armor,Skill Link,Overcoat,Prankster,Double-Edge,Normal,,,
Yes,Yes,1,"Red, Green, Blue, Yellow",,,,Shellder,1,Water Stone,Cloyster,Crustabri,91,,,cloyster,Cloyster,,cloyster,Water,,Ice,,"5,120",Water 3,,50.00%,50.00%,Shell Armor,Skill Link,Overcoat,Pressure,Draco Meteor,Dragon,,,
Yes,Yes,1,"Red, Green, Blue, Yellow",,,,Gastly,0,,Gastly,Fantominus,92,,,gastly,Gastly,,gastly,Ghost,,Poison,,"5,120",Amorphous,,50.00%,50.00%,Levitate,,,Primordial Sea,Dragon Ascent,Flying,,,
Yes,Yes,8,Pokémon Legends Arceus,,,Alpha,Gastly,1,,Alpha Gastly,Baron Fantominus,92,,,gastly,Gastly,,gastly-alpha,Ghost,,Poison,,"5,120",Amorphous,,50.00%,50.00%,Levitate,,,Primordial Sea,Dragon Ascent,Flying,,,
Yes,Yes,1,"Red, Green, Blue, Yellow",,,,Gastly,2,25,Haunter,Spectrum,93,,,haunter,Haunter,,haunter,Ghost,,Poison,,"5,120",Amorphous,,50.00%,50.00%,Levitate,,,Prism Armor,Dragon Breath,Dragon,,,
Yes,Yes,8,Pokémon Legends Arceus,,,Alpha,Gastly,3,25,Alpha Haunter,Baron Spectrum,93,,,haunter,Haunter,,haunter-alpha,Ghost,,Poison,,"5,120",Amorphous,,50.00%,50.00%,Levitate,,,Prism Armor,Dragon Breath,Dragon,,,
Yes,Yes,1,"Red, Green, Blue, Yellow",,,,Gastly,4,Trade,Gengar,Ectoplasma,94,,,gengar,Gengar,,gengar,Ghost,,Poison,,"5,120",Amorphous,,50.00%,50.00%,Cursed Body,,,Propeller Tail,Dragon Claw,Dragon,,,
Yes,Yes,8,Pokémon Legends Arceus,,,Alpha,Gastly,5,Trade,Alpha Gengar,Baron Ectoplasma,94,,,gengar,Gengar,,gengar-alpha,Ghost,,Poison,,"5,120",Amorphous,,50.00%,50.00%,Cursed Body,,,Propeller Tail,Dragon Claw,Dragon,,,
No,No,6,"X, Y",,,Mega,Gastly,6,,Mega Gengar,Mega Ectoplasma,94,,,gengar-mega,Gengar,Yes,gengar-mega,Ghost,,Poison,,"5,120",Amorphous,,50.00%,50.00%,Shadow Tag,,,Protean,Dragon Dance,Dragon,,,
Yes,No,8,"Sword, Shield",,,Gigantamax,Gastly,7,,Gigantamax Gengar,Gigamax Ectoplasma,94,,,gengar-gmax,Gengar,,gengar-gmax,Ghost,,Poison,,"5,120",Amorphous,,50.00%,50.00%,Cursed Body,,,Psychic Surge,Dragon Darts,Dragon,,,
Yes,Yes,1,"Red, Green, Blue, Yellow",,,,Onix,0,,Onix,Onix,95,,,onix,Onix,,onix,Rock,,Ground,,"6,400",Mineral,,50.00%,50.00%,Rock Head,Sturdy,Weak Armor,Punk Rock,Dragon Hammer,Dragon,,,
Yes,Yes,8,Pokémon Legends Arceus,,,Alpha,Onix,1,,Alpha Onix,Baron Onix,95,,,onix,Onix,,onix-alpha,Rock,,Ground,,"6,400",Mineral,,50.00%,50.00%,Rock Head,Sturdy,Weak Armor,Punk Rock,Dragon Hammer,Dragon,,,
Yes,Yes,1,"Red, Green, Blue, Yellow",,,,Drowzee,0,,Drowzee,Soporifik,96,,,drowzee,Drowzee,,drowzee,Pyschic,,,,"5,120",Human-Like,,50.00%,50.00%,Insomnia,Forewarn,Inner Focus,Pure Power,Dragon Pulse,Dragon,,,
Yes,Yes,1,"Red, Green, Blue, Yellow",,,,Drowzee,1,26,Hypno,Hypnomade,97,,,hypno,Hypno,,hypno,Pyschic,,,,"5,120",Human-Like,,50.00%,50.00%,Insomnia,Forewarn,Inner Focus,Queenly Majesty,Dragon Rage,Dragon,,,
Yes,Yes,4,"Diamond, Pearl, Platinium",Gender,,,Drowzee,2,26,Hypno ♀,Hypnomade ♀,97,,,hypno,Hypno,,hypno-f,Pyschic,,,,"5,120",Human-Like,,50.00%,50.00%,Insomnia,Forewarn,Inner Focus,Quick Feet,Dragon Rush,Dragon,,,
Yes,Yes,1,"Red, Green, Blue, Yellow",,,,Krabby,0,,Krabby,Krabby,98,,,krabby,Krabby,,krabby,Water,,,,"5,120",Water 3,,50.00%,50.00%,Hyper Cutter,Shell Armor,Sheer Force,Rain Dish,Dragon Tail,Dragon,,,
Yes,Yes,1,"Red, Green, Blue, Yellow",,,,Krabby,1,28,Kingler,Krabboss,99,,,kingler,Kingler,,kingler,Water,,,,"5,120",Water 3,,50.00%,50.00%,Hyper Cutter,Shell Armor,Sheer Force,Rattled,Drain Punch,Fighting,,,
Yes,No,8,"Sword, Shield",,,Gigantamax,Krabby,2,,Gigantamax Kingler,Gigamax Krabboss,99,,,kingler-gmax,Kingler,,kingler-gmax,Water,,,,"5,120",Water 3,,50.00%,50.00%,Hyper Cutter,Shell Armor,Sheer Force,Receiver,Draining Kiss,Fairy,,,
Yes,Yes,1,"Red, Green, Blue, Yellow",,,,Voltorb,0,,Voltorb,Voltorbe,100,,,voltorb,Voltorb,,voltorb,Electric,,,,"5,120",Mineral,,○,○,Soundproof,Static,Aftermath,Reckless,Dream Eater,Pyschic,,,
Yes,Yes,8,Pokémon Legends Arceus,,Hisuian,,Voltorb,1,,Voltorb-Hisui,Voltorbe de Hisui,100,,,voltorb-hisui,Voltorb (Hisuian),,voltorb-hisui,Electric,,Grass,,,,,,,,,,,,,,,
Yes,Yes,8,Pokémon Legends Arceus,,Hisuian,Alpha,Voltorb,2,,Alpha Voltorb-Hisui,Baron Voltorbe de Hisui,100,,,voltorb-hisui,Voltorb (Hisuian),,voltorb-hisui-alpha,Electric,,Grass,,,,,,,,,,,,,,,
Yes,Yes,1,"Red, Green, Blue, Yellow",,,,Voltorb,3,30,Electrode,Électrode,101,,,electrode,Electrode,,electrode,Electric,,,,"5,120",Mineral,,○,○,Soundproof,Static,Aftermath,Refrigerate,Drill Peck,Flying,,,
Yes,Yes,8,Pokémon Legends Arceus,,Hisuian,,Voltorb,4,30,Electrode-Hisui,Électrode de Hisui,101,,,electrode,Electrode (Hisuian),,electrode-hisui,Electric,,,,"5,120",Mineral,,○,○,Soundproof,Static,Aftermath,Refrigerate,Drill Peck,Flying,,,
Yes,Yes,8,Pokémon Legends Arceus,,Hisuian,Alpha,Voltorb,5,30,Alpha Electrode-Hisui,Alpha Électrode de Hisui,101,,,electrode,Electrode (Hisuian),,electrode-hisui-alpha,Electric,,,,"5,120",Mineral,,○,○,Soundproof,Static,Aftermath,Refrigerate,Drill Peck,Flying,,,
Yes,Yes,1,"Red, Green, Blue, Yellow",,,,Exeggcute,0,,Exeggcute,Noeunoeuf,102,,,exeggcute,Exeggcute,,exeggcute,Grass,,Pyschic,,"5,120",Grass,,50.00%,50.00%,Chlorophyll,,Harvest,Regenerator,Drill Run,Ground,,,
Yes,Yes,1,"Red, Green, Blue, Yellow",,,,Exeggcute,1,Leaf Stone,Exeggutor,Noadkoko,103,,,exeggutor,Exeggutor,,exeggutor,Grass,,Pyschic,,"5,120",Grass,,50.00%,50.00%,Chlorophyll,,Harvest,Ripen,Drum Beating,Grass,,,
Yes,Yes,7,"Sun, Moon",,Alolan,,Exeggcute,2,Leaf Stone,Exeggutor-Alola,Noadkoko d'Alola,103,,,exeggutor-alola,"Exeggutor
(Alolan)",,exeggutor-alola,Grass,,Dragon,,"5,120",Grass,,50.00%,50.00%,Frisk,,Harvest,Rivalry,Dual Chop,Dragon,,,
Yes,Yes,1,"Red, Green, Blue, Yellow",,,,Cubone,0,,Cubone,Osselait,104,,,cubone,Cubone,,cubone,Ground,,,,"5,120",Monster,,50.00%,50.00%,Rock Head,Lightning Rod,Battle Armor,RKS System,Dynamax Cannon,Dragon,,,
Yes,Yes,1,"Red, Green, Blue, Yellow",,,,Cubone,1,28,Marowak,Ossatueur,105,,,marowak,Marowak,,marowak,Ground,,,,"5,120",Monster,,50.00%,50.00%,Rock Head,Lightning Rod,Battle Armor,Rock Head,Dynamic Punch,Fighting,,,
Yes,Yes,7,"Sun, Moon",,Alolan,,Cubone,2,28 (Night),Marowak-Alola,Ossatueur d'Alola,105,,,marowak-alola,"Marowak
(Alolan)",,marowak-alola,Fire,,Ghost,,"5,120",Monster,,50.00%,50.00%,Cursed Body,Lightning Rod,Rock Head,Rough Skin,Earth Power,Ground,,,
Yes,No,7,"Sun, Moon",,Alolan,Totem,Cubone,3,,Totem Marowak-Alola,Totem Ossatueur d'Alola,105,,,marowak-alola,"Marowak
(Alolan)",,marowak-alola-totem,Fire,,Ghost,,"5,120",Monster,,50.00%,50.00%,Rock Head,,,Run Away,Earthquake,Ground,,,
Yes,Yes,1,"Red, Green, Blue, Yellow",,,,Hitmonlee,0,20 (A>D),Hitmonlee,Kicklee,106,,,hitmonlee,Hitmonlee,,hitmonlee,Fighting,,,,"6,400",Human-Like,,100.00%,0.00%,Limber,Reckless,Unburden,Sand Force,Echoed Voice,Normal,,,
Yes,Yes,1,"Red, Green, Blue, Yellow",,,,Hitmonlee,1,20 (A<D),Hitmonchan,Tygnon,107,,,hitmonchan,Hitmonchan,,hitmonchan,Fighting,,,,"6,400",Human-Like,,100.00%,0.00%,Keen Eye,Iron Fist,Inner Focus,Sand Rush,Eerie Impulse,Electric,,,
Yes,Yes,1,"Red, Green, Blue, Yellow",,,,Lickitung,0,,Lickitung,Excelangue,108,,,lickitung,Lickitung,,lickitung,Normal,,,,"5,120",Monster,,50.00%,50.00%,Own Tempo,Oblivious,Cloud Nine,Sand Spit,Egg Bomb,Normal,,,
Yes,Yes,8,Pokémon Legends Arceus,,,Alpha,Lickitung,1,,Alpha Lickitung,Baron Excelangue,108,,,lickitung,Lickitung,,lickitung-alpha,Normal,,,,"5,120",Monster,,50.00%,50.00%,Own Tempo,Oblivious,Cloud Nine,Sand Spit,Egg Bomb,Normal,,,
Yes,Yes,1,"Red, Green, Blue, Yellow",,,,Koffing,0,,Koffing,Smogo,109,,,koffing,Koffing,,koffing,Poison,,,,"5,120",Amorphous,,50.00%,50.00%,Levitate,,,Sand Stream,Electric Terrain,Electric,,,
Yes,Yes,1,"Red, Green, Blue, Yellow",,,,Koffing,1,35,Weezing,Smogogo,110,,,weezing,Weezing,,weezing,Poison,,,,"5,120",Amorphous,,50.00%,50.00%,Levitate,,,Sand Veil,Electrify,Electric,,,
Yes,Yes,8,"Sword, Shield",,Galarian,,Koffing,2,35,Weezing-Galar,Smogogo de Galar,110,,,weezing-galar,"Weezing
(Galarian)",,weezing-galar,Poison,,Fairy,,"5,120",Amorphous,,50.00%,50.00%,Levitate,Neutralizing Gas,Misty Surge,Sap Sipper,Electro Ball,Electric,,,
Yes,Yes,1,"Red, Green, Blue, Yellow",,,,Rhyhorn,0,,Rhyhorn,Rhinocorne,111,,,rhyhorn,Rhyhorn,,rhyhorn,Ground,,Rock,,"5,120",Monster,Field,50.00%,50.00%,Lightning Rod,Rock Head,Reckless,Schooling,Electroweb,Electric,,,
Yes,Yes,4,"Diamond, Pearl, Platinium",Gender,,,Rhyhorn,1,,Rhyhorn ♀,Rhinocorne ♀,111,,,rhyhorn,Rhyhorn,,rhyhorn-f,Ground,,Rock,,"5,120",Monster,Field,50.00%,50.00%,Lightning Rod,Rock Head,Reckless,Scrappy,Embargo,Dark,,,
Yes,Yes,8,Pokémon Legends Arceus,,,Alpha,Rhyhorn,2,,Alpha Rhyhorn,Baron Rhinocorne,111,,,rhyhorn,Rhyhorn,,rhyhorn-alpha,Ground,,Rock,,"5,120",Monster,Field,50.00%,50.00%,Lightning Rod,Rock Head,Reckless,Schooling,Electroweb,Electric,,,
Yes,Yes,8,Pokémon Legends Arceus,Gender,,Alpha,Rhyhorn,3,,Alpha Rhyhorn ♀,Baron Rhinocorne ♀,111,,,rhyhorn,Rhyhorn,,rhyhorn-alpha-f,Ground,,Rock,,"5,120",Monster,Field,50.00%,50.00%,Lightning Rod,Rock Head,Reckless,Scrappy,Embargo,Dark,,,
Yes,Yes,1,"Red, Green, Blue, Yellow",,,,Rhyhorn,4,42,Rhydon,Rhinoféros,112,,,rhydon,Rhydon,,rhydon,Ground,,Rock,,"5,120",Monster,Field,50.00%,50.00%,Lightning Rod,Rock Head,Reckless,Screen Cleaner,Ember,Fire,,,
Yes,Yes,4,"Diamond, Pearl, Platinium",Gender,,,Rhyhorn,5,42,Rhydon ♀,Rhinoféros ♀,112,,,rhydon,Rhydon,,rhydon-f,Ground,,Rock,,"5,120",Monster,Field,50.00%,50.00%,Lightning Rod,Rock Head,Reckless,Serene Grace,Encore,Normal,,,
Yes,Yes,8,Pokémon Legends Arceus,,,Alpha,Rhyhorn,6,42,Alpha Rhydon,Baron Rhinoféros,112,,,rhydon,Rhydon,,rhydon-alpha,Ground,,Rock,,"5,120",Monster,Field,50.00%,50.00%,Lightning Rod,Rock Head,Reckless,Screen Cleaner,Ember,Fire,,,
Yes,Yes,8,Pokémon Legends Arceus,Gender,,Alpha,Rhyhorn,7,42,Alpha Rhydon ♀,Baron Rhinoféros ♀,112,,,rhydon,Rhydon,,rhydon-alpha-f,Ground,,Rock,,"5,120",Monster,Field,50.00%,50.00%,Lightning Rod,Rock Head,Reckless,Serene Grace,Encore,Normal,,,
Yes,Yes,1,"Red, Green, Blue, Yellow",,,,Chansey,0,2 (Day + Oval Stone),Chansey,Leveinard,113,,,chansey,Chansey,,chansey,Normal,,,,"10,240",Fairy,,0.00%,100.00%,Natural Cure,Serene Grace,Healer,Shadow Shield,Endeavor,Normal,,,
Yes,Yes,8,Pokémon Legends Arceus,,,Alpha,Chansey,1,2 (Day + Oval Stone),Alpha Chansey,Baron Leveinard,113,,,chansey,Chansey,,chansey-alpha,Normal,,,,"10,240",Fairy,,0.00%,100.00%,Natural Cure,Serene Grace,Healer,Shadow Shield,Endeavor,Normal,,,
Yes,Yes,1,"Red, Green, Blue, Yellow",,,,Tangela,0,,Tangela,Saquedeneu,114,,,tangela,Tangela,,tangela,Grass,,,,"5,120",Grass,,50.00%,50.00%,Chlorophyll,Leaf Guard,Regenerator,Shadow Tag,Endure,Normal,,,
Yes,Yes,1,"Red, Green, Blue, Yellow",,,,Kangaskhan,0,,Kangaskhan,Kangourex,115,,,kangaskhan,Kangaskhan,,kangaskhan,Normal,,,,"5,120",Monster,,0.00%,100.00%,Early Bird,Scrappy,Inner Focus,Shed Skin,Energy Ball,Grass,,,
No,No,6,"X, Y",,,Mega,Kangaskhan,1,,Mega Kangaskhan,Mega Kangourex,115,,,kangaskhan-mega,Kangaskhan,Yes,kangaskhan-mega,Normal,,,,"5,120",Monster,,0.00%,100.00%,Parental Bond,,,Sheer Force,Entrainment,Normal,,,
Yes,Yes,1,"Red, Green, Blue, Yellow",,,,Horsea,0,,Horsea,Hypotrempe,116,,,horsea,Horsea,,horsea,Water,,,,"5,120",Water 1,Dragon,50.00%,50.00%,Swift Swim,Sniper,Damp,Shell Armor,Eruption,Fire,,,
Yes,Yes,1,"Red, Green, Blue, Yellow",,,,Horsea,1,32,Seadra,Hypocéan,117,,,seadra,Seadra,,seadra,Water,,,,"5,120",Water 1,Dragon,50.00%,50.00%,Poison Point,Sniper,Damp,Shield Dust,Eternabeam,Dragon,,,
Yes,Yes,1,"Red, Green, Blue, Yellow",,,,Goldeen,0,,Goldeen,Poissirène,118,,,goldeen,Goldeen,,goldeen,Water,,,,"5,120",Water 2,,50.00%,50.00%,Swift Swim,Water Veil,Lightning Rod,Shields Down,Explosion,Normal,,,
Yes,Yes,4,"Diamond, Pearl, Platinium",Gender,,,Goldeen,1,,Goldeen ♀,Poissirène ♀,118,,,goldeen,Goldeen,,goldeen-f,Water,,,,"5,120",Water 2,,50.00%,50.00%,Swift Swim,Water Veil,Lightning Rod,Simple,Extrasensory,Pyschic,,,
Yes,Yes,1,"Red, Green, Blue, Yellow",,,,Goldeen,2,33,Seaking,Poissoroy,119,,,seaking,Seaking,,seaking,Water,,,,"5,120",Water 2,,50.00%,50.00%,Swift Swim,Water Veil,Lightning Rod,Skill Link,Extreme Evoboost,Normal,,,
Yes,Yes,4,"Diamond, Pearl, Platinium",Gender,,,Goldeen,3,33,Seaking ♀,Poissoroy ♀,119,,,seaking,Seaking,,seaking-f,Water,,,,"5,120",Water 2,,50.00%,50.00%,Swift Swim,Water Veil,Lightning Rod,Slow Start,Extreme Speed,Normal,,,
Yes,Yes,1,"Red, Green, Blue, Yellow",,,,Staryu,0,,Staryu,Stari,120,,,staryu,Staryu,,staryu,Water,,,,"5,120",Water 3,,○,○,Illuminate,Natural Cure,Analytic,Slush Rush,Facade,Normal,,,
Yes,Yes,1,"Red, Green, Blue, Yellow",,,,Staryu,1,Water Stone,Starmie,Staross,121,,,starmie,Starmie,,starmie,Water,,Pyschic,,"5,120",Water 3,,○,○,Illuminate,Natural Cure,Analytic,Sniper,Fairy Lock,Fairy,,,
Yes,Yes,1,"Red, Green, Blue, Yellow",,,,Mr. Mime,0,2 (Know Mimic),Mr. Mime,M. Mime,122,,,mr-mime,Mr. Mime,,mr-mime,Pyschic,,Fairy,,"6,240",Human-Like,,50.00%,50.00%,Soundproof,Filter,Technician,Snow Cloak,Fairy Wind,Fairy,,,
Yes,Yes,8,"Sword, Shield",,Galarian,,Mr. Mime,1,2 (Know Mimic),Mr. Mime-Galar,M. Mime de Galar,122,,,mr-mime-galar,"Mr. Mime
(Galarian)",,mr-mime-galar,Ice,,Pyschic,,"6,240",Human-Like,,50.00%,50.00%,Vital Spirit,Screen Cleaner,Ice Body,Snow Warning,Fake Out,Normal,,,
Yes,Yes,8,Pokémon Legends Arceus,,,Alpha,Mr. Mime,2,2 (Know Mimic),Alpha Mr. Mime,Baron Mr. Mime,122,,,mr-mime,Mr. Mime,,mr-mime-alpha,Pyschic,,Fairy,,"6,240",Human-Like,,50.00%,50.00%,Soundproof,Filter,Technician,Snow Cloak,Fairy Wind,Fairy,,,
Yes,Yes,1,"Red, Green, Blue, Yellow",,,,Scyther,0,,Scyther,Insécateur,123,,,scyther,Scyther,,scyther,Bug,,Flying,,"6,240",Bug,,50.00%,50.00%,Swarm,Technician,Steadfast,Solar Power,Fake Tears,Dark,,,
Yes,Yes,4,"Diamond, Pearl, Platinium",Gender,,,Scyther,1,,Scyther ♀,Insécateur ♀,123,,,scyther,Scyther,,scyther-f,Bug,,Flying,,"6,240",Bug,,50.00%,50.00%,Swarm,Technician,Steadfast,Solid Rock,False Surrender,Dark,,,
Yes,Yes,8,Pokémon Legends Arceus,,,Alpha,Scyther,2,,Alpha Scyther,Baron Insécateur,123,,,scyther,Scyther,,scyther-alpha,Bug,,Flying,,"6,240",Bug,,50.00%,50.00%,Swarm,Technician,Steadfast,Solar Power,Fake Tears,Dark,,,
Yes,Yes,8,Pokémon Legends Arceus,Gender,,Alpha,Scyther,3,,Alpha Scyther ♀,Baron Insécateur ♀,123,,,scyther,Scyther,,scyther-alpha-f,Bug,,Flying,,"6,240",Bug,,50.00%,50.00%,Swarm,Technician,Steadfast,Solid Rock,False Surrender,Dark,,,
Yes,Yes,1,"Red, Green, Blue, Yellow",,,,Jynx,0,30,Jynx,Lippoutou,124,,,jynx,Jynx,,jynx,Ice,,Pyschic,,"6,240",Human-Like,,0.00%,100.00%,Oblivious,Forewarn,Dry Skin,Soul-Heart,False Swipe,Normal,,,
Yes,Yes,1,"Red, Green, Blue, Yellow",,,,Electabuzz,0,30,Electabuzz,Élektek,125,,,electabuzz,Electabuzz,,electabuzz,Electric,,,,"6,240",Human-Like,,75.00%,25.00%,Static,,Vital Spirit,Soundproof,Feather Dance,Flying,,,
Yes,Yes,8,Pokémon Legends Arceus,,,Alpha,Electabuzz,1,30,Alpha Electabuzz,Baron Élektek,125,,,electabuzz,Electabuzz,,electabuzz-alpha,Electric,,,,"6,240",Human-Like,,75.00%,25.00%,Static,,Vital Spirit,Soundproof,Feather Dance,Flying,,,
Yes,Yes,1,"Red, Green, Blue, Yellow",,,,Magmar,0,30,Magmar,Magmar,126,,,magmar,Magmar,,magmar,Fire,,,,"6,240",Human-Like,,75.00%,25.00%,Flame Body,,Vital Spirit,Speed Boost,Feint,Normal,,,
Yes,Yes,8,Pokémon Legends Arceus,,,Alpha,Magmar,1,30,Alpha Magmar,Baron Magmar,126,,,magmar,Magmar,,magmar-alpha,Fire,,,,"6,240",Human-Like,,75.00%,25.00%,Flame Body,,Vital Spirit,Speed Boost,Feint,Normal,,,
Yes,Yes,1,"Red, Green, Blue, Yellow",,,,Pinsir,0,,Pinsir,Scarabrute,127,,,pinsir,Pinsir,,pinsir,Bug,,,,"6,240",Bug,,50.00%,50.00%,Hyper Cutter,Mold Breaker,Moxie,Stakeout,Feint Attack,Dark,,,
No,No,6,"X, Y",,,Mega,Pinsir,1,,Mega Pinsir,Mega Scarabrute,127,,,pinsir-mega,Pinsir,Yes,pinsir-mega,Bug,,Flying,,"6,240",Bug,,50.00%,50.00%,Aerilate,,,Stall,Fell Stinger,Bug,,,
Yes,Yes,1,"Red, Green, Blue, Yellow",,,,Tauros,0,,Tauros,Tauros,128,,,tauros,Tauros,,tauros,Normal,,,,"5,120",Field,,100.00%,0.00%,Intimidate,Anger Point,Sheer Force,Stalwart,Fiery Dance,Fire,,,
Yes,Yes,1,"Red, Green, Blue, Yellow",,,,Magikarp,0,,Magikarp,Magicarpe,129,,,magikarp,Magikarp,,magikarp,Water,,,,"1,280",Water 2,Dragon,50.00%,50.00%,Swift Swim,,Rattled,Stamina,Final Gambit,Fighting,,,
Yes,Yes,4,"Diamond, Pearl, Platinium",Gender,,,Magikarp,1,,Magikarp ♀,Magicarpe ♀,129,,,magikarp,Magikarp,,magikarp-f,Water,,,,"1,280",Water 2,Dragon,50.00%,50.00%,Swift Swim,,Rattled,Stance Change,Fire Blast,Fire,,,
Yes,Yes,8,Pokémon Legends Arceus,,,Alpha,Magikarp,2,,Alpha Magikarp,Baron Magicarpe,129,,,magikarp,Magikarp,,magikarp-alpha,Water,,,,"1,280",Water 2,Dragon,50.00%,50.00%,Swift Swim,,Rattled,Stamina,Final Gambit,Fighting,,,
Yes,Yes,8,Pokémon Legends Arceus,Gender,,Alpha,Magikarp,3,,Alpha Magikarp ♀,Baron Magicarpe ♀,129,,,magikarp,Magikarp,,magikarp-alpha-f,Water,,,,"1,280",Water 2,Dragon,50.00%,50.00%,Swift Swim,,Rattled,Stance Change,Fire Blast,Fire,,,
Yes,Yes,1,"Red, Green, Blue, Yellow",,,,Magikarp,4,20,Gyarados,Léviator,130,,,gyarados,Gyarados,,gyarados,Water,,Flying,,"1,280",Water 2,Dragon,50.00%,50.00%,Intimidate,,Moxie,Static,Fire Fang,Fire,,,
Yes,Yes,4,"Diamond, Pearl, Platinium",Gender,,,Magikarp,5,20,Gyarados ♀,Léviator ♀,130,,,gyarados,Gyarados,,gyarados-f,Water,,Flying,,"1,280",Water 2,Dragon,50.00%,50.00%,Intimidate,,Moxie,Steadfast,Fire Lash,Fire,,,
Yes,Yes,8,Pokémon Legends Arceus,,,Alpha,Magikarp,6,20,Alpha Gyarados,Baron Léviator,130,,,gyarados,Gyarados,,gyarados-alpha,Water,,Flying,,"1,280",Water 2,Dragon,50.00%,50.00%,Intimidate,,Moxie,Static,Fire Fang,Fire,,,
Yes,Yes,8,Pokémon Legends Arceus,Gender,,Alpha,Magikarp,7,20,Alpha Gyarados ♀,Baron Léviator ♀,130,,,gyarados,Gyarados,,gyarados-alpha-f,Water,,Flying,,"1,280",Water 2,Dragon,50.00%,50.00%,Intimidate,,Moxie,Steadfast,Fire Lash,Fire,,,
No,No,6,"X, Y",,,Mega,Magikarp,8,,Mega Gyarados,Mega Léviator,130,,,gyarados-mega,Gyarados,Yes,gyarados-mega,Water,,Dark,,"1,280",Water 2,Dragon,50.00%,50.00%,Mold Breaker,,,Steam Engine,Fire Pledge,Fire,,,
Yes,Yes,1,"Red, Green, Blue, Yellow",,,,Lapras,0,,Lapras,Lokhlass,131,,,lapras,Lapras,,lapras,Water,,Ice,,"10,240",Monster,Water 1,50.00%,50.00%,Water Absorb,Shell Armor,Hydration,Steelworker,Fire Punch,Fire,,,
Yes,No,8,"Sword, Shield",,,Gigantamax,Lapras,1,,Gigantamax Lapras,Gigamax Lokhlass,131,,,lapras-gmax,Lapras,,lapras-gmax,Water,,Ice,,"10,240",Monster,Water 1,50.00%,50.00%,Water Absorb,Shell Armor,Hydration,Steely Spirit,Fire Spin,Fire,,,
Yes,Yes,1,"Red, Green, Blue, Yellow",,,,Ditto,0,,Ditto,Métamorph,132,,,ditto,Ditto,,ditto,Normal,,,,"5,120",Ditto,,○,○,Limber,,Imposter,Stench,First Impression,Bug,,,
Yes,Yes,1,"Red, Green, Blue, Yellow",,,,Eevee,0,,Eevee,Évoli,133,,,eevee,Eevee,,eevee,Normal,,,,"8,960",Field,,88.10%,11.90%,Run Away,Adaptability,Anticipation,Sticky Hold,Fishious Rend,Water,,,
Yes,Yes,8,Pokémon Legends Arceus,,,Alpha,Eevee,1,,Alpha Eevee,Baron Évoli,133,,,eevee,Eevee,,eevee-alpha,Normal,,,,"8,960",Field,,88.10%,11.90%,Run Away,Adaptability,Anticipation,Sticky Hold,Fishious Rend,Water,,,
Yes,Yes,4,"Diamond, Pearl, Platinium",Gender,,,Eevee,2,,Eevee ♀,Évoli ♀,133,,,eevee,Eevee,,eevee-f,Normal,,,,"8,960",Field,,88.10%,11.90%,Run Away,Adaptability,Anticipation,Sticky Hold,Fissure,Ground,,,
Yes,Yes,8,Pokémon Legends Arceus,Gender,,Alpha,Eevee,3,,Alpha Eevee ♀,Baron Évoli ♀,133,,,eevee,Eevee,,eevee-alpha-f,Normal,,,,"8,960",Field,,88.10%,11.90%,Run Away,Adaptability,Anticipation,Sticky Hold,Fissure,Ground,,,
Yes,No,8,"Sword, Shield",,,Gigantamax,Eevee,4,,Gigantamax Eevee,Gigamax Évoli,133,,,eevee-gmax,Eevee,,eevee-gmax,Normal,,,,"8,960",Field,,88.10%,11.90%,Run Away,Adaptability,Anticipation,Storm Drain,Flail,Normal,,,
Yes,Yes,1,"Red, Green, Blue, Yellow",,,,Eevee,5,,Vaporeon,Aquali,134,,,vaporeon,Vaporeon,,vaporeon,Water,,,,"8,960",Field,,88.10%,11.90%,Water Absorb,,Hydration,Strong Jaw,Flame Burst,Fire,,,
Yes,Yes,8,Pokémon Legends Arceus,,,Alpha,Eevee,6,,Alpha Vaporeon,Baron Aquali,134,,,vaporeon,Vaporeon,,vaporeon-alpha,Water,,,,"8,960",Field,,88.10%,11.90%,Water Absorb,,Hydration,Strong Jaw,Flame Burst,Fire,,,
Yes,Yes,1,"Red, Green, Blue, Yellow",,,,Eevee,7,,Jolteon,Voltali,135,,,jolteon,Jolteon,,jolteon,Electric,,,,"8,960",Field,,88.10%,11.90%,Volt Absorb,,Quick Feet,Sturdy,Flame Charge,Fire,,,
Yes,Yes,8,Pokémon Legends Arceus,,,Alpha,Eevee,8,,Alpha Jolteon,Baron Voltali,135,,,jolteon,Jolteon,,jolteon-alpha,Electric,,,,"8,960",Field,,88.10%,11.90%,Volt Absorb,,Quick Feet,Sturdy,Flame Charge,Fire,,,
Yes,Yes,1,"Red, Green, Blue, Yellow",,,,Eevee,9,,Flareon,Pyroli,136,,,flareon,Flareon,,flareon,Fire,,,,"8,960",Field,,88.10%,11.90%,Flash Fire,,Guts,Suction Cups,Flame Wheel,Fire,,,
Yes,Yes,8,Pokémon Legends Arceus,,,Alpha,Eevee,10,,Alpha Flareon,Baron Pyroli,136,,,flareon,Flareon,,flareon-alpha,Fire,,,,"8,960",Field,,88.10%,11.90%,Flash Fire,,Guts,Suction Cups,Flame Wheel,Fire,,,
Yes,Yes,1,"Red, Green, Blue, Yellow",,,,Porygon,0,,Porygon,Porygon,137,,,porygon,Porygon,,porygon,Normal,,,,"5,120",Mineral,,○,○,Trace,Download,Analytic,Super Luck,Flamethrower,Fire,,,
Yes,Yes,8,Pokémon Legends Arceus,,,Alpha,Porygon,1,,Alpha Porygon,Baron Porygon,137,,,porygon,Porygon,,porygon-alpha,Normal,,,,"5,120",Mineral,,○,○,Trace,Download,Analytic,Super Luck,Flamethrower,Fire,,,
Yes,Yes,1,"Red, Green, Blue, Yellow",,,,Omanyte,0,,Omanyte,Amonita,138,,,omanyte,Omanyte,,omanyte,Rock,,Water,,"7,680",Water 1,Water 3,88.10%,11.90%,Swift Swim,Shell Armor,Weak Armor,Surge Surfer,Flare Blitz,Fire,,,
Yes,Yes,1,"Red, Green, Blue, Yellow",,,,Omanyte,1,40,Omastar,Amonistar,139,,,omastar,Omastar,,omastar,Rock,,Water,,"7,680",Water 1,Water 3,88.10%,11.90%,Swift Swim,Shell Armor,Weak Armor,Swarm,Flash,Normal,,,
Yes,Yes,1,"Red, Green, Blue, Yellow",,,,Kabuto,0,,Kabuto,Kabuto,140,,,kabuto,Kabuto,,kabuto,Rock,,Water,,"7,680",Water 1,Water 3,88.10%,11.90%,Swift Swim,Battle Armor,Weak Armor,Sweet Veil,Flash Cannon,Steel,,,
Yes,Yes,1,"Red, Green, Blue, Yellow",,,,Kabuto,1,40,Kabutops,Kabutops,141,,,kabutops,Kabutops,,kabutops,Rock,,Water,,"7,680",Water 1,Water 3,88.10%,11.90%,Swift Swim,Battle Armor,Weak Armor,Swift Swim,Flatter,Dark,,,
Yes,Yes,1,"Red, Green, Blue, Yellow",,,,Aerodactyl,0,,Aerodactyl,Ptéra,142,,,aerodactyl,Aerodactyl,,aerodactyl,Rock,,Flying,,"7,680",Flying,,88.10%,11.90%,Rock Head,Pressure,Unnerve,Symbiosis,Fleur Cannon,Fairy,,,
No,No,6,"X, Y",,,Mega,Aerodactyl,1,,Mega Aerodactyl,Mega Ptéra,142,,,aerodactyl-mega,Aerodactyl,Yes,aerodactyl-mega,Rock,,Flying,,"7,680",Flying,,88.10%,11.90%,Tough Claws,,,Synchronize,Fling,Dark,,,
Yes,Yes,1,"Red, Green, Blue, Yellow",,,,Snorlax,0,2 (Happiness),Snorlax,Ronflex,143,,,snorlax,Snorlax,,snorlax,Normal,,,,"10,120",Monster,,88.10%,11.90%,Immunity,Thick Fat,Gluttony,Tangled Feet,Floral Healing,Fairy,,,
Yes,Yes,8,Pokémon Legends Arceus,,,Alpha,Snorlax,1,2 (Happiness),Alpha Snorlax,Baron Ronflex,143,,,snorlax,Snorlax,,snorlax-alpha,Normal,,,,"10,120",Monster,,88.10%,11.90%,Immunity,Thick Fat,Gluttony,Tangled Feet,Floral Healing,Fairy,,,
Yes,No,8,"Sword, Shield",,,Gigantamax,Snorlax,2,,Gigantamax Snorlax,Gigamax Ronflex,143,,,snorlax-gmax,Snorlax,,snorlax-gmax,Normal,,,,"10,120",Monster,,88.10%,11.90%,Immunity,Thick Fat,Gluttony,Tangling Hair,Flower Shield,Fairy,,,
Yes,No,1,"Red, Green, Blue, Yellow",,,,Articuno,0,,Articuno,Artikodin,144,,,articuno,Articuno,,articuno,Ice,,Flying,,"20,480",Undiscovered,,○,○,Pressure,,Snow Cloak,Technician,Fly,Flying,,,
Yes,No,8,"Sword, Shield",,Galarian,,Articuno,1,,Articuno-Galar,Artikodin de Galar,144,,,articuno-galar,"Articuno
(Galarian)",,articuno-galar,Ice,,Flying,,"20,480",Undiscovered,,○,○,Pressure,,Snow Cloak,Technician,Fly,Flying,,,
Yes,No,1,"Red, Green, Blue, Yellow",,,,Zapdos,0,,Zapdos,Électhor,145,,,zapdos,Zapdos,,zapdos,Electric,,Flying,,"20,480",Undiscovered,,○,○,Pressure,,Static,Telepathy,Flying Press,Fighting,,,
Yes,No,8,"Sword, Shield",,Galarian,,Zapdos,1,,Zapdos-Galar,Électhor de Galar,145,,,zapdos-galar,"Zapdos
(Galarian)",,zapdos-galar,Electric,,Flying,,"20,480",Undiscovered,,○,○,Pressure,,Static,Telepathy,Flying Press,Fighting,,,
Yes,No,1,"Red, Green, Blue, Yellow",,,,Moltres,0,,Moltres,Sulfura,146,,,moltres,Moltres,,moltres,Fire,,Flying,,"20,480",Undiscovered,,○,○,Pressure,,Flame Body,Teravolt,Focus Blast,Fighting,,,
Yes,No,8,"Sword, Shield",,Galarian,,Moltres,1,,Moltres-Galar,Sulfura de Galar,146,,,moltres-galar,"Moltres
(Galarian)",,moltres-galar,Fire,,Flying,,"20,480",Undiscovered,,○,○,Pressure,,Flame Body,Teravolt,Focus Blast,Fighting,,,
Yes,Yes,1,"Red, Green, Blue, Yellow",,,,Dratini,0,,Dratini,Minidraco,147,,,dratini,Dratini,,dratini,Dragon,,,,"10,240",Water 1,Dragon,50.00%,50.00%,Shed Skin,,Marvel Scale,Thick Fat,Focus Energy,Normal,,,
Yes,Yes,1,"Red, Green, Blue, Yellow",,,,Dratini,1,30,Dragonair,Draco,148,,,dragonair,Dragonair,,dragonair,Dragon,,,,"10,240",Water 1,Dragon,50.00%,50.00%,Shed Skin,,Marvel Scale,Tinted Lens,Focus Punch,Fighting,,,
Yes,Yes,1,"Red, Green, Blue, Yellow",,,,Dratini,2,55,Dragonite,Dracolosse,149,,,dragonite,Dragonite,,dragonite,Dragon,,Flying,,"10,240",Water 1,Dragon,50.00%,50.00%,Inner Focus,,Multiscale,Torrent,Follow Me,Normal,,,
Yes,No,1,"Red, Green, Blue, Yellow",,,,Mewtwo,0,,Mewtwo,Mewtwo,150,,,mewtwo,Mewtwo,,mewtwo,Pyschic,,,,"30,720",Undiscovered,,○,○,Pressure,,Unnerve,Tough Claws,Force Palm,Fighting,,,
No,No,6,"X, Y",,,Mega,Mewtwo,1,,Mega Mewtwo X,Mega Mewtwo X,150,,,mewtwo-mega-x,Mewtwo,Yes,mewtwo-mega-x,Pyschic,,Fighting,,"30,720",Undiscovered,,○,○,Steadfast,,,Toxic Boost,Foresight,Normal,,,
No,No,6,"X, Y",,,Mega,Mewtwo,2,,Mega Mewtwo Y,Mega Mewtwo Y,150,,,mewtwo-mega-y,Mewtwo,Yes,mewtwo-mega-y,Pyschic,,,,"30,720",Undiscovered,,○,○,Insomnia,,,Trace,Forest's Curse,Grass,,,
Yes,No,1,"Red, Green, Blue, Yellow",,,,Mew,0,,Mew,Mew,151,,,mew,Mew,,mew,Pyschic,,,,"30,720",Undiscovered,,○,○,Synchronize,,,Triage,Foul Play,Dark,,,
Yes,Yes,2,"Gold, Silver, Crystal",,,,Chikorita,0,,Chikorita,Germignon,152,,,chikorita,Chikorita,,chikorita,Grass,,,,"5,120",Monster,Grass,88.10%,11.90%,Overgrow,,Leaf Guard,Truant,Freeze Shock,Ice,,,
Yes,Yes,2,"Gold, Silver, Crystal",,,,Chikorita,1,16,Bayleef,Macronium,153,,,bayleef,Bayleef,,bayleef,Grass,,,,"5,120",Monster,Grass,88.10%,11.90%,Overgrow,,Leaf Guard,Turboblaze,Freeze-Dry,Ice,,,
Yes,Yes,2,"Gold, Silver, Crystal",,,,Chikorita,2,32,Meganium,Méganium,154,,,meganium,Meganium,,meganium,Grass,,,,"5,120",Monster,Grass,88.10%,11.90%,Overgrow,,Leaf Guard,Unaware,Frenzy Plant,Grass,,,
Yes,Yes,4,"Diamond, Pearl, Platinium",Gender,,,Chikorita,3,32,Meganium ♀,Méganium ♀,154,,,meganium,Meganium,,meganium-f,Grass,,,,"5,120",Monster,Grass,88.10%,11.90%,Overgrow,,Leaf Guard,Unburden,Frost Breath,Ice,,,
Yes,Yes,2,"Gold, Silver, Crystal",,,,Cyndaquil,0,,Cyndaquil,Héricendre,155,,,cyndaquil,Cyndaquil,,cyndaquil,Fire,,,,"5,120",Field,,88.10%,11.90%,Blaze,,Flash Fire,Unnerve,Frustration,Normal,,,
Yes,Yes,8,Pokémon Legends Arceus,,,Alpha,Cyndaquil,1,,Alpha Cyndaquil,Baron Héricendre,155,,,cyndaquil,Cyndaquil,,cyndaquil-alpha,Fire,,,,"5,120",Field,,88.10%,11.90%,Blaze,,Flash Fire,Unnerve,Frustration,Normal,,,
Yes,Yes,2,"Gold, Silver, Crystal",,,,Cyndaquil,2,14,Quilava,Feurisson,156,,,quilava,Quilava,,quilava,Fire,,,,"5,120",Field,,88.10%,11.90%,Blaze,,Flash Fire,Victory Star,Fury Attack,Normal,,,
Yes,Yes,8,Pokémon Legends Arceus,,,Alpha,Cyndaquil,3,14,Alpha Quilava,Baron Feurisson,156,,,quilava,Quilava,,quilava-alpha,Fire,,,,"5,120",Field,,88.10%,11.90%,Blaze,,Flash Fire,Victory Star,Fury Attack,Normal,,,
Yes,Yes,2,"Gold, Silver, Crystal",,,,Cyndaquil,4,36,Typhlosion,Typhlosion,157,,,typhlosion,Typhlosion,,typhlosion,Fire,,,,"5,120",Field,,88.10%,11.90%,Blaze,,Flash Fire,Vital Spirit,Fury Cutter,Bug,,,
Yes,Yes,2,"Gold, Silver, Crystal",,,Alpha,Cyndaquil,5,36,Alpha Typhlosion,Baron Typhlosion,157,,,typhlosion,Typhlosion,,typhlosion-alpha,Fire,,,,"5,120",Field,,88.10%,11.90%,Blaze,,Flash Fire,Vital Spirit,Fury Cutter,Bug,,,
Yes,Yes,8,Pokémon Legends Arceus,,Hisuian,,Cyndaquil,6,36,Typhlosion-Hisui,Typhlosion de Hisui,157,,,typhlosion-hisui,Typhlosion (Hisuian),,typhlosion-hisui,Fire,,Ghost,,,,,,,,,,,,,,,
Yes,Yes,8,Pokémon Legends Arceus,,Hisuian,Alpha,Cyndaquil,7,36,Alpha Typhlosion-Hisui,Baron Typhlosion de Hisui,157,,,typhlosion-hisui,Typhlosion (Hisuian),,typhlosion-hisui-alpha,Fire,,Ghost,,,,,,,,,,,,,,,
Yes,Yes,2,"Gold, Silver, Crystal",,,,Totodile,0,,Totodile,Kaiminus,158,,,totodile,Totodile,,totodile,Water,,,,"5,120",Monster,Water 1,88.10%,11.90%,Torrent,,Sheer Force,Volt Absorb,Fury Swipes,Normal,,,
Yes,Yes,2,"Gold, Silver, Crystal",,,,Totodile,1,18,Croconaw,Crocrodil,159,,,croconaw,Croconaw,,croconaw,Water,,,,"5,120",Monster,Water 1,88.10%,11.90%,Torrent,,Sheer Force,Wandering Spirit,Fusion Bolt,Electric,,,
Yes,Yes,2,"Gold, Silver, Crystal",,,,Totodile,2,30,Feraligatr,Aligatueur,160,,,feraligatr,Feraligatr,,feraligatr,Water,,,,"5,120",Monster,Water 1,88.10%,11.90%,Torrent,,Sheer Force,Water Absorb,Fusion Flare,Fire,,,
Yes,Yes,2,"Gold, Silver, Crystal",,,,Sentret,0,,Sentret,Fouinette,161,,,sentret,Sentret,,sentret,Normal,,,,"3,840",Field,,50.00%,50.00%,Run Away,Keen Eye,Frisk,Water Bubble,Future Sight,Pyschic,,,
Yes,Yes,2,"Gold, Silver, Crystal",,,,Sentret,1,15,Furret,Fouinar,162,,,furret,Furret,,furret,Normal,,,,"3,840",Field,,50.00%,50.00%,Run Away,Keen Eye,Frisk,Water Compaction,Gastro Acid,Poison,,,
Yes,Yes,2,"Gold, Silver, Crystal",,,,Hoothoot,0,,Hoothoot,Hoothoot,163,,,hoothoot,Hoothoot,,hoothoot,Normal,,Flying,,"3,840",Flying,,50.00%,50.00%,Insomnia,Keen Eye,Tinted Lens,Water Veil,Gear Grind,Steel,,,
Yes,Yes,2,"Gold, Silver, Crystal",,,,Hoothoot,1,20,Noctowl,Noarfang,164,,,noctowl,Noctowl,,noctowl,Normal,,Flying,,"3,840",Flying,,50.00%,50.00%,Insomnia,Keen Eye,Tinted Lens,Weak Armor,Gear Up,Steel,,,
Yes,Yes,2,"Gold, Silver, Crystal",,,,Ledyba,0,,Ledyba,Coxy,165,,,ledyba,Ledyba,,ledyba,Bug,,Flying,,"3,840",Bug,,50.00%,50.00%,Swarm,Early Bird,Rattled,White Smoke,Genesis Supernova,Pyschic,,,
Yes,Yes,4,"Diamond, Pearl, Platinium",Gender,,,Ledyba,1,,Ledyba ♀,Coxy ♀,165,,,ledyba,Ledyba,,ledyba-f,Bug,,Flying,,"3,840",Bug,,50.00%,50.00%,Swarm,Early Bird,Rattled,Wimp Out,Geomancy,Fairy,,,
Yes,Yes,2,"Gold, Silver, Crystal",,,,Ledyba,2,18,Ledian,Coxyclaque,166,,,ledian,Ledian,,ledian,Bug,,Flying,,"3,840",Bug,,50.00%,50.00%,Swarm,Early Bird,Iron Fist,Wonder Guard,Giga Drain,Grass,,,
Yes,Yes,4,"Diamond, Pearl, Platinium",Gender,,,Ledyba,3,18,Ledian ♀,Coxyclaque ♀,166,,,ledian,Ledian,,ledian-f,Bug,,Flying,,"3,840",Bug,,50.00%,50.00%,Swarm,Early Bird,Iron Fist,Wonder Skin,Giga Impact,Normal,,,
Yes,Yes,2,"Gold, Silver, Crystal",,,,Spinarak,0,,Spinarak,Mimigal,167,,,spinarak,Spinarak,,spinarak,Bug,,Poison,,"3,840",Bug,,50.00%,50.00%,Swarm,Insomnia,Sniper,Zen Mode,Gigavolt Havoc,Electric,,,
Yes,Yes,2,"Gold, Silver, Crystal",,,,Spinarak,1,22,Ariados,Migalos,168,,,ariados,Ariados,,ariados,Bug,,Poison,,"3,840",Bug,,50.00%,50.00%,Swarm,Insomnia,Sniper,,Glaciate,Ice,,,
Yes,Yes,2,"Gold, Silver, Crystal",,,,Zubat,2,23 (Happiness),Crobat,Nostenfer,169,,,crobat,Crobat,,crobat,Poison,,Flying,,"3,840",Flying,,50.00%,50.00%,Inner Focus,,Infiltrator,,Glare,Normal,,,
Yes,Yes,8,Pokémon Legends Arceus,,,Alpha,Zubat,3,23 (Happiness),Alpha Crobat,Baron Nostenfer,169,,,crobat,Crobat,,crobat-alpha,Poison,,Flying,,"3,840",Flying,,50.00%,50.00%,Inner Focus,,Infiltrator,,Glare,Normal,,,
Yes,Yes,2,"Gold, Silver, Crystal",,,,Chinchou,0,,Chinchou,Loupio,170,,,chinchou,Chinchou,,chinchou,Water,,Electric,,"5,120",Water 2,,50.00%,50.00%,Volt Absorb,Illuminate,Water Absorb,,Grass Knot,Grass,,,
Yes,Yes,2,"Gold, Silver, Crystal",,,,Chinchou,1,27,Lanturn,Lanturn,171,,,lanturn,Lanturn,,lanturn,Water,,Electric,,"5,120",Water 2,,50.00%,50.00%,Volt Absorb,Illuminate,Water Absorb,,Grass Pledge,Grass,,,
Yes,No,2,"Gold, Silver, Crystal",Baby,,,Pikachu,2,,Pichu,Pichu,172,,,pichu,Pichu,,pichu,Electric,,,,"5,120",Undiscovered,,50.00%,50.00%,Static,,Lightning Rod,,Grass Whistle,Grass,,,
Yes,No,8,Pokémon Legends Arceus,Baby,,Alpha,Pikachu,3,,Alpha Pichu,Baron Pichu,172,,,pichu,Pichu,,pichu-alpha,Electric,,,,"5,120",Undiscovered,,50.00%,50.00%,Static,,Lightning Rod,,Grass Whistle,Grass,,,
No,No,4,"Diamond, Pearl, Platinium",Alternate,,Event,Pikachu,4,,Spiky-Eared Pichu,Pichu Troizépi,172,,,pichu-spiky-eared,Pichu,,pichu-spiky-eared,Electric,,,,"5,120",Undiscovered,,50.00%,50.00%,Static,,,,Grassy Terrain,Grass,,,
Yes,No,2,"Gold, Silver, Crystal",Baby,,,Clefairy,5,,Cleffa,Mélo,173,,,cleffa,Cleffa,,cleffa,Normal,,,,"5,120",Undiscovered,,25.00%,75.00%,Cute Charm,Magic Guard,Friend Guard,,Grav Apple,Grass,,,
Yes,No,8,Pokémon Legends Arceus,Baby,,Alpha,Clefairy,6,,Alpha Cleffa,Baron Mélo,173,,,cleffa,Cleffa,,cleffa-alpha,Normal,,,,"5,120",Undiscovered,,25.00%,75.00%,Cute Charm,Magic Guard,Friend Guard,,Grav Apple,Grass,,,
Yes,No,2,"Gold, Silver, Crystal",Baby,,,Jigglypuff,7,,Igglybuff,Toudoudou,174,,,igglybuff,Igglybuff,,igglybuff,Normal,,Fairy,,"5,120",Undiscovered,,25.00%,75.00%,Cute Charm,Competitive,Friend Guard,,Gravity,Pyschic,,,
Yes,No,2,"Gold, Silver, Crystal",Baby,,,Togepi,0,,Togepi,Togepi,175,,,togepi,Togepi,,togepi,Fairy,,,,"2,560",Undiscovered,,88.10%,11.90%,Hustle,Serene Grace,Super Luck,,Growl,Normal,,,
Yes,No,8,Pokémon Legends Arceus,Baby,,Alpha,Togepi,1,,Alpha Togepi,Baron Togepi,175,,,togepi,Togepi,,togepi-alpha,Fairy,,,,"2,560",Undiscovered,,88.10%,11.90%,Hustle,Serene Grace,Super Luck,,Growl,Normal,,,
Yes,Yes,2,"Gold, Silver, Crystal",,,,Togepi,2,2 (Happiness),Togetic,Togetic,176,,,togetic,Togetic,,togetic,Fairy,,Flying,,"2,560",Flying,Fairy,88.10%,11.90%,Hustle,Serene Grace,Super Luck,,Growth,Normal,,,
Yes,Yes,8,Pokémon Legends Arceus,,,Alpha,Togepi,3,2 (Happiness),Alpha Togetic,Baron Togetic,176,,,togetic,Togetic,,togetic-alpha,Fairy,,Flying,,"2,560",Flying,Fairy,88.10%,11.90%,Hustle,Serene Grace,Super Luck,,Growth,Normal,,,
Yes,Yes,2,"Gold, Silver, Crystal",,,,Natu,0,,Natu,Natu,177,,,natu,Natu,,natu,Pyschic,,Flying,,"5,120",Flying,,50.00%,50.00%,Synchronize,Early Bird,Magic Bounce,,Grudge,Ghost,,,
Yes,Yes,2,"Gold, Silver, Crystal",,,,Natu,1,25,Xatu,Xatu,178,,,xatu,Xatu,,xatu,Pyschic,,Flying,,"5,120",Flying,,50.00%,50.00%,Synchronize,Early Bird,Magic Bounce,,Guard Split,Pyschic,,,
Yes,Yes,4,"Diamond, Pearl, Platinium",Gender,,,Natu,2,25,Xatu ♀,Xatu ♀,178,,,xatu,Xatu,,xatu-f,Pyschic,,Flying,,"5,120",Flying,,50.00%,50.00%,Synchronize,Early Bird,Magic Bounce,,Guard Swap,Pyschic,,,
Yes,Yes,2,"Gold, Silver, Crystal",,,,Mareep,0,,Mareep,Wattouat,179,,,mareep,Mareep,,mareep,Electric,,,,"5,120",Monster,Field,50.00%,50.00%,Static,,Plus,,Guardian of Alola,Fairy,,,
Yes,Yes,2,"Gold, Silver, Crystal",,,,Mareep,1,15,Flaaffy,Lainergie,180,,,flaaffy,Flaaffy,,flaaffy,Electric,,,,"5,120",Monster,Field,50.00%,50.00%,Static,,Plus,,Guillotine,Normal,,,
Yes,Yes,2,"Gold, Silver, Crystal",,,,Mareep,2,30,Ampharos,Pharamp,181,,,ampharos,Ampharos,,ampharos,Electric,,,,"5,120",Monster,Field,50.00%,50.00%,Static,,Plus,,Gunk Shot,Poison,,,
No,No,6,"X, Y",,,Mega,Mareep,3,,Mega Ampharos,Mega Pharamp,181,,,ampharos-mega,Ampharos,Yes,ampharos-mega,Electric,,Dragon,,"5,120",Monster,Field,50.00%,50.00%,Mold Breaker,,,,Gust,Flying,,,
Yes,Yes,2,"Gold, Silver, Crystal",,,,Oddish,4,Sun Stone,Bellossom,Joliflor,182,,,bellossom,Bellossom,,bellossom,Grass,,,,"5,120",Grass,,50.00%,50.00%,Chlorophyll,,Healer,,Gyro Ball,Steel,,,
Yes,Yes,2,"Gold, Silver, Crystal",,,,Marill,0,,Marill,Marill,183,,,marill,Marill,,marill,Water,,,,"2,560",Water 1,Fairy,50.00%,50.00%,Thick Fat,Huge Power,Sap Sipper,,Hail,Ice,,,
Yes,Yes,2,"Gold, Silver, Crystal",,,,Marill,1,18,Azumarill,Azumarill,184,,,azumarill,Azumarill,,azumarill,Water,,,,"2,560",Water 1,Fairy,50.00%,50.00%,Thick Fat,Huge Power,Sap Sipper,,Hammer Arm,Fighting,,,
Yes,Yes,2,"Gold, Silver, Crystal",,,,Sudowoodo,0,15 (Mimic),Sudowoodo,Simularbre,185,,,sudowoodo,Sudowoodo,,sudowoodo,Rock,,,,"5,120",Mineral,,50.00%,50.00%,Sturdy,Rock Head,Rattled,,Happy Hour,Normal,,,
Yes,Yes,8,Pokémon Legends Arceus,,,Alpha,Sudowoodo,1,15 (Mimic),Alpha Sudowoodo,Baron Simularbre,185,,,sudowoodo,Sudowoodo,,sudowoodo-alpha,Rock,,,,"5,120",Mineral,,50.00%,50.00%,Sturdy,Rock Head,Rattled,,Happy Hour,Normal,,,
Yes,Yes,4,"Diamond, Pearl, Platinium",Gender,,,Sudowoodo,2,15 (Mimic),Sudowoodo ♀,Simularbre ♀,185,,,sudowoodo,Sudowoodo,,sudowoodo-f,Rock,,,,"5,120",Mineral,,50.00%,50.00%,Sturdy,Rock Head,Rattled,,Harden,Normal,,,
Yes,Yes,8,Pokémon Legends Arceus,Gender,,Alpha,Sudowoodo,3,15 (Mimic),Alpha Sudowoodo ♀,Baron Simularbre ♀,185,,,sudowoodo,Sudowoodo,,sudowoodo-f-alpha,Rock,,,,"5,120",Mineral,,50.00%,50.00%,Sturdy,Rock Head,Rattled,,Harden,Normal,,,
Yes,Yes,2,"Gold, Silver, Crystal",,,,Poliwag,4,Trade (Kings Rock),Politoed,Tarpaud,186,,,politoed,Politoed,,politoed,Water,,,,"5,120",Water 1,,50.00%,50.00%,Water Absorb,Damp,Drizzle,,Haze,Ice,,,
Yes,Yes,4,"Diamond, Pearl, Platinium",Gender,,,Poliwag,5,Trade (Kings Rock),Politoed ♀,Tarpaud ♀,186,,,politoed,Politoed,,politoed-f,Water,,,,"5,120",Water 1,,50.00%,50.00%,Water Absorb,Damp,Drizzle,,Head Charge,Normal,,,
Yes,Yes,2,"Gold, Silver, Crystal",,,,Hoppip,0,,Hoppip,Granivol,187,,,hoppip,Hoppip,,hoppip,Grass,,Flying,,"5,120",Fairy,Grass,50.00%,50.00%,Chlorophyll,Leaf Guard,Infiltrator,,Head Smash,Rock,,,
Yes,Yes,2,"Gold, Silver, Crystal",,,,Hoppip,1,18,Skiploom,Floravol,188,,,skiploom,Skiploom,,skiploom,Grass,,Flying,,"5,120",Fairy,Grass,50.00%,50.00%,Chlorophyll,Leaf Guard,Infiltrator,,Headbutt,Normal,,,
Yes,Yes,2,"Gold, Silver, Crystal",,,,Hoppip,2,27,Jumpluff,Cotovol,189,,,jumpluff,Jumpluff,,jumpluff,Grass,,Flying,,"5,120",Fairy,Grass,50.00%,50.00%,Chlorophyll,Leaf Guard,Infiltrator,,Heal Bell,Normal,,,
Yes,Yes,2,"Gold, Silver, Crystal",,,,Aipom,0,,Aipom,Capumain,190,,,aipom,Aipom,,aipom,Normal,,,,"5,120",Field,,50.00%,50.00%,Run Away,Pickup,Skill Link,,Heal Block,Pyschic,,,
Yes,Yes,8,Pokémon Legends Arceus,,,Alpha,Aipom,1,,Alpha Aipom,Baron Capumain,190,,,aipom,Aipom,,aipom-alpha,Normal,,,,"5,120",Field,,50.00%,50.00%,Run Away,Pickup,Skill Link,,Heal Block,Pyschic,,,
Yes,Yes,4,"Diamond, Pearl, Platinium",Gender,,,Aipom,2,,Aipom ♀,Capumain ♀,190,,,aipom,Aipom,,aipom-f,Normal,,,,"5,120",Field,,50.00%,50.00%,Run Away,Pickup,Skill Link,,Heal Order,Bug,,,
Yes,Yes,8,Pokémon Legends Arceus,Gender,,Alpha,Aipom,3,,Alpha Aipom ♀,Baron Capumain ♀,190,,,aipom,Aipom,,aipom-f-alpha,Normal,,,,"5,120",Field,,50.00%,50.00%,Run Away,Pickup,Skill Link,,Heal Order,Bug,,,
Yes,Yes,2,"Gold, Silver, Crystal",,,,Sunkern,0,,Sunkern,Tournegrin,191,,,sunkern,Sunkern,,sunkern,Grass,,,,"5,120",Grass,,50.00%,50.00%,Chlorophyll,Solar Power,Early Bird,,Heal Pulse,Pyschic,,,
Yes,Yes,2,"Gold, Silver, Crystal",,,,Sunkern,1,Sun Stone,Sunflora,Héliatronc,192,,,sunflora,Sunflora,,sunflora,Grass,,,,"5,120",Grass,,50.00%,50.00%,Chlorophyll,Solar Power,Early Bird,,Healing Wish,Pyschic,,,
Yes,Yes,2,"Gold, Silver, Crystal",,,,Yanma,0,,Yanma,Yanma,193,,,yanma,Yanma,,yanma,Bug,,Flying,,"5,120",Bug,,50.00%,50.00%,Speed Boost,Compound Eyes,Frisk,,Heart Stamp,Pyschic,,,
Yes,Yes,8,Pokémon Legends Arceus,,,Alpha,Yanma,1,,Alpha Yanma,Baron Yanma,193,,,yanma,Yanma,,yanma-alpha,Bug,,Flying,,"5,120",Bug,,50.00%,50.00%,Speed Boost,Compound Eyes,Frisk,,Heart Stamp,Pyschic,,,
Yes,Yes,2,"Gold, Silver, Crystal",,,,Wooper,0,,Wooper,Axoloto,194,,,wooper,Wooper,,wooper,Water,,Ground,,"5,120",Water 1,Field,50.00%,50.00%,Damp,Water Absorb,Unaware,,Heart Swap,Pyschic,,,
Yes,Yes,4,"Diamond, Pearl, Platinium",Gender,,,Wooper,1,,Wooper ♀,Axoloto ♀,194,,,wooper,Wooper,,wooper-f,Water,,Ground,,"5,120",Water 1,Field,50.00%,50.00%,Damp,Water Absorb,Unaware,,Heat Crash,Fire,,,
Yes,Yes,2,"Gold, Silver, Crystal",,,,Wooper,2,20,Quagsire,Maraiste,195,,,quagsire,Quagsire,,quagsire,Water,,Ground,,"5,120",Water 1,Field,50.00%,50.00%,Damp,Water Absorb,Unaware,,Heat Wave,Fire,,,
Yes,Yes,4,"Diamond, Pearl, Platinium",Gender,,,Wooper,3,20,Quagsire ♀,Maraiste ♀,195,,,quagsire,Quagsire,,quagsire-f,Water,,Ground,,"5,120",Water 1,Field,50.00%,50.00%,Damp,Water Absorb,Unaware,,Heavy Slam,Steel,,,
Yes,Yes,2,"Gold, Silver, Crystal",,,,Eevee,4,2 (Day + Happiness),Espeon,Mentali,196,,,espeon,Espeon,,espeon,Pyschic,,,,"8,960",Field,,88.10%,11.90%,Synchronize,,Magic Bounce,,Helping Hand,Normal,,,
Yes,Yes,8,Pokémon Legends Arceus,,,Alpha,Eevee,5,2 (Day + Happiness),Alpha Espeon,Baron Mentali,196,,,espeon,Espeon,,espeon-alpha,Pyschic,,,,"8,960",Field,,88.10%,11.90%,Synchronize,,Magic Bounce,,Helping Hand,Normal,,,
Yes,Yes,2,"Gold, Silver, Crystal",,,,Eevee,6,2 (Night + Happiness),Umbreon,Noctali,197,,,umbreon,Umbreon,,umbreon,Dark,,,,"8,960",Field,,88.10%,11.90%,Synchronize,,Inner Focus,,Hex,Ghost,,,
Yes,Yes,8,Pokémon Legends Arceus,,,Alpha,Eevee,7,2 (Night + Happiness),Alpha Umbreon,Baron Noctali,197,,,umbreon,Umbreon,,umbreon-alpha,Dark,,,,"8,960",Field,,88.10%,11.90%,Synchronize,,Inner Focus,,Hex,Ghost,,,
Yes,Yes,2,"Gold, Silver, Crystal",,,,Murkrow,0,,Murkrow,Cornèbre,198,,,murkrow,Murkrow,,murkrow,Dark,,Flying,,"5,120",Flying,,50.00%,50.00%,Insomnia,Super Luck,Prankster,,Hidden Power,Normal,,,
Yes,Yes,8,Pokémon Legends Arceus,,,Alpha,Murkrow,1,,Alpha Murkrow,Baron Cornèbre,198,,,murkrow,Murkrow,,murkrow-alpha,Dark,,Flying,,"5,120",Flying,,50.00%,50.00%,Insomnia,Super Luck,Prankster,,Hidden Power,Normal,,,
Yes,Yes,4,"Diamond, Pearl, Platinium",Gender,,,Murkrow,2,,Murkrow ♀,Cornèbre ♀,198,,,murkrow,Murkrow,,murkrow-f,Dark,,Flying,,"5,120",Flying,,50.00%,50.00%,Insomnia,Super Luck,Prankster,,High Horsepower,Ground,,,
Yes,Yes,8,Pokémon Legends Arceus,Gender,,Alpha,Murkrow,3,,Alpha Murkrow ♀,Baron Cornèbre ♀,198,,,murkrow,Murkrow,,murkrow-f-alpha,Dark,,Flying,,"5,120",Flying,,50.00%,50.00%,Insomnia,Super Luck,Prankster,,High Horsepower,Ground,,,
Yes,Yes,2,"Gold, Silver, Crystal",,,,Slowpoke,4,Trade (Kings Rock),Slowking,Roigada,199,,,slowking,Slowking,,slowking,Water,,Pyschic,,"5,120",Monster,Water 1,50.00%,50.00%,Oblivious,Own Tempo,Regenerator,,High Jump Kick,Fighting,,,
Yes,Yes,8,"Sword, Shield",,Galarian,,Slowpoke,5,,Slowking-Galar,Roigada de Galar,199,,,slowking-galar,"Slowking
(Galarian)",,slowking-galar,Pyschic,,,,"5,120",Monster,Water 1,50.00%,50.00%,Gluttony,Own Tempo,Regenerator,Oblivious,Defense Curl,Normal,,,
Yes,Yes,2,"Gold, Silver, Crystal",,,,Misdreavus,0,,Misdreavus,Feuforêve,200,,,misdreavus,Misdreavus,,misdreavus,Ghost,,,,"6,240",Amorphous,,50.00%,50.00%,Levitate,,,,Hold Back,Normal,,,
Yes,Yes,8,Pokémon Legends Arceus,,,Alpha,Misdreavus,1,,Alpha Misdreavus,Baron Feuforêve,200,,,misdreavus,Misdreavus,,misdreavus-alpha,Ghost,,,,"6,240",Amorphous,,50.00%,50.00%,Levitate,,,,Hold Back,Normal,,,
Yes,No,2,"Gold, Silver, Crystal",,,,Unown,2,,Unown A,Zarbi A,201,,,unown,Unown,,unown-a,Pyschic,,,,"10,240",Undiscovered,,○,○,Levitate,,,,Hold Hands,Normal,,,
Yes,No,8,Pokémon Legends Arceus,,,Alpha,Unown,3,,Alpha Unown A,Baron Zarbi A,201,,,unown,Unown,,unown-a-alpha,Pyschic,,,,"10,240",Undiscovered,,○,○,Levitate,,,,Hold Hands,Normal,,,
Yes,No,2,"Gold, Silver, Crystal",Alternate,,,Unown,4,,Unown B,Zarbi B,201,,,unown-b,Unown,,unown-b,Pyschic,,,,"10,240",Undiscovered,,○,○,Levitate,,,,Hone Claws,Dark,,,
Yes,No,8,Pokémon Legends Arceus,Alternate,,Alpha,Unown,5,,Alpha Unown B,Baron Zarbi B,201,,,unown-b,Unown,,unown-b-alpha,Pyschic,,,,"10,240",Undiscovered,,○,○,Levitate,,,,Hone Claws,Dark,,,
Yes,No,2,"Gold, Silver, Crystal",Alternate,,,Unown,6,,Unown C,Zarbi C,201,,,unown-c,Unown,,unown-c,Pyschic,,,,"10,240",Undiscovered,,○,○,Levitate,,,,Horn Attack,Normal,,,
Yes,No,8,Pokémon Legends Arceus,Alternate,,Alpha,Unown,7,,Alpha Unown C,Baron Zarbi C,201,,,unown-c,Unown,,unown-c-alpha,Pyschic,,,,"10,240",Undiscovered,,○,○,Levitate,,,,Horn Attack,Normal,,,
Yes,No,2,"Gold, Silver, Crystal",Alternate,,,Unown,8,,Unown D,Zarbi D,201,,,unown-d,Unown,,unown-d,Pyschic,,,,"10,240",Undiscovered,,○,○,Levitate,,,,Horn Drill,Normal,,,
Yes,No,8,Pokémon Legends Arceus,Alternate,,Alpha,Unown,9,,Alpha Unown D,Baron Zarbi D,201,,,unown-d,Unown,,unown-d-alpha,Pyschic,,,,"10,240",Undiscovered,,○,○,Levitate,,,,Horn Drill,Normal,,,
Yes,No,2,"Gold, Silver, Crystal",Alternate,,,Unown,10,,Unown E,Zarbi E,201,,,unown-e,Unown,,unown-e,Pyschic,,,,"10,240",Undiscovered,,○,○,Levitate,,,,Horn Leech,Grass,,,
Yes,No,8,Pokémon Legends Arceus,Alternate,,Alpha,Unown,11,,Alpha Unown E,Baron Zarbi E,201,,,unown-e,Unown,,unown-e-alpha,Pyschic,,,,"10,240",Undiscovered,,○,○,Levitate,,,,Horn Leech,Grass,,,
Yes,No,2,"Gold, Silver, Crystal",Alternate,,,Unown,12,,Unown F,Zarbi F,201,,,unown-f,Unown,,unown-f,Pyschic,,,,"10,240",Undiscovered,,○,○,Levitate,,,,Howl,Normal,,,
Yes,No,8,Pokémon Legends Arceus,Alternate,,Alpha,Unown,13,,Alpha Unown F,Baron Zarbi F,201,,,unown-f,Unown,,unown-f-alpha,Pyschic,,,,"10,240",Undiscovered,,○,○,Levitate,,,,Howl,Normal,,,
Yes,No,2,"Gold, Silver, Crystal",Alternate,,,Unown,14,,Unown G,Zarbi G,201,,,unown-g,Unown,,unown-g,Pyschic,,,,"10,240",Undiscovered,,○,○,Levitate,,,,Hurricane,Flying,,,
Yes,No,8,Pokémon Legends Arceus,Alternate,,Alpha,Unown,15,,Alpha Unown G,Baron Zarbi G,201,,,unown-g,Unown,,unown-g-alpha,Pyschic,,,,"10,240",Undiscovered,,○,○,Levitate,,,,Hurricane,Flying,,,
Yes,No,2,"Gold, Silver, Crystal",Alternate,,,Unown,16,,Unown H,Zarbi H,201,,,unown-h,Unown,,unown-h,Pyschic,,,,"10,240",Undiscovered,,○,○,Levitate,,,,Hydro Cannon,Water,,,
Yes,No,8,Pokémon Legends Arceus,Alternate,,Alpha,Unown,17,,Alpha Unown H,Baron Zarbi H,201,,,unown-h,Unown,,unown-h-alpha,Pyschic,,,,"10,240",Undiscovered,,○,○,Levitate,,,,Hydro Cannon,Water,,,
Yes,No,2,"Gold, Silver, Crystal",Alternate,,,Unown,18,,Unown I,Zarbi I,201,,,unown-i,Unown,,unown-i,Pyschic,,,,"10,240",Undiscovered,,○,○,Levitate,,,,Hydro Pump,Water,,,
Yes,No,8,Pokémon Legends Arceus,Alternate,,Alpha,Unown,19,,Alpha Unown I,Baron Zarbi I,201,,,unown-i,Unown,,unown-i-alpha,Pyschic,,,,"10,240",Undiscovered,,○,○,Levitate,,,,Hydro Pump,Water,,,
Yes,No,2,"Gold, Silver, Crystal",Alternate,,,Unown,20,,Unown J,Zarbi J,201,,,unown-j,Unown,,unown-j,Pyschic,,,,"10,240",Undiscovered,,○,○,Levitate,,,,Hydro Vortex,Water,,,
Yes,No,8,Pokémon Legends Arceus,Alternate,,Alpha,Unown,21,,Alpha Unown J,Baron Zarbi J,201,,,unown-j,Unown,,unown-j-alpha,Pyschic,,,,"10,240",Undiscovered,,○,○,Levitate,,,,Hydro Vortex,Water,,,
Yes,No,2,"Gold, Silver, Crystal",Alternate,,,Unown,22,,Unown K,Zarbi K,201,,,unown-k,Unown,,unown-k,Pyschic,,,,"10,240",Undiscovered,,○,○,Levitate,,,,Hyper Beam,Normal,,,
Yes,No,8,Pokémon Legends Arceus,Alternate,,Alpha,Unown,23,,Alpha Unown K,Baron Zarbi K,201,,,unown-k,Unown,,unown-k-alpha,Pyschic,,,,"10,240",Undiscovered,,○,○,Levitate,,,,Hyper Beam,Normal,,,
Yes,No,2,"Gold, Silver, Crystal",Alternate,,,Unown,24,,Unown L,Zarbi L,201,,,unown-l,Unown,,unown-l,Pyschic,,,,"10,240",Undiscovered,,○,○,Levitate,,,,Hyper Fang,Normal,,,
Yes,No,8,Pokémon Legends Arceus,Alternate,,Alpha,Unown,25,,Alpha Unown L,Baron Zarbi L,201,,,unown-l,Unown,,unown-l-alpha,Pyschic,,,,"10,240",Undiscovered,,○,○,Levitate,,,,Hyper Fang,Normal,,,
Yes,No,2,"Gold, Silver, Crystal",Alternate,,,Unown,26,,Unown M,Zarbi M,201,,,unown-m,Unown,,unown-m,Pyschic,,,,"10,240",Undiscovered,,○,○,Levitate,,,,Hyper Voice,Normal,,,
Yes,No,8,Pokémon Legends Arceus,Alternate,,Alpha,Unown,27,,Alpha Unown M,Baron Zarbi M,201,,,unown-m,Unown,,unown-m-alpha,Pyschic,,,,"10,240",Undiscovered,,○,○,Levitate,,,,Hyper Voice,Normal,,,
Yes,No,2,"Gold, Silver, Crystal",Alternate,,,Unown,28,,Unown N,Zarbi N,201,,,unown-n,Unown,,unown-n,Pyschic,,,,"10,240",Undiscovered,,○,○,Levitate,,,,Hyperspace Fury,Dark,,,
Yes,No,8,Pokémon Legends Arceus,Alternate,,Alpha,Unown,29,,Alpha Unown N,Baron Zarbi N,201,,,unown-n,Unown,,unown-n-alpha,Pyschic,,,,"10,240",Undiscovered,,○,○,Levitate,,,,Hyperspace Fury,Dark,,,
Yes,No,2,"Gold, Silver, Crystal",Alternate,,,Unown,30,,Unown O,Zarbi O,201,,,unown-o,Unown,,unown-o,Pyschic,,,,"10,240",Undiscovered,,○,○,Levitate,,,,Hyperspace Hole,Pyschic,,,
Yes,No,8,Pokémon Legends Arceus,Alternate,,Alpha,Unown,31,,Alpha Unown O,Baron Zarbi O,201,,,unown-o,Unown,,unown-o-alpha,Pyschic,,,,"10,240",Undiscovered,,○,○,Levitate,,,,Hyperspace Hole,Pyschic,,,
Yes,No,2,"Gold, Silver, Crystal",Alternate,,,Unown,32,,Unown P,Zarbi P,201,,,unown-p,Unown,,unown-p,Pyschic,,,,"10,240",Undiscovered,,○,○,Levitate,,,,Hypnosis,Pyschic,,,
Yes,No,8,Pokémon Legends Arceus,Alternate,,Alpha,Unown,33,,Alpha Unown P,Baron Zarbi P,201,,,unown-p,Unown,,unown-p-alpha,Pyschic,,,,"10,240",Undiscovered,,○,○,Levitate,,,,Hypnosis,Pyschic,,,
Yes,No,2,"Gold, Silver, Crystal",Alternate,,,Unown,34,,Unown Q,Zarbi Q,201,,,unown-q,Unown,,unown-q,Pyschic,,,,"10,240",Undiscovered,,○,○,Levitate,,,,Ice Ball,Ice,,,
Yes,No,8,Pokémon Legends Arceus,Alternate,,Alpha,Unown,35,,Alpha Unown Q,Baron Zarbi Q,201,,,unown-q,Unown,,unown-q-alpha,Pyschic,,,,"10,240",Undiscovered,,○,○,Levitate,,,,Ice Ball,Ice,,,
Yes,No,2,"Gold, Silver, Crystal",Alternate,,,Unown,36,,Unown R,Zarbi R,201,,,unown-r,Unown,,unown-r,Pyschic,,,,"10,240",Undiscovered,,○,○,Levitate,,,,Ice Beam,Ice,,,
Yes,No,8,Pokémon Legends Arceus,Alternate,,Alpha,Unown,37,,Alpha Unown R,Baron Zarbi R,201,,,unown-r,Unown,,unown-r-alpha,Pyschic,,,,"10,240",Undiscovered,,○,○,Levitate,,,,Ice Beam,Ice,,,
Yes,No,2,"Gold, Silver, Crystal",Alternate,,,Unown,38,,Unown S,Zarbi S,201,,,unown-s,Unown,,unown-s,Pyschic,,,,"10,240",Undiscovered,,○,○,Levitate,,,,Ice Burn,Ice,,,
Yes,No,8,Pokémon Legends Arceus,Alternate,,Alpha,Unown,39,,Alpha Unown S,Baron Zarbi S,201,,,unown-s,Unown,,unown-s-alpha,Pyschic,,,,"10,240",Undiscovered,,○,○,Levitate,,,,Ice Burn,Ice,,,
Yes,No,2,"Gold, Silver, Crystal",Alternate,,,Unown,40,,Unown T,Zarbi T,201,,,unown-t,Unown,,unown-t,Pyschic,,,,"10,240",Undiscovered,,○,○,Levitate,,,,Ice Fang,Ice,,,
Yes,No,8,Pokémon Legends Arceus,Alternate,,Alpha,Unown,41,,Alpha Unown T,Baron Zarbi T,201,,,unown-t,Unown,,unown-t-alpha,Pyschic,,,,"10,240",Undiscovered,,○,○,Levitate,,,,Ice Fang,Ice,,,
Yes,No,2,"Gold, Silver, Crystal",Alternate,,,Unown,42,,Unown U,Zarbi U,201,,,unown-u,Unown,,unown-u,Pyschic,,,,"10,240",Undiscovered,,○,○,Levitate,,,,Ice Hammer,Ice,,,
Yes,No,8,Pokémon Legends Arceus,Alternate,,Alpha,Unown,43,,Alpha Unown U,Baron Zarbi U,201,,,unown-u,Unown,,unown-u-alpha,Pyschic,,,,"10,240",Undiscovered,,○,○,Levitate,,,,Ice Hammer,Ice,,,
Yes,No,2,"Gold, Silver, Crystal",Alternate,,,Unown,44,,Unown V,Zarbi V,201,,,unown-v,Unown,,unown-v,Pyschic,,,,"10,240",Undiscovered,,○,○,Levitate,,,,Ice Punch,Ice,,,
Yes,No,8,Pokémon Legends Arceus,Alternate,,Alpha,Unown,45,,Alpha Unown V,Baron Zarbi V,201,,,unown-v,Unown,,unown-v-alpha,Pyschic,,,,"10,240",Undiscovered,,○,○,Levitate,,,,Ice Punch,Ice,,,
Yes,No,2,"Gold, Silver, Crystal",Alternate,,,Unown,46,,Unown W,Zarbi W,201,,,unown-w,Unown,,unown-w,Pyschic,,,,"10,240",Undiscovered,,○,○,Levitate,,,,Ice Shard,Ice,,,
Yes,No,8,Pokémon Legends Arceus,Alternate,,Alpha,Unown,47,,Alpha Unown W,Baron Zarbi W,201,,,unown-w,Unown,,unown-w-alpha,Pyschic,,,,"10,240",Undiscovered,,○,○,Levitate,,,,Ice Shard,Ice,,,
Yes,No,2,"Gold, Silver, Crystal",Alternate,,,Unown,48,,Unown X,Zarbi X,201,,,unown-x,Unown,,unown-x,Pyschic,,,,"10,240",Undiscovered,,○,○,Levitate,,,,Icicle Crash,Ice,,,
Yes,No,8,Pokémon Legends Arceus,Alternate,,Alpha,Unown,49,,Alpha Unown X,Baron Zarbi X,201,,,unown-x,Unown,,unown-x-alpha,Pyschic,,,,"10,240",Undiscovered,,○,○,Levitate,,,,Icicle Crash,Ice,,,
Yes,No,2,"Gold, Silver, Crystal",Alternate,,,Unown,50,,Unown Y,Zarbi Y,201,,,unown-y,Unown,,unown-y,Pyschic,,,,"10,240",Undiscovered,,○,○,Levitate,,,,Icicle Spear,Ice,,,
Yes,No,8,Pokémon Legends Arceus,Alternate,,Alpha,Unown,51,,Alpha Unown Y,Baron Zarbi Y,201,,,unown-y,Unown,,unown-y-alpha,Pyschic,,,,"10,240",Undiscovered,,○,○,Levitate,,,,Icicle Spear,Ice,,,
Yes,No,2,"Gold, Silver, Crystal",Alternate,,,Unown,52,,Unown Z,Zarbi Z,201,,,unown-z,Unown,,unown-z,Pyschic,,,,"10,240",Undiscovered,,○,○,Levitate,,,,Icy Wind,Ice,,,
Yes,No,8,Pokémon Legends Arceus,Alternate,,Alpha,Unown,53,,Alpha Unown Z,Baron Zarbi Z,201,,,unown-z,Unown,,unown-z-alpha,Pyschic,,,,"10,240",Undiscovered,,○,○,Levitate,,,,Icy Wind,Ice,,,
Yes,No,2,"Gold, Silver, Crystal",Alternate,,,Unown,54,,Unown !,Zarbi !,201,,,unown-exclamation,Unown,,unown-exclamation,Pyschic,,,,"10,240",Undiscovered,,○,○,Levitate,,,,Imprison,Pyschic,,,
Yes,No,8,Pokémon Legends Arceus,Alternate,,Alpha,Unown,55,,Alpha Unown !,Baron Zarbi !,201,,,unown-exclamation,Unown,,unown-exclamation-alpha,Pyschic,,,,"10,240",Undiscovered,,○,○,Levitate,,,,Imprison,Pyschic,,,
Yes,No,2,"Gold, Silver, Crystal",Alternate,,,Unown,56,,Unown ?,Zarbi ?,201,,,unown-question,Unown,,unown-question,Pyschic,,,,"10,240",Undiscovered,,○,○,Levitate,,,,Incinerate,Fire,,,
Yes,No,8,Pokémon Legends Arceus,Alternate,,Alpha,Unown,57,,Alpha Unown ?,Baron Zarbi ?,201,,,unown-question,Unown,,unown-question-alpha,Pyschic,,,,"10,240",Undiscovered,,○,○,Levitate,,,,Incinerate,Fire,,,
Yes,Yes,2,"Gold, Silver, Crystal",,,,Wobbuffet,0,15,Wobbuffet,Qulbutoké,202,,,wobbuffet,Wobbuffet,,wobbuffet,Pyschic,,,,"5,120",Amorphous,,50.00%,50.00%,Shadow Tag,,Telepathy,,Inferno,Fire,,,
Yes,Yes,4,"Diamond, Pearl, Platinium",Gender,,,Wobbuffet,1,15,Wobbuffet ♀,Qulbutoké ♀,202,,,wobbuffet,Wobbuffet,,wobbuffet-f,Pyschic,,,,"5,120",Amorphous,,50.00%,50.00%,Shadow Tag,,Telepathy,,Inferno Overdrive,Fire,,,
Yes,Yes,2,"Gold, Silver, Crystal",,,,Girafarig,0,,Girafarig,Girafarig,203,,,girafarig,Girafarig,,girafarig,Normal,,Pyschic,,"5,120",Field,,50.00%,50.00%,Inner Focus,Early Bird,Sap Sipper,,Infestation,Bug,,,
Yes,Yes,4,"Diamond, Pearl, Platinium",Gender,,,Girafarig,1,,Girafarig ♀,Girafarig ♀,203,,,girafarig,Girafarig,,girafarig-f,Normal,,Pyschic,,"5,120",Field,,50.00%,50.00%,Inner Focus,Early Bird,Sap Sipper,,Ingrain,Grass,,,
Yes,Yes,2,"Gold, Silver, Crystal",,,,Pineco,0,,Pineco,Pomdepik,204,,,pineco,Pineco,,pineco,Bug,,,,"5,120",Bug,,50.00%,50.00%,Sturdy,,Overcoat,,Instruct,Pyschic,,,
Yes,Yes,2,"Gold, Silver, Crystal",,,,Pineco,1,31,Forretress,Foretress,205,,,forretress,Forretress,,forretress,Bug,,Steel,,"5,120",Bug,,50.00%,50.00%,Sturdy,,Overcoat,,Ion Deluge,Electric,,,
Yes,Yes,2,"Gold, Silver, Crystal",,,,Dunsparce,0,,Dunsparce,Insolourdo,206,,,dunsparce,Dunsparce,,dunsparce,Normal,,,,"5,120",Field,,50.00%,50.00%,Serene Grace,Run Away,Rattled,,Iron Defense,Steel,,,
Yes,Yes,2,"Gold, Silver, Crystal",,,,Gligar,0,,Gligar,Scorplane,207,,,gligar,Gligar,,gligar,Ground,,Flying,,"5,120",Bug,,50.00%,50.00%,Hyper Cutter,Sand Veil,Immunity,,Iron Head,Steel,,,
Yes,Yes,8,Pokémon Legends Arceus,,,Alpha,Gligar,1,,Alpha Gligar,Baron Scorplane,207,,,gligar,Gligar,,gligar-alpha,Ground,,Flying,,"5,120",Bug,,50.00%,50.00%,Hyper Cutter,Sand Veil,Immunity,,Iron Head,Steel,,,
Yes,Yes,4,"Diamond, Pearl, Platinium",Gender,,,Gligar,2,,Gligar ♀,Scorplane ♀,207,,,gligar,Gligar,,gligar-f,Ground,,Flying,,"5,120",Bug,,50.00%,50.00%,Hyper Cutter,Sand Veil,Immunity,,Iron Tail,Steel,,,
Yes,Yes,8,Pokémon Legends Arceus,Gender,,Alpha,Gligar,3,,Alpha Gligar ♀,Baron Scorplane ♀,207,,,gligar,Gligar,,gligar-alpha-f,Ground,,Flying,,"5,120",Bug,,50.00%,50.00%,Hyper Cutter,Sand Veil,Immunity,,Iron Tail,Steel,,,
Yes,Yes,2,"Gold, Silver, Crystal",,,,Onix,4,Trade (Metal Coat),Steelix,Steelix,208,,,steelix,Steelix,,steelix,Steel,,Ground,,"5,120",Mineral,,50.00%,50.00%,Rock Head,Sturdy,Sheer Force,,Jaw Lock,Dark,,,
Yes,Yes,8,Pokémon Legends Arceus,,,Alpha,Onix,5,Trade (Metal Coat),Alpha Steelix,Baron Steelix,208,,,steelix,Steelix,,steelix-alpha,Steel,,Ground,,"5,120",Mineral,,50.00%,50.00%,Rock Head,Sturdy,Sheer Force,,Jaw Lock,Dark,,,
Yes,Yes,4,"Diamond, Pearl, Platinium",Gender,,,Onix,6,Trade (Metal Coat),Steelix ♀,Steelix ♀,208,,,steelix,Steelix,,steelix-f,Steel,,Ground,,"5,120",Mineral,,50.00%,50.00%,Rock Head,Sturdy,Sheer Force,,Judgment,Normal,,,
Yes,Yes,8,Pokémon Legends Arceus,Gender,,Alpha,Onix,7,Trade (Metal Coat),Alpha Steelix ♀,Baron Steelix ♀,208,,,steelix,Steelix,,steelix-alpha-f,Steel,,Ground,,"5,120",Mineral,,50.00%,50.00%,Rock Head,Sturdy,Sheer Force,,Judgment,Normal,,,
No,No,6,"X, Y",,,Mega,Onix,8,,Mega Steelix,Mega Steelix,208,,,steelix-mega,Steelix,Yes,steelix-mega,Steel,,Ground,,"5,120",Mineral,,50.00%,50.00%,Sand Force,,,,Jump Kick,Fighting,,,
Yes,Yes,2,"Gold, Silver, Crystal",,,,Snubbull,0,,Snubbull,Snubbull,209,,,snubbull,Snubbull,,snubbull,Fairy,,,,"5,120",Field,Fairy,25.00%,75.00%,Intimidate,Run Away,Rattled,,Jungle Healing,Grass,,,
Yes,Yes,2,"Gold, Silver, Crystal",,,,Snubbull,1,23,Granbull,Granbull,210,,,granbull,Granbull,,granbull,Fairy,,,,"5,120",Field,Fairy,25.00%,75.00%,Intimidate,Quick Feet,Rattled,,Karate Chop,Fighting,,,
Yes,Yes,2,"Gold, Silver, Crystal",,,,Qwilfish,0,,Qwilfish,Qwilfish,211,,,qwilfish,Qwilfish,,qwilfish,Water,,Poison,,"5,120",Water 2,,50.00%,50.00%,Poison Point,Swift Swim,Intimidate,,Kinesis,Pyschic,,,
Yes,Yes,8,Pokémon Legends Arceus,,Hisuian,,Qwilfish,1,,Qwilfish-Hisui,Qwilfish de Hisui,211,,,qwilfish-hisui,Qwilfish (Hisuian),,qwilfish-hisui,Dark,,Poison,,,,,,,,,,,,,,,
Yes,Yes,8,Pokémon Legends Arceus,,Hisuian,Alpha,Qwilfish,2,,Alpha Qwilfish-Hisui,Baron Qwilfish de Hisui,211,,,qwilfish-hisui,Qwilfish (Hisuian),,qwilfish-hisui-alpha,Dark,,Poison,,,,,,,,,,,,,,,
Yes,Yes,2,"Gold, Silver, Crystal",,,,Scyther,3,Trade (Metal Coat),Scizor,Cizayox,212,,,scizor,Scizor,,scizor,Bug,,Steel,,"6,240",Bug,,50.00%,50.00%,Swarm,Technician,Light Metal,,King's Shield,Steel,,,
Yes,Yes,8,Pokémon Legends Arceus,,,Alpha,Scyther,4,Trade (Metal Coat),Alpha Scizor,Baron Cizayox,212,,,scizor,Scizor,,scizor-alpha,Bug,,Steel,,"6,240",Bug,,50.00%,50.00%,Swarm,Technician,Light Metal,,King's Shield,Steel,,,
Yes,Yes,4,"Diamond, Pearl, Platinium",Gender,,,Scyther,5,Trade (Metal Coat),Scizor ♀,Cizayox ♀,212,,,scizor,Scizor,,scizor-f,Bug,,Steel,,"6,240",Bug,,50.00%,50.00%,Swarm,Technician,Light Metal,,Knock Off,Dark,,,
Yes,Yes,8,Pokémon Legends Arceus,Gender,,Alpha,Scyther,6,Trade (Metal Coat),Alpha Scizor ♀,Baron Cizayox ♀,212,,,scizor,Scizor,,scizor-alpha-f,Bug,,Steel,,"6,240",Bug,,50.00%,50.00%,Swarm,Technician,Light Metal,,Knock Off,Dark,,,
No,No,6,"X, Y",,,Mega,Scyther,7,,Mega Scizor,Mega Cizayox,212,,,scizor-mega,Scizor,Yes,scizor-mega,Bug,,Steel,,"6,240",Bug,,50.00%,50.00%,Technician,,,,Land's Wrath,Ground,,,
Yes,Yes,2,"Gold, Silver, Crystal",,,,Shuckle,0,,Shuckle,Caratroc,213,,,shuckle,Shuckle,,shuckle,Bug,,Rock,,"5,120",Bug,,50.00%,50.00%,Sturdy,Gluttony,Contrary,,Laser Focus,Normal,,,
Yes,Yes,2,"Gold, Silver, Crystal",,,,Heracross,0,,Heracross,Scarhino,214,,,heracross,Heracross,,heracross,Bug,,Fighting,,"6,240",Bug,,50.00%,50.00%,Swarm,Guts,Moxie,,Last Resort,Normal,,,
Yes,Yes,8,Pokémon Legends Arceus,,,Alpha,Heracross,1,,Alpha Heracross,Baron Scarhino,214,,,heracross,Heracross,,heracross-alpha,Bug,,Fighting,,"6,240",Bug,,50.00%,50.00%,Swarm,Guts,Moxie,,Last Resort,Normal,,,
Yes,Yes,4,"Diamond, Pearl, Platinium",Gender,,,Heracross,2,,Heracross ♀,Scarhino ♀,214,,,heracross,Heracross,,heracross-f,Bug,,Fighting,,"6,240",Bug,,50.00%,50.00%,Swarm,Guts,Moxie,,Lava Plume,Fire,,,
Yes,Yes,8,Pokémon Legends Arceus,Gender,,Alpha,Heracross,3,,Alpha Heracross ♀,Baron Scarhino ♀,214,,,heracross,Heracross,,heracross-alpha-f,Bug,,Fighting,,"6,240",Bug,,50.00%,50.00%,Swarm,Guts,Moxie,,Lava Plume,Fire,,,
No,No,6,"X, Y",,,Mega,Heracross,4,,Mega Heracross,Mega Scarhino,214,,,heracross-mega,Heracross,Yes,heracross-mega,Bug,,Fighting,,"6,240",Bug,,50.00%,50.00%,Skill Link,,,,Leaf Blade,Grass,,,
Yes,Yes,2,"Gold, Silver, Crystal",,,,Sneasel,0,,Sneasel,Farfuret,215,,,sneasel,Sneasel,,sneasel,Dark,,Ice,,"5,120",Field,,50.00%,50.00%,Inner Focus,Keen Eye,Pickpocket,,Leaf Storm,Grass,,,
Yes,Yes,8,Pokémon Legends Arceus,,,Alpha,Sneasel,1,,Alpha Sneasel,Baron Farfuret,215,,,sneasel,Sneasel,,sneasel-alpha,Dark,,Ice,,"5,120",Field,,50.00%,50.00%,Inner Focus,Keen Eye,Pickpocket,,Leaf Storm,Grass,ur,,
Yes,Yes,8,Pokémon Legends Arceus,,Hisuian,,Sneasel,2,,Sneasel-Hisui,Farfuret de Hisui,215,,,sneasel-hisui,Sneasel (Hisuian),,sneasel-hisui,Fight,,Poison,,,,,,,,,,,,,,,
Yes,Yes,8,Pokémon Legends Arceus,,Hisuian,Alpha,Sneasel,3,,Alpha Sneasel-Hisui,Baron Farfuret de Hisui,215,,,sneasel-hisui,Sneasel (Hisuian),,sneasel-hisui-alpha,Fight,,Poison,,,,,,,,,,,,,,,
Yes,Yes,4,"Diamond, Pearl, Platinium",Gender,,,Sneasel,4,,Sneasel ♀,Farfuret ♀,215,,,sneasel,Sneasel,,sneasel-f,Dark,,Ice,,"5,120",Field,,50.00%,50.00%,Inner Focus,Keen Eye,Pickpocket,,Leaf Tornado,Grass,,,
Yes,Yes,8,Pokémon Legends Arceus,Gender,,Alpha,Sneasel,5,,Alpha Sneasel ♀,Baron Farfuret ♀,215,,,sneasel,Sneasel,,sneasel-alpha-f,Dark,,Ice,,"5,120",Field,,50.00%,50.00%,Inner Focus,Keen Eye,Pickpocket,,Leaf Tornado,Grass,,,
Yes,Yes,8,Pokémon Legends Arceus,Gender,Hisuian,,Sneasel,6,,Sneasel ♀-Hisui,Farfuret ♀ de Hisui,215,,,sneasel-hisui,Sneasel (Hisuian),,sneasel-hisui-f,Fight,,Poison,,,,,,,,,,,,,,,
Yes,Yes,8,Pokémon Legends Arceus,Gender,Hisuian,Alpha,Sneasel,7,,Alpha Sneasel ♀-Hisui,Baron Farfuret ♀ de Hisui,215,,,sneasel-hisui,Sneasel (Hisuian),,sneasel-hisui-alpha-f,Fight,,Poison,,,,,,,,,,,,,,,
Yes,Yes,2,"Gold, Silver, Crystal",,,,Teddiursa,0,,Teddiursa,Teddiursa,216,,,teddiursa,Teddiursa,,teddiursa,Normal,,,,"5,120",Field,,50.00%,50.00%,Pickup,Quick Feet,Honey Gather,,Leafage,Grass,,,
Yes,Yes,8,Pokémon Legends Arceus,,,Alpha,Teddiursa,1,,Alpha Teddiursa,Baron Teddiursa,216,,,teddiursa,Teddiursa,,teddiursa-alpha,Normal,,,,"5,120",Field,,50.00%,50.00%,Pickup,Quick Feet,Honey Gather,,Leafage,Grass,,,
Yes,Yes,2,"Gold, Silver, Crystal",,,,Teddiursa,2,30,Ursaring,Ursaring,217,,,ursaring,Ursaring,,ursaring,Normal,,,,"5,120",Field,,50.00%,50.00%,Guts,Quick Feet,Unnerve,,Leech Life,Bug,,,
Yes,Yes,8,Pokémon Legends Arceus,,,Alpha,Teddiursa,3,30,Alpha Ursaring,Baron Ursaring,217,,,ursaring,Ursaring,,ursaring-alpha,Normal,,,,"5,120",Field,,50.00%,50.00%,Guts,Quick Feet,Unnerve,,Leech Life,Bug,,,
Yes,Yes,4,"Diamond, Pearl, Platinium",Gender,,,Teddiursa,4,30,Ursaring ♀,Ursaring ♀,217,,,ursaring,Ursaring,,ursaring-f,Normal,,,,"5,120",Field,,50.00%,50.00%,Guts,Quick Feet,Unnerve,,Leech Seed,Grass,,,
Yes,Yes,8,Pokémon Legends Arceus,Gender,,Alpha,Teddiursa,5,30,Alpha Ursaring ♀,Baron Ursaring ♀,217,,,ursaring,Ursaring,,ursaring-alpha-f,Normal,,,,"5,120",Field,,50.00%,50.00%,Guts,Quick Feet,Unnerve,,Leech Seed,Grass,,,
Yes,Yes,2,"Gold, Silver, Crystal",,,,Slugma,0,,Slugma,Limagma,218,,,slugma,Slugma,,slugma,Fire,,,,"5,120",Amorphous,,50.00%,50.00%,Magma Armor,Flame Body,Weak Armor,,Leer,Normal,,,
Yes,Yes,2,"Gold, Silver, Crystal",,,,Slugma,1,38,Magcargo,Volcaropod,219,,,magcargo,Magcargo,,magcargo,Fire,,Rock,,"5,120",Amorphous,,50.00%,50.00%,Magma Armor,Flame Body,Weak Armor,,Let's Snuggle Forever,Fairy,,,
Yes,Yes,2,"Gold, Silver, Crystal",,,,Swinub,0,,Swinub,Marcacrin,220,,,swinub,Swinub,,swinub,Ice,,Ground,,"5,120",Field,,50.00%,50.00%,Oblivious,Snow Cloak,Thick Fat,,Lick,Ghost,,,
Yes,Yes,8,Pokémon Legends Arceus,,,Alpha,Swinub,1,,Alpha Swinub,Baron Marcacrin,220,,,swinub,Swinub,,swinub-alpha,Ice,,Ground,,"5,120",Field,,50.00%,50.00%,Oblivious,Snow Cloak,Thick Fat,,Lick,Ghost,,,
Yes,Yes,2,"Gold, Silver, Crystal",,,,Swinub,2,33,Piloswine,Cochignon,221,,,piloswine,Piloswine,,piloswine,Ice,,Ground,,"5,120",Field,,50.00%,50.00%,Oblivious,Snow Cloak,Thick Fat,,Life Dew,Water,,,
Yes,Yes,8,Pokémon Legends Arceus,,,Alpha,Swinub,3,33,Alpha Piloswine,Baron Cochignon,221,,,piloswine,Piloswine,,piloswine-alpha,Ice,,Ground,,"5,120",Field,,50.00%,50.00%,Oblivious,Snow Cloak,Thick Fat,,Life Dew,Water,,,
Yes,Yes,4,"Diamond, Pearl, Platinium",Gender,,,Swinub,4,33,Piloswine ♀,Cochignon ♀,221,,,piloswine,Piloswine,,piloswine-f,Ice,,Ground,,"5,120",Field,,50.00%,50.00%,Oblivious,Snow Cloak,Thick Fat,,Light of Ruin,Fairy,,,
Yes,Yes,8,Pokémon Legends Arceus,Gender,,Alpha,Swinub,5,33,Alpha Piloswine ♀,Baron Cochignon ♀,221,,,piloswine,Piloswine,,piloswine-alpha-f,Ice,,Ground,,"5,120",Field,,50.00%,50.00%,Oblivious,Snow Cloak,Thick Fat,,Light of Ruin,Fairy,,,
Yes,Yes,2,"Gold, Silver, Crystal",,,,Corsola,0,,Corsola,Corayon,222,,,corsola,Corsola,,corsola,Water,,Rock,,"5,120",Water 1,Water 3,25.00%,75.00%,Hustle,Natural Cure,Regenerator,,Light Screen,Pyschic,,,
Yes,Yes,8,"Sword, Shield",,,,Corsola,1,,Corsola-Galar,Corayon de Galar,222,,,corsola-galar,"Corsola
(Galarian)",,corsola-galar,Ghost,,,,"5,120",Water 1,Water 3,25.00%,75.00%,Weak Armor,,Cursed Body,,Light That Burns The Sky,Pyschic,,,
Yes,Yes,2,"Gold, Silver, Crystal",,,,Remoraid,0,,Remoraid,Rémoraid,223,,,remoraid,Remoraid,,remoraid,Water,,,,"5,120",Water 1,Water 2,50.00%,50.00%,Hustle,Sniper,Moody,,Liquidation,Water,,,
Yes,Yes,8,Pokémon Legends Arceus,,,Alpha,Remoraid,1,,Alpha Remoraid,Baron Rémoraid,223,,,remoraid,Remoraid,,remoraid-alpha,Water,,,,"5,120",Water 1,Water 2,50.00%,50.00%,Hustle,Sniper,Moody,,Liquidation,Water,,,
Yes,Yes,2,"Gold, Silver, Crystal",,,,Remoraid,2,25,Octillery,Octillery,224,,,octillery,Octillery,,octillery,Water,,,,"5,120",Water 1,Water 2,50.00%,50.00%,Suction Cups,Sniper,Moody,,Lock-On,Normal,,,
Yes,Yes,8,Pokémon Legends Arceus,,,Alpha,Remoraid,3,25,Alpha Octillery,Baron Octillery,224,,,octillery,Octillery,,octillery-alpha,Water,,,,"5,120",Water 1,Water 2,50.00%,50.00%,Suction Cups,Sniper,Moody,,Lock-On,Normal,,,
Yes,Yes,4,"Diamond, Pearl, Platinium",Gender,,,Remoraid,4,25,Octillery ♀,Octillery ♀,224,,,octillery,Octillery,,octillery-f,Water,,,,"5,120",Water 1,Water 2,50.00%,50.00%,Suction Cups,Sniper,Moody,,Lovely Kiss,Normal,,,
Yes,Yes,8,Pokémon Legends Arceus,Gender,,Alpha,Remoraid,5,25,Alpha Octillery ♀,Baron Octillery ♀,224,,,octillery,Octillery,,octillery-alpha-f,Water,,,,"5,120",Water 1,Water 2,50.00%,50.00%,Suction Cups,Sniper,Moody,,Lovely Kiss,Normal,,,
Yes,Yes,2,"Gold, Silver, Crystal",,,,Delibird,0,,Delibird,Cadoizo,225,,,delibird,Delibird,,delibird,Ice,,Flying,,"5,120",Water 1,Field,50.00%,50.00%,Vital Spirit,Hustle,Insomnia,,Low Kick,Fighting,,,
Yes,Yes,2,"Gold, Silver, Crystal",,,,Mantine,0,2 (Remoraid in Party),Mantine,Démanta,226,,,mantine,Mantine,,mantine,Water,,Flying,,"6,240",Water 1,,50.00%,50.00%,Swift Swim,Water Absorb,Water Veil,,Low Sweep,Fighting,,,
Yes,Yes,8,Pokémon Legends Arceus,,,Alpha,Mantine,1,2 (Remoraid in Party),Alpha Mantine,Baron Démanta,226,,,mantine,Mantine,,mantine-alpha,Water,,Flying,,"6,240",Water 1,,50.00%,50.00%,Swift Swim,Water Absorb,Water Veil,,Low Sweep,Fighting,,,
Yes,Yes,2,"Gold, Silver, Crystal",,,,Skarmory,0,,Skarmory,Airmure,227,,,skarmory,Skarmory,,skarmory,Steel,,Flying,,"6,240",Flying,,50.00%,50.00%,Keen Eye,Sturdy,Weak Armor,,Lucky Chant,Normal,,,
Yes,Yes,2,"Gold, Silver, Crystal",,,,Houndour,0,,Houndour,Malosse,228,,,houndour,Houndour,,houndour,Dark,,Fire,,"5,120",Field,,50.00%,50.00%,Early Bird,Flash Fire,Unnerve,,Lunar Dance,Pyschic,,,
Yes,Yes,2,"Gold, Silver, Crystal",,,,Houndour,1,24,Houndoom,Démolosse,229,,,houndoom,Houndoom,,houndoom,Dark,,Fire,,"5,120",Field,,50.00%,50.00%,Early Bird,Flash Fire,Unnerve,,Lunge,Bug,,,
Yes,Yes,4,"Diamond, Pearl, Platinium",Gender,,,Houndour,2,24,Houndoom ♀,Démolosse ♀,229,,,houndoom,Houndoom,,houndoom-f,Dark,,Fire,,"5,120",Field,,50.00%,50.00%,Early Bird,Flash Fire,Unnerve,,Luster Purge,Pyschic,,,
No,No,6,"X, Y",,,Mega,Houndour,3,,Mega Houndoom,Mega Démolosse,229,,,houndoom-mega,Houndoom,Yes,houndoom-mega,Dark,,Fire,,"5,120",Field,,50.00%,50.00%,Solar Power,,,,Mach Punch,Fighting,,,
Yes,Yes,2,"Gold, Silver, Crystal",,,,Horsea,4,Trade (Dragon Scale),Kingdra,Hyporoi,230,,,kingdra,Kingdra,,kingdra,Water,,Dragon,,"5,120",Water 1,Dragon,50.00%,50.00%,Swift Swim,Sniper,Damp,,Magic Coat,Pyschic,,,
Yes,Yes,2,"Gold, Silver, Crystal",,,,Phanpy,0,,Phanpy,Phanpy,231,,,phanpy,Phanpy,,phanpy,Ground,,,,"5,120",Field,,50.00%,50.00%,Pickup,,Sand Veil,,Magic Powder,Pyschic,,,
Yes,Yes,2,"Gold, Silver, Crystal",,,,Phanpy,1,25,Donphan,Donphan,232,,,donphan,Donphan,,donphan,Ground,,,,"5,120",Field,,50.00%,50.00%,Sturdy,,Sand Veil,,Magic Room,Pyschic,,,
Yes,Yes,4,"Diamond, Pearl, Platinium",Gender,,,Phanpy,2,25,Donphan ♀,Donphan ♀,232,,,donphan,Donphan,,donphan-f,Ground,,,,"5,120",Field,,50.00%,50.00%,Sturdy,,Sand Veil,,Magical Leaf,Grass,,,
Yes,Yes,2,"Gold, Silver, Crystal",,,,Porygon,3,Trade (Up-Grade),Porygon2,Porygon2,233,,,porygon2,Porygon2,,porygon2,Normal,,,,"5,120",Mineral,,○,○,Trace,Download,Analytic,,Magma Storm,Fire,,,
Yes,Yes,8,Pokémon Legends Arceus,,,Alpha,Porygon,4,Trade (Up-Grade),Alpha Porygon2,Baron Porygon2,233,,,porygon2,Porygon2,,porygon2-alpha,Normal,,,,"5,120",Mineral,,○,○,Trace,Download,Analytic,,Magma Storm,Fire,,,
Yes,Yes,2,"Gold, Silver, Crystal",,,,Stantler,0,,Stantler,Cerfrousse,234,,,stantler,Stantler,,stantler,Normal,,,,"5,120",Field,,50.00%,50.00%,Intimidate,Frisk,Sap Sipper,,Magnet Bomb,Steel,,,
Yes,Yes,8,Pokémon Legends Arceus,,,Alpha,Stantler,1,,Alpha Stantler,Baron Cerfrousse,234,,,stantler,Stantler,,stantler-alpha,Normal,,,,"5,120",Field,,50.00%,50.00%,Intimidate,Frisk,Sap Sipper,,Magnet Bomb,Steel,,,
Yes,Yes,2,"Gold, Silver, Crystal",,,,Smeargle,0,,Smeargle,Queulorior,235,,,smeargle,Smeargle,,smeargle,Normal,,,,"5,120",Field,,50.00%,50.00%,Own Tempo,Technician,Moody,,Magnet Rise,Electric,,,
Yes,No,2,"Gold, Silver, Crystal",,,,Hitmonlee,1,,Tyrogue,Debugant,236,,,tyrogue,Tyrogue,,tyrogue,Fighting,,,,"6,240",Undiscovered,,100.00%,0.00%,Guts,Steadfast,Vital Spirit,,Magnetic Flux,Electric,,,
Yes,Yes,2,"Gold, Silver, Crystal",,,,Hitmonlee,2,20 (A=D),Hitmontop,Kapoera,237,,,hitmontop,Hitmontop,,hitmontop,Fighting,,,,"6,240",Human-Like,,100.00%,0.00%,Intimidate,Technician,Steadfast,,Magnitude,Ground,,,
Yes,No,2,"Gold, Silver, Crystal",,,,Jynx,3,,Smoochum,Lippouti,238,,,smoochum,Smoochum,,smoochum,Ice,,Pyschic,,"6,240",Undiscovered,,0.00%,100.00%,Oblivious,Forewarn,Hydration,,Malicious Moonsault,Dark,,,
Yes,No,2,"Gold, Silver, Crystal",,,,Electabuzz,4,,Elekid,Élekid,239,,,elekid,Elekid,,elekid,Electric,,,,"6,240",Undiscovered,,75.00%,25.00%,Static,,Vital Spirit,,Mat Block,Fighting,,,
Yes,No,8,Pokémon Legends Arceus,,,Alpha,Electabuzz,5,,Alpha Elekid,Baron Élekid,239,,,elekid,Elekid,,elekid-alpha,Electric,,,,"6,240",Undiscovered,,75.00%,25.00%,Static,,Vital Spirit,,Mat Block,Fighting,,,
Yes,No,2,"Gold, Silver, Crystal",,,,Magmar,6,,Magby,Magby,240,,,magby,Magby,,magby,Fire,,,,"6,240",Undiscovered,,75.00%,25.00%,Flame Body,,Vital Spirit,,Me First,Normal,,,
Yes,No,8,Pokémon Legends Arceus,,,Alpha,Magmar,7,,Alpha Magby,Baron Magby,240,,,magby,Magby,,magby-alpha,Fire,,,,"6,240",Undiscovered,,75.00%,25.00%,Flame Body,,Vital Spirit,,Me First,Normal,,,
Yes,Yes,2,"Gold, Silver, Crystal",,,,Miltank,0,,Miltank,Écrémeuh,241,,,miltank,Miltank,,miltank,Normal,,,,"5,120",Field,,0.00%,100.00%,Thick Fat,Scrappy,Sap Sipper,,Mean Look,Normal,,,
Yes,Yes,2,"Gold, Silver, Crystal",,,,Chansey,1,3 (Happiness),Blissey,Leuphorie,242,,,blissey,Blissey,,blissey,Normal,,,,"10,240",Fairy,,0.00%,100.00%,Natural Cure,Serene Grace,Healer,,Meditate,Pyschic,,,
Yes,Yes,8,Pokémon Legends Arceus,,,Alpha,Chansey,2,3 (Happiness),Alpha Blissey,Baron Leuphorie,242,,,blissey,Blissey,,blissey-alpha,Normal,,,,"10,240",Fairy,,0.00%,100.00%,Natural Cure,Serene Grace,Healer,,Meditate,Pyschic,,,
Yes,No,2,"Gold, Silver, Crystal",,,,Raikou,0,,Raikou,Raikou,243,,,raikou,Raikou,,raikou,Electric,,,,"20,480",Undiscovered,,○,○,Pressure,,Inner Focus,,Mega Drain,Grass,,,
Yes,No,2,"Gold, Silver, Crystal",,,,Entei,0,,Entei,Entei,244,,,entei,Entei,,entei,Fire,,,,"20,480",Undiscovered,,○,○,Pressure,,Inner Focus,,Mega Kick,Normal,,,
Yes,No,2,"Gold, Silver, Crystal",,,,Suicune,0,,Suicune,Suicune,245,,,suicune,Suicune,,suicune,Water,,,,"20,480",Undiscovered,,○,○,Pressure,,Inner Focus,,Mega Punch,Normal,,,
Yes,Yes,2,"Gold, Silver, Crystal",,,,Larvitar,0,,Larvitar,Embrylex,246,,,larvitar,Larvitar,,larvitar,Rock,,Ground,,"10,240",Monster,,50.00%,50.00%,Guts,,Sand Veil,,Megahorn,Bug,,,
Yes,Yes,2,"Gold, Silver, Crystal",,,,Larvitar,1,30,Pupitar,Ymphect,247,,,pupitar,Pupitar,,pupitar,Rock,,Ground,,"10,240",Monster,,50.00%,50.00%,Shed Skin,,,,Memento,Dark,,,
Yes,Yes,2,"Gold, Silver, Crystal",,,,Larvitar,2,55,Tyranitar,Tyranocif,248,,,tyranitar,Tyranitar,,tyranitar,Rock,,Dark,,"10,240",Monster,,50.00%,50.00%,Sand Stream,,Unnerve,,Menacing Moonraze Maelstrom,Ghost,,,
No,No,6,"X, Y",,,Mega,Larvitar,3,,Mega Tyranitar,Mega Tyranocif,248,,,tyranitar-mega,Tyranitar,Yes,tyranitar-mega,Rock,,Dark,,"10,240",Monster,,50.00%,50.00%,Sand Stream,,,,Metal Burst,Steel,,,
Yes,No,2,"Gold, Silver, Crystal",,,,Lugia,0,,Lugia,Lugia,249,,,lugia,Lugia,,lugia,Pyschic,,Flying,,"30,720",Undiscovered,,○,○,Pressure,,Multiscale,,Metal Claw,Steel,,,
Yes,No,2,"Gold, Silver, Crystal",,,,Ho-Oh,0,,Ho-Oh,Ho-Oh,250,,,ho-oh,Ho-Oh,,ho-oh,Fire,,Flying,,"30,720",Undiscovered,,○,○,Pressure,,Regenerator,,Metal Sound,Steel,,,
Yes,No,2,"Gold, Silver, Crystal",,,,Celebi,0,,Celebi,Celebi,251,,,celebi,Celebi,,celebi,Pyschic,,Grass,,"30,720",Undiscovered,,○,○,Natural Cure,,,,Meteor Assault,Fighting,,,
Yes,Yes,3,"Ruby, Sapphire, Emerald",,,,Treecko,0,,Treecko,Arcko,252,,,treecko,Treecko,,treecko,Grass,,,,"5,120",Monster,Dragon,88.10%,11.90%,Overgrow,,Unburden,,Meteor Mash,Steel,,,
Yes,Yes,3,"Ruby, Sapphire, Emerald",,,,Treecko,1,16,Grovyle,Massko,253,,,grovyle,Grovyle,,grovyle,Grass,,,,"5,120",Monster,Dragon,88.10%,11.90%,Overgrow,,Unburden,,Metronome,Normal,,,
Yes,Yes,3,"Ruby, Sapphire, Emerald",,,,Treecko,2,36,Sceptile,Jungko,254,,,sceptile,Sceptile,,sceptile,Grass,,,,"5,120",Monster,Dragon,88.10%,11.90%,Overgrow,,Unburden,,Milk Drink,Normal,,,
No,No,6,"X, Y",,,Mega,Treecko,3,,Mega Sceptile,Mega Jungko,254,,,sceptile-mega,Sceptile,Yes,sceptile-mega,Grass,,Dragon,,"5,120",Monster,Dragon,88.10%,11.90%,Lightning Rod,,,,Mimic,Normal,,,
Yes,Yes,3,"Ruby, Sapphire, Emerald",,,,Torchic,0,,Torchic,Poussifeu,255,,,torchic,Torchic,,torchic,Fire,,,,"5,120",Field,,88.10%,11.90%,Blaze,,Speed Boost,,Mind Blown,Fire,,,
Yes,Yes,4,"Diamond, Pearl, Platinium",Gender,,,Torchic,1,,Torchic ♀,Poussifeu ♀,255,,,torchic,Torchic,,torchic-f,Fire,,,,"5,120",Field,,88.10%,11.90%,Blaze,,Speed Boost,,Mind Reader,Normal,,,
Yes,Yes,3,"Ruby, Sapphire, Emerald",,,,Torchic,2,16,Combusken,Galifeu,256,,,combusken,Combusken,,combusken,Fire,,Fighting,,"5,120",Field,,88.10%,11.90%,Blaze,,Speed Boost,,Minimize,Normal,,,
Yes,Yes,4,"Diamond, Pearl, Platinium",Gender,,,Torchic,3,16,Combusken ♀,Galifeu ♀,256,,,combusken,Combusken,,combusken-f,Fire,,Fighting,,"5,120",Field,,88.10%,11.90%,Blaze,,Speed Boost,,Miracle Eye,Pyschic,,,
Yes,Yes,3,"Ruby, Sapphire, Emerald",,,,Torchic,4,36,Blaziken,Braségali,257,,,blaziken,Blaziken,,blaziken,Fire,,Fighting,,"5,120",Field,,88.10%,11.90%,Blaze,,Speed Boost,,Mirror Coat,Pyschic,,,
Yes,Yes,4,"Diamond, Pearl, Platinium",Gender,,,Torchic,5,36,Blaziken ♀,Braségali ♀,257,,,blaziken,Blaziken,,blaziken-f,Fire,,Fighting,,"5,120",Field,,88.10%,11.90%,Blaze,,Speed Boost,,Mirror Move,Flying,,,
No,No,6,"X, Y",,,Mega,Torchic,6,,Mega Blaziken,Mega Braségali,257,,,blaziken-mega,Blaziken,Yes,blaziken-mega,Fire,,Fighting,,"5,120",Field,,88.10%,11.90%,Speed Boost,,,,Mirror Shot,Steel,,,
Yes,Yes,3,"Ruby, Sapphire, Emerald",,,,Mudkip,0,,Mudkip,Gobou,258,,,mudkip,Mudkip,,mudkip,Water,,,,"5,120",Monster,Water 1,88.10%,11.90%,Torrent,,Damp,,Mist,Ice,,,
Yes,Yes,3,"Ruby, Sapphire, Emerald",,,,Mudkip,1,16,Marshtomp,Gobou,259,,,marshtomp,Marshtomp,,marshtomp,Water,,Ground,,"5,120",Monster,Water 1,88.10%,11.90%,Torrent,,Damp,,Mist Ball,Pyschic,,,
Yes,Yes,3,"Ruby, Sapphire, Emerald",,,,Mudkip,2,36,Swampert,Flobio,260,,,swampert,Swampert,,swampert,Water,,Ground,,"5,120",Monster,Water 1,88.10%,11.90%,Torrent,,Damp,,Misty Terrain,Fairy,,,
No,No,6,"X, Y",,,Mega,Mudkip,3,,Mega Swampert,Mega Flobio,260,,,swampert-mega,Swampert,Yes,swampert-mega,Water,,Ground,,"5,120",Monster,Water 1,88.10%,11.90%,Swift Swim,,,,Moonblast,Fairy,,,
Yes,Yes,3,"Ruby, Sapphire, Emerald",,,,Poochyena,0,,Poochyena,Medhyèna,261,,,poochyena,Poochyena,,poochyena,Dark,,,,"3,840",Field,,50.00%,50.00%,Run Away,Quick Feet,Rattled,,Moongeist Beam,Ghost,,,
Yes,Yes,3,"Ruby, Sapphire, Emerald",,,,Poochyena,1,18,Mightyena,Grahyèna,262,,,mightyena,Mightyena,,mightyena,Dark,,,,"3,840",Field,,50.00%,50.00%,Intimidate,Quick Feet,Moxie,,Moonlight,Fairy,,,
Yes,Yes,3,"Ruby, Sapphire, Emerald",,,,Zigzagoon,0,,Zigzagoon,Zigzaton,263,,,zigzagoon,Zigzagoon,,zigzagoon,Normal,,,,"3,840",Field,,50.00%,50.00%,Pickup,Gluttony,Quick Feet,,Morning Sun,Normal,,,
Yes,Yes,8,"Sword, Shield",,,,Zigzagoon,1,,Zigzagoon-Galar,Zigzaton de Galar,263,,,zigzagoon-galar,"Zigzagoon
(Galarian)",,zigzagoon-galar,Dark,,Normal,,"3,840",Field,,50.00%,50.00%,Pickup,Gluttony,Quick Feet,,Mud Bomb,Ground,,,
Yes,Yes,3,"Ruby, Sapphire, Emerald",,,,Zigzagoon,2,20,Linoone,Linéon,264,,,linoone,Linoone,,linoone,Normal,,,,"3,840",Field,,50.00%,50.00%,Pickup,Gluttony,Quick Feet,,Mud Shot,Ground,,,
Yes,Yes,8,"Sword, Shield",,,,Zigzagoon,3,21,Linoone-Galar,Linéon de Galar,264,,,linoone-galar,"Linoone
(Galarian)",,linoone-galar,Dark,,Normal,,"3,840",Field,,50.00%,50.00%,Pickup,Gluttony,Quick Feet,,Mud Sport,Ground,,,
Yes,Yes,3,"Ruby, Sapphire, Emerald",,,,Wurmple,0,,Wurmple,Chenipotte,265,,,wurmple,Wurmple,,wurmple,Bug,,,,"3,840",Bug,,50.00%,50.00%,Shield Dust,,Run Away,,Mud-Slap,Ground,,,
Yes,Yes,8,Pokémon Legends Arceus,,,Alpha,Wurmple,1,,Alpha Wurmple,Baron Chenipotte,265,,,wurmple,Wurmple,,wurmple-alpha,Bug,,,,"3,840",Bug,,50.00%,50.00%,Shield Dust,,Run Away,,Mud-Slap,Ground,,,
Yes,Yes,3,"Ruby, Sapphire, Emerald",,,,Wurmple,2,7 (Personality < 5),Silcoon,Armulys,266,,,silcoon,Silcoon,,silcoon,Bug,,,,"3,840",Bug,,50.00%,50.00%,Shed Skin,,,,Muddy Water,Water,,,
Yes,Yes,8,Pokémon Legends Arceus,,,Alpha,Wurmple,3,7 (Personality < 5),Alpha Silcoon,Baron Armulys,266,,,silcoon,Silcoon,,silcoon-alpha,Bug,,,,"3,840",Bug,,50.00%,50.00%,Shed Skin,,,,Muddy Water,Water,,,
Yes,Yes,3,"Ruby, Sapphire, Emerald",,,,Wurmple,4,10,Beautifly,Charmillon,267,,,beautifly,Beautifly,,beautifly,Bug,,Flying,,"3,840",Bug,,50.00%,50.00%,Swarm,,Rivalry,,Multi-Attack,Normal,,,
Yes,Yes,8,Pokémon Legends Arceus,,,Alpha,Wurmple,5,10,Alpha Beautifly,Baron Charmillon,267,,,beautifly,Beautifly,,beautifly-alpha,Bug,,Flying,,"3,840",Bug,,50.00%,50.00%,Swarm,,Rivalry,,Multi-Attack,Normal,,,
Yes,Yes,4,"Diamond, Pearl, Platinium",Gender,,,Wurmple,6,10,Beautifly ♀,Charmillon ♀,267,,,beautifly,Beautifly,,beautifly-f,Bug,,Flying,,"3,840",Bug,,50.00%,50.00%,Swarm,,Rivalry,,Mystical Fire,Fire,,,
Yes,Yes,8,Pokémon Legends Arceus,Gender,,Alpha,Wurmple,7,10,Alpha Beautifly ♀,Baron Charmillon ♀,267,,,beautifly,Beautifly,,beautifly-f-alpha,Bug,,Flying,,"3,840",Bug,,50.00%,50.00%,Swarm,,Rivalry,,Mystical Fire,Fire,,,
Yes,Yes,3,"Ruby, Sapphire, Emerald",,,,Wurmple,8,7 (Personality > 4),Cascoon,Blindalys,268,,,cascoon,Cascoon,,cascoon,Bug,,,,"3,840",Bug,,50.00%,50.00%,Shed Skin,,,,Nasty Plot,Dark,,,
Yes,Yes,8,Pokémon Legends Arceus,,,Alpha,Wurmple,9,7 (Personality > 4),Alpha Cascoon,Baron Blindalys,268,,,cascoon,Cascoon,,cascoon-alpha,Bug,,,,"3,840",Bug,,50.00%,50.00%,Shed Skin,,,,Nasty Plot,Dark,,,
Yes,Yes,3,"Ruby, Sapphire, Emerald",,,,Wurmple,10,10,Dustox,Papinox,269,,,dustox,Dustox,,dustox,Bug,,Poison,,"3,840",Bug,,50.00%,50.00%,Shield Dust,,Compound Eyes,,Natural Gift,Normal,,,
Yes,Yes,8,Pokémon Legends Arceus,,,Alpha,Wurmple,11,10,Alpha Dustox,Baron Papinox,269,,,dustox,Dustox,,dustox-alpha,Bug,,Poison,,"3,840",Bug,,50.00%,50.00%,Shield Dust,,Compound Eyes,,Natural Gift,Normal,,,
Yes,Yes,4,"Diamond, Pearl, Platinium",Gender,,,Wurmple,12,10,Dustox ♀,Papinox ♀,269,,,dustox,Dustox,,dustox-f,Bug,,Poison,,"3,840",Bug,,50.00%,50.00%,Shield Dust,,Compound Eyes,,Nature Power,Normal,,,
Yes,Yes,8,Pokémon Legends Arceus,Gender,,Alpha,Wurmple,13,10,Alpha Dustox ♀,Baron Papinox ♀,269,,,dustox,Dustox,,dustox-f-alpha,Bug,,Poison,,"3,840",Bug,,50.00%,50.00%,Shield Dust,,Compound Eyes,,Nature Power,Normal,,,
Yes,Yes,3,"Ruby, Sapphire, Emerald",,,,Lotad,0,,Lotad,Nénupiot,270,,,lotad,Lotad,,lotad,Water,,Grass,,"3,840",Water 1,Grass,50.00%,50.00%,Swift Swim,Rain Dish,Own Tempo,,Nature's Madness,Fairy,,,
Yes,Yes,3,"Ruby, Sapphire, Emerald",,,,Lotad,1,14,Lombre,Lombre,271,,,lombre,Lombre,,lombre,Water,,Grass,,"3,840",Water 1,Grass,50.00%,50.00%,Swift Swim,Rain Dish,Own Tempo,,Needle Arm,Grass,,,
Yes,Yes,3,"Ruby, Sapphire, Emerald",,,,Lotad,2,Water Stone,Ludicolo,Ludicolo,272,,,ludicolo,Ludicolo,,ludicolo,Water,,Grass,,"3,840",Water 1,Grass,50.00%,50.00%,Swift Swim,Rain Dish,Own Tempo,,Never-Ending Nightmare,Ghost,,,
Yes,Yes,4,"Diamond, Pearl, Platinium",Gender,,,Lotad,3,Water Stone,Ludicolo ♀,Ludicolo ♀,272,,,ludicolo,Ludicolo,,ludicolo-f,Water,,Grass,,"3,840",Water 1,Grass,50.00%,50.00%,Swift Swim,Rain Dish,Own Tempo,,Night Daze,Dark,,,
Yes,Yes,3,"Ruby, Sapphire, Emerald",,,,Seedot,0,,Seedot,Grainipiot,273,,,seedot,Seedot,,seedot,Grass,,,,"3,840",Field,Grass,50.00%,50.00%,Chlorophyll,Early Bird,Pickpocket,,Night Shade,Ghost,,,
Yes,Yes,3,"Ruby, Sapphire, Emerald",,,,Seedot,1,14,Nuzleaf,Pifeuil,274,,,nuzleaf,Nuzleaf,,nuzleaf,Grass,,Dark,,"3,840",Field,Grass,50.00%,50.00%,Chlorophyll,Early Bird,Pickpocket,,Night Slash,Dark,,,
Yes,Yes,4,"Diamond, Pearl, Platinium",Gender,,,Seedot,2,14,Nuzleaf ♀,Pifeuil ♀,274,,,nuzleaf,Nuzleaf,,nuzleaf-f,Grass,,Dark,,"3,840",Field,Grass,50.00%,50.00%,Chlorophyll,Early Bird,Pickpocket,,Nightmare,Ghost,,,
Yes,Yes,3,"Ruby, Sapphire, Emerald",,,,Seedot,3,Leaf Stone,Shiftry,Tengalice,275,,,shiftry,Shiftry,,shiftry,Grass,,Dark,,"3,840",Field,Grass,50.00%,50.00%,Chlorophyll,Early Bird,Pickpocket,,No Retreat,Fighting,,,
Yes,Yes,4,"Diamond, Pearl, Platinium",Gender,,,Seedot,4,Leaf Stone,Shiftry ♀,Tengalice ♀,275,,,shiftry,Shiftry,,shiftry-f,Grass,,Dark,,"3,840",Field,Grass,50.00%,50.00%,Chlorophyll,Early Bird,Pickpocket,,Noble Roar,Normal,,,
Yes,Yes,3,"Ruby, Sapphire, Emerald",,,,Taillow,0,,Taillow,Nirondelle,276,,,taillow,Taillow,,taillow,Normal,,Flying,,"3,840",Flying,,50.00%,50.00%,Guts,,Scrappy,,Nuzzle,Electric,,,
Yes,Yes,3,"Ruby, Sapphire, Emerald",,,,Taillow,1,22,Swellow,Hélédelle,277,,,swellow,Swellow,,swellow,Normal,,Flying,,"3,840",Flying,,50.00%,50.00%,Guts,,Scrappy,,Oblivion Wing,Flying,,,
Yes,Yes,3,"Ruby, Sapphire, Emerald",,,,Wingull,0,,Wingull,Goélise,278,,,wingull,Wingull,,wingull,Water,,Flying,,"5,120",Water 1,Flying,50.00%,50.00%,Keen Eye,Hydration,Rain Dish,,Obstruct,Dark,,,
Yes,Yes,3,"Ruby, Sapphire, Emerald",,,,Wingull,1,25,Pelipper,Bekipan,279,,,pelipper,Pelipper,,pelipper,Water,,Flying,,"5,120",Water 1,Flying,50.00%,50.00%,Keen Eye,Drizzle,Rain Dish,,Oceanic Operetta,Water,,,
Yes,Yes,3,"Ruby, Sapphire, Emerald",,,,Ralts,0,,Ralts,Tarsal,280,,,ralts,Ralts,,ralts,Pyschic,,Fairy,,"5,120",Amorphous,,50.00%,50.00%,Synchronize,Trace,Telepathy,,Octazooka,Water,,,
Yes,Yes,8,Pokémon Legends Arceus,,,Alpha,Ralts,1,,Alpha Ralts,Baron Tarsal,280,,,ralts,Ralts,,ralts-alpha,Pyschic,,Fairy,,"5,120",Amorphous,,50.00%,50.00%,Synchronize,Trace,Telepathy,,Octazooka,Water,,,
Yes,Yes,3,"Ruby, Sapphire, Emerald",,,,Ralts,2,20,Kirlia,Kirlia,281,,,kirlia,Kirlia,,kirlia,Pyschic,,Fairy,,"5,120",Amorphous,,50.00%,50.00%,Synchronize,Trace,Telepathy,,Octolock,Fighting,,,
Yes,Yes,8,Pokémon Legends Arceus,,,Alpha,Ralts,3,20,Alpha Kirlia,Baron Kirlia,281,,,kirlia,Kirlia,,kirlia-alpha,Pyschic,,Fairy,,"5,120",Amorphous,,50.00%,50.00%,Synchronize,Trace,Telepathy,,Octolock,Fighting,,,
Yes,Yes,3,"Ruby, Sapphire, Emerald",,,,Ralts,4,30,Gardevoir,Gardevoir,282,,,gardevoir,Gardevoir,,gardevoir,Pyschic,,Fairy,,"5,120",Amorphous,,50.00%,50.00%,Synchronize,Trace,Telepathy,,Odor Sleuth,Normal,,,
Yes,Yes,8,Pokémon Legends Arceus,,,Alpha,Ralts,5,30,Alpha Gardevoir,Baron Gardevoir,282,,,gardevoir,Gardevoir,,gardevoir-alpha,Pyschic,,Fairy,,"5,120",Amorphous,,50.00%,50.00%,Synchronize,Trace,Telepathy,,Odor Sleuth,Normal,,,
No,No,6,"X, Y",,,Mega,Ralts,6,,Mega Gardevoir,Mega Gardevoir,282,,,gardevoir-mega,Gardevoir,Yes,gardevoir-mega,Pyschic,,Fairy,,"5,120",Amorphous,,50.00%,50.00%,Pixelate,,,,Ominous Wind,Ghost,,,
Yes,Yes,3,"Ruby, Sapphire, Emerald",,,,Surskit,0,,Surskit,Arakdo,283,,,surskit,Surskit,,surskit,Bug,,Water,,"3,840",Water 1,Bug,50.00%,50.00%,Swift Swim,,Rain Dish,,Origin Pulse,Water,,,
Yes,Yes,3,"Ruby, Sapphire, Emerald",,,,Surskit,1,22,Masquerain,Maskadra,284,,,masquerain,Masquerain,,masquerain,Bug,,Flying,,"3,840",Water 1,Bug,50.00%,50.00%,Intimidate,,Unnerve,,Outrage,Dragon,,,
Yes,Yes,3,"Ruby, Sapphire, Emerald",,,,Shroomish,0,,Shroomish,Balignon,285,,,shroomish,Shroomish,,shroomish,Grass,,,,"3,840",Fairy,Grass,50.00%,50.00%,Effect Spore,Poison Heal,Quick Feet,,Overdrive,Electric,,,
Yes,Yes,3,"Ruby, Sapphire, Emerald",,,,Shroomish,1,23,Breloom,Chapignon,286,,,breloom,Breloom,,breloom,Grass,,Fighting,,"3,840",Fairy,Grass,50.00%,50.00%,Effect Spore,Poison Heal,Technician,,Overheat,Fire,,,
Yes,Yes,3,"Ruby, Sapphire, Emerald",,,,Slakoth,0,,Slakoth,Parecool,287,,,slakoth,Slakoth,,slakoth,Normal,,,,"3,840",Field,,50.00%,50.00%,Truant,,,,Pain Split,Normal,,,
Yes,Yes,3,"Ruby, Sapphire, Emerald",,,,Slakoth,1,18,Vigoroth,Vigoroth,288,,,vigoroth,Vigoroth,,vigoroth,Normal,,,,"3,840",Field,,50.00%,50.00%,Vital Spirit,,,,Parabolic Charge,Electric,,,
Yes,Yes,3,"Ruby, Sapphire, Emerald",,,,Slakoth,2,36,Slaking,Monaflèmit,289,,,slaking,Slaking,,slaking,Normal,,,,"3,840",Field,,50.00%,50.00%,Truant,,,,Parting Shot,Dark,,,
Yes,Yes,3,"Ruby, Sapphire, Emerald",,,,Nincada,0,,Nincada,Ningale,290,,,nincada,Nincada,,nincada,Bug,,Ground,,"3,840",Bug,,50.00%,50.00%,Compound Eyes,,Run Away,,Pay Day,Normal,,,
Yes,Yes,3,"Ruby, Sapphire, Emerald",,,,Nincada,1,20,Ninjask,Ninjask,291,,,ninjask,Ninjask,,ninjask,Bug,,Flying,,"3,840",Bug,,50.00%,50.00%,Speed Boost,,Infiltrator,,Payback,Dark,,,
Yes,Yes,3,"Ruby, Sapphire, Emerald",,,,Nincada,2,20 (Empty Slot & Ninjask),Shedinja,Munja,292,,,shedinja,Shedinja,,shedinja,Bug,,Ghost,,"3,840",Mineral,,○,○,Wonder Guard,,,,Peck,Flying,,,
Yes,Yes,3,"Ruby, Sapphire, Emerald",,,,Whismur,0,,Whismur,Chuchmur,293,,,whismur,Whismur,,whismur,Normal,,,,"5,120",Monster,Field,50.00%,50.00%,Soundproof,,Rattled,,Perish Song,Normal,,,
Yes,Yes,3,"Ruby, Sapphire, Emerald",,,,Whismur,1,20,Loudred,Ramboum,294,,,loudred,Loudred,,loudred,Normal,,,,"5,120",Monster,Field,50.00%,50.00%,Soundproof,,Scrappy,,Petal Blizzard,Grass,,,
Yes,Yes,3,"Ruby, Sapphire, Emerald",,,,Whismur,2,40,Exploud,Brouhabam,295,,,exploud,Exploud,,exploud,Normal,,,,"5,120",Monster,Field,50.00%,50.00%,Soundproof,,Scrappy,,Petal Dance,Grass,,,
Yes,Yes,3,"Ruby, Sapphire, Emerald",,,,Makuhita,0,,Makuhita,Makuhita,296,,,makuhita,Makuhita,,makuhita,Fighting,,,,"5,120",Human-Like,,75.00%,25.00%,Thick Fat,Guts,Sheer Force,,Phantom Force,Ghost,,,
Yes,Yes,3,"Ruby, Sapphire, Emerald",,,,Makuhita,1,24,Hariyama,Hariyama,297,,,hariyama,Hariyama,,hariyama,Fighting,,,,"5,120",Human-Like,,75.00%,25.00%,Thick Fat,Guts,Sheer Force,,Photon Geyser,Pyschic,,,
Yes,No,3,"Ruby, Sapphire, Emerald",,,,Marill,2,,Azurill,Azurill,298,,,azurill,Azurill,,azurill,Normal,,,,"2,560",Undiscovered,,25.00%,75.00%,Thick Fat,Huge Power,Sap Sipper,,Pin Missile,Bug,,,
Yes,Yes,3,"Ruby, Sapphire, Emerald",,,,Nosepass,0,,Nosepass,Tarinor,299,,,nosepass,Nosepass,,nosepass,Rock,,,,"5,120",Mineral,,50.00%,50.00%,Sturdy,Magnet Pull,Sand Force,,Plasma Fists,Electric,,,
Yes,Yes,8,Pokémon Legends Arceus,,,Alpha,Nosepass,1,,Alpha Nosepass,Baron Tarinor,299,,,nosepass,Nosepass,,nosepass-alpha,Rock,,,,"5,120",Mineral,,50.00%,50.00%,Sturdy,Magnet Pull,Sand Force,,Plasma Fists,Electric,,,
Yes,Yes,3,"Ruby, Sapphire, Emerald",,,,Skitty,0,,Skitty,Skitty,300,,,skitty,Skitty,,skitty,Normal,,,,"3,840",Field,Fairy,25.00%,75.00%,Cute Charm,Normalize,Wonder Skin,,Play Nice,Normal,,,
Yes,Yes,3,"Ruby, Sapphire, Emerald",,,,Skitty,1,Moon Stone,Delcatty,Delcatty,301,,,delcatty,Delcatty,,delcatty,Normal,,,,"3,840",Field,Fairy,25.00%,75.00%,Cute Charm,Normalize,Wonder Skin,,Play Rough,Fairy,,,
Yes,Yes,3,"Ruby, Sapphire, Emerald",,,,Sableye,0,,Sableye,Ténéfix,302,,,sableye,Sableye,,sableye,Dark,,Ghost,,"6,240",Human-Like,,50.00%,50.00%,Keen Eye,Stall,Prankster,,Pluck,Flying,,,
No,No,6,"X, Y",,,Mega,Sableye,1,,Mega Sableye,Mega Ténéfix,302,,,sableye-mega,Sableye,Yes,sableye-mega,Dark,,Ghost,,"6,240",Human-Like,,50.00%,50.00%,Magic Bounce,,,,Poison Fang,Poison,,,
Yes,Yes,3,"Ruby, Sapphire, Emerald",,,,Mawile,0,,Mawile,Mysdibule,303,,,mawile,Mawile,,mawile,Steel,,Fairy,,"5,120",Field,Fairy,50.00%,50.00%,Hyper Cutter,Intimidate,Sheer Force,,Poison Gas,Poison,,,
No,No,6,"X, Y",,,Mega,Mawile,1,,Mega Mawile,Mega Mysdibule,303,,,mawile-mega,Mawile,Yes,mawile-mega,Steel,,Fairy,,"5,120",Field,Fairy,50.00%,50.00%,Huge Power,,,,Poison Jab,Poison,,,
Yes,Yes,3,"Ruby, Sapphire, Emerald",,,,Aron,0,,Aron,Galekid,304,,,aron,Aron,,aron,Steel,,Rock,,"8,960",Monster,,50.00%,50.00%,Sturdy,Rock Head,Heavy Metal,,Poison Powder,Poison,,,
Yes,Yes,3,"Ruby, Sapphire, Emerald",,,,Aron,1,32,Lairon,Galegon,305,,,lairon,Lairon,,lairon,Steel,,Rock,,"8,960",Monster,,50.00%,50.00%,Sturdy,Rock Head,Heavy Metal,,Poison Sting,Poison,,,
Yes,Yes,3,"Ruby, Sapphire, Emerald",,,,Aron,2,42,Aggron,Galeking,306,,,aggron,Aggron,,aggron,Steel,,Rock,,"8,960",Monster,,50.00%,50.00%,Sturdy,Rock Head,Heavy Metal,,Poison Tail,Poison,,,
No,No,6,"X, Y",,,Mega,Aron,3,,Mega Aggron,Mega Galeking,306,,,aggron-mega,Aggron,Yes,aggron-mega,Steel,,,,"8,960",Monster,,50.00%,50.00%,Filter,,,,Pollen Puff,Bug,,,
Yes,Yes,3,"Ruby, Sapphire, Emerald",,,,Meditite,0,,Meditite,Méditikka,307,,,meditite,Meditite,,meditite,Fighting,,Pyschic,,"5,120",Human-Like,,50.00%,50.00%,Pure Power,,Telepathy,,Pound,Normal,,,
Yes,Yes,4,"Diamond, Pearl, Platinium",Gender,,,Meditite,1,,Meditite ♀,Méditikka ♀,307,,,meditite,Meditite,,meditite-f,Fighting,,Pyschic,,"5,120",Human-Like,,50.00%,50.00%,Pure Power,,Telepathy,,Powder,Bug,,,
Yes,Yes,3,"Ruby, Sapphire, Emerald",,,,Meditite,2,37,Medicham,Charmina,308,,,medicham,Medicham,,medicham,Fighting,,Pyschic,,"5,120",Human-Like,,50.00%,50.00%,Pure Power,,Telepathy,,Powder Snow,Ice,,,
Yes,Yes,4,"Diamond, Pearl, Platinium",Gender,,,Meditite,3,37,Medicham ♀,Charmina ♀,308,,,medicham,Medicham,,medicham-f,Fighting,,Pyschic,,"5,120",Human-Like,,50.00%,50.00%,Pure Power,,Telepathy,,Power Gem,Rock,,,
No,No,6,"X, Y",,,Mega,Meditite,4,,Mega Medicham,Mega Charmina,308,,,medicham-mega,Medicham,Yes,medicham-mega,Fighting,,Pyschic,,"5,120",Human-Like,,50.00%,50.00%,Pure Power,,,,Power Split,Pyschic,,,
Yes,Yes,3,"Ruby, Sapphire, Emerald",,,,Electrike,0,,Electrike,Dynavolt,309,,,electrike,Electrike,,electrike,Electric,,,,"5,120",Field,,50.00%,50.00%,Static,Lightning Rod,Minus,,Power Swap,Pyschic,,,
Yes,Yes,3,"Ruby, Sapphire, Emerald",,,,Electrike,1,26,Manectric,Élecsprint,310,,,manectric,Manectric,,manectric,Electric,,,,"5,120",Field,,50.00%,50.00%,Static,Lightning Rod,Minus,,Power Trick,Pyschic,,,
No,No,6,"X, Y",,,Mega,Electrike,2,,Mega Manectric,Mega Élecsprint,310,,,manectric-mega,Manectric,Yes,manectric-mega,Electric,,,,"5,120",Field,,50.00%,50.00%,Intimidate,,,,Power Trip,Dark,,,
Yes,Yes,3,"Ruby, Sapphire, Emerald",,,,Plusle,0,,Plusle,Posipi,311,,,plusle,Plusle,,plusle,Electric,,,,"5,120",Fairy,,50.00%,50.00%,Plus,,Lightning Rod,,Power Whip,Grass,,,
Yes,Yes,3,"Ruby, Sapphire, Emerald",,,,Minun,0,,Minun,Négapi,312,,,minun,Minun,,minun,Electric,,,,"5,120",Fairy,,50.00%,50.00%,Minus,,Volt Absorb,,Power-Up Punch,Fighting,,,
Yes,Yes,3,"Ruby, Sapphire, Emerald",,,,Volbeat,0,,Volbeat,Muciole,313,,,volbeat,Volbeat,,volbeat,Bug,,,,"3,840",Bug,Human-Like,100.00%,0.00%,Illuminate,Swarm,Prankster,,Precipice Blades,Ground,,,
Yes,Yes,3,"Ruby, Sapphire, Emerald",,,,Volbeat,1,,Illumise,Lumivole,314,,,illumise,Illumise,,illumise,Bug,,,,"3,840",Bug,Human-Like,0.00%,100.00%,Oblivious,Tinted Lens,Prankster,,Present,Normal,,,
Yes,Yes,3,"Ruby, Sapphire, Emerald",,,,Roselia,0,2 (Day + Happiness),Roselia,Rosélia,315,,,roselia,Roselia,,roselia,Grass,,Poison,,"5,120",Fairy,Grass,50.00%,50.00%,Natural Cure,Poison Point,Leaf Guard,,Prismatic Laser,Pyschic,,,
Yes,Yes,8,Pokémon Legends Arceus,,,Alpha,Roselia,1,2 (Day + Happiness),Alpha Roselia,Baron Rosélia,315,,,roselia,Roselia,,roselia-alpha,Grass,,Poison,,"5,120",Fairy,Grass,50.00%,50.00%,Natural Cure,Poison Point,Leaf Guard,,Prismatic Laser,Pyschic,,,
Yes,Yes,4,"Diamond, Pearl, Platinium",Gender,,,Roselia,2,2 (Day + Happiness),Roselia ♀,Rosélia ♀,315,,,roselia,Roselia,,roselia-f,Grass,,Poison,,"5,120",Fairy,Grass,50.00%,50.00%,Natural Cure,Poison Point,Leaf Guard,,Protect,Normal,,,
Yes,Yes,8,Pokémon Legends Arceus,Gender,,Alpha,Roselia,3,2 (Day + Happiness),Alpha Roselia ♀,Baron Rosélia ♀,315,,,roselia,Roselia,,roselia-f-alpha,Grass,,Poison,,"5,120",Fairy,Grass,50.00%,50.00%,Natural Cure,Poison Point,Leaf Guard,,Protect,Normal,,,
Yes,Yes,3,"Ruby, Sapphire, Emerald",,,,Gulpin,0,,Gulpin,Gloupti,316,,,gulpin,Gulpin,,gulpin,Poison,,,,"5,120",Amorphous,,50.00%,50.00%,Liquid Ooze,Sticky Hold,Gluttony,,Psybeam,Pyschic,,,
Yes,Yes,4,"Diamond, Pearl, Platinium",Gender,,,Gulpin,1,,Gulpin ♀,Gloupti ♀,316,,,gulpin,Gulpin,,gulpin-f,Poison,,,,"5,120",Amorphous,,50.00%,50.00%,Liquid Ooze,Sticky Hold,Gluttony,,Psych Up,Normal,,,
Yes,Yes,3,"Ruby, Sapphire, Emerald",,,,Gulpin,2,26,Swalot,Avaltout,317,,,swalot,Swalot,,swalot,Poison,,,,"5,120",Amorphous,,50.00%,50.00%,Liquid Ooze,Sticky Hold,Gluttony,,Psychic,Pyschic,,,
Yes,Yes,4,"Diamond, Pearl, Platinium",Gender,,,Gulpin,3,26,Swalot ♀,Swalot ♀,317,,,swalot,Swalot,,swalot-f,Poison,,,,"5,120",Amorphous,,50.00%,50.00%,Liquid Ooze,Sticky Hold,Gluttony,,Psychic Fangs,Pyschic,,,
Yes,Yes,3,"Ruby, Sapphire, Emerald",,,,Carvanha,0,,Carvanha,Carvanha,318,,,carvanha,Carvanha,,carvanha,Water,,Dark,,"5,120",Water 2,,50.00%,50.00%,Rough Skin,,Speed Boost,,Psychic Terrain,Pyschic,,,
Yes,Yes,3,"Ruby, Sapphire, Emerald",,,,Carvanha,1,30,Sharpedo,Sharpedo,319,,,sharpedo,Sharpedo,,sharpedo,Water,,Dark,,"5,120",Water 2,,50.00%,50.00%,Rough Skin,,Speed Boost,,Psycho Boost,Pyschic,,,
No,No,6,"X, Y",,,Mega,Carvanha,2,,Mega Sharpedo,Mega Sharpedo,319,,,sharpedo-mega,Sharpedo,Yes,sharpedo-mega,Water,,Dark,,"5,120",Water 2,,50.00%,50.00%,Strong Jaw,,,,Psycho Cut,Pyschic,,,
Yes,Yes,3,"Ruby, Sapphire, Emerald",,,,Wailmer,0,,Wailmer,Wailmer,320,,,wailmer,Wailmer,,wailmer,Water,,,,"10,240",Field,Water 2,50.00%,50.00%,Water Veil,Oblivious,Pressure,,Psycho Shift,Pyschic,,,
Yes,Yes,3,"Ruby, Sapphire, Emerald",,,,Wailmer,1,40,Wailord,Wailord,321,,,wailord,Wailord,,wailord,Water,,,,"10,240",Field,Water 2,50.00%,50.00%,Water Veil,Oblivious,Pressure,,Psyshock,Pyschic,,,
Yes,Yes,3,"Ruby, Sapphire, Emerald",,,,Numel,0,,Numel,Chamallot,322,,,numel,Numel,,numel,Fire,,Ground,,"5,120",Field,,50.00%,50.00%,Oblivious,Simple,Own Tempo,,Psystrike,Pyschic,,,
Yes,Yes,4,"Diamond, Pearl, Platinium",Gender,,,Numel,1,,Numel ♀,Chamallot ♀,322,,,numel,Numel,,numel-f,Fire,,Ground,,"5,120",Field,,50.00%,50.00%,Oblivious,Simple,Own Tempo,,Psywave,Pyschic,,,
Yes,Yes,3,"Ruby, Sapphire, Emerald",,,,Numel,2,33,Camerupt,Camérupt,323,,,camerupt,Camerupt,,camerupt,Fire,,Ground,,"5,120",Field,,50.00%,50.00%,Magma Armor,Solid Rock,Anger Point,,Pulverizing Pancake,Normal,,,
Yes,Yes,4,"Diamond, Pearl, Platinium",Gender,,,Numel,3,33,Camerupt ♀,Camérupt ♀,323,,,camerupt,Camerupt,,camerupt-f,Fire,,Ground,,"5,120",Field,,50.00%,50.00%,Magma Armor,Solid Rock,Anger Point,,Punishment,Dark,,,
No,No,6,"X, Y",,,Mega,Numel,4,,Mega Camerupt,Mega Camérupt,323,,,camerupt-mega,Camerupt,Yes,camerupt-mega,Fire,,Ground,,"5,120",Field,,50.00%,50.00%,Sheer Force,,,,Purify,Poison,,,
Yes,Yes,3,"Ruby, Sapphire, Emerald",,,,Torkoal,0,,Torkoal,Chartor,324,,,torkoal,Torkoal,,torkoal,Fire,,,,"5,120",Field,,50.00%,50.00%,White Smoke,Drought,Shell Armor,,Pursuit,Dark,,,
Yes,Yes,3,"Ruby, Sapphire, Emerald",,,,Spoink,0,,Spoink,Spoink,325,,,spoink,Spoink,,spoink,Pyschic,,,,"5,120",Field,,50.00%,50.00%,Thick Fat,Own Tempo,Gluttony,,Pyro Ball,Fire,,,
Yes,Yes,3,"Ruby, Sapphire, Emerald",,,,Spoink,1,32,Grumpig,Groret,326,,,grumpig,Grumpig,,grumpig,Pyschic,,,,"5,120",Field,,50.00%,50.00%,Thick Fat,Own Tempo,Gluttony,,Quash,Dark,,,
Yes,Yes,3,"Ruby, Sapphire, Emerald",,,,Spinda,0,,Spinda,Spinda,327,,,spinda,Spinda,,spinda,Normal,,,,"5,120",Field,Human-Like,50.00%,50.00%,Own Tempo,Tangled Feet,Contrary,,Quick Attack,Normal,,,
Yes,Yes,3,"Ruby, Sapphire, Emerald",,,,Trapinch,0,,Trapinch,Kraknoix,328,,,trapinch,Trapinch,,trapinch,Ground,,,,"5,120",Bug,,50.00%,50.00%,Hyper Cutter,Arena Trap,Sheer Force,,Quick Guard,Fighting,,,
Yes,Yes,3,"Ruby, Sapphire, Emerald",,,,Trapinch,1,35,Vibrava,Vibraninf,329,,,vibrava,Vibrava,,vibrava,Ground,,Dragon,,"5,120",Bug,,50.00%,50.00%,Levitate,,,,Quiver Dance,Bug,,,
Yes,Yes,3,"Ruby, Sapphire, Emerald",,,,Trapinch,2,45,Flygon,Libégon,330,,,flygon,Flygon,,flygon,Ground,,Dragon,,"5,120",Bug,,50.00%,50.00%,Levitate,,,,Rage,Normal,,,
Yes,Yes,3,"Ruby, Sapphire, Emerald",,,,Cacnea,0,,Cacnea,Cacnea,331,,,cacnea,Cacnea,,cacnea,Grass,,,,"5,120",Grass,Human-Like,50.00%,50.00%,Sand Veil,,Water Absorb,,Rage Powder,Bug,,,
Yes,Yes,3,"Ruby, Sapphire, Emerald",,,,Cacnea,1,32,Cacturne,Cacturne,332,,,cacturne,Cacturne,,cacturne,Grass,,Dark,,"5,120",Grass,Human-Like,50.00%,50.00%,Sand Veil,,Water Absorb,,Rain Dance,Water,,,
Yes,Yes,4,"Diamond, Pearl, Platinium",Gender,,,Cacnea,2,32,Cacturne ♀,Cacturne ♀,332,,,cacturne,Cacturne,,cacturne-f,Grass,,Dark,,"5,120",Grass,Human-Like,50.00%,50.00%,Sand Veil,,Water Absorb,,Rapid Spin,Normal,,,
Yes,Yes,3,"Ruby, Sapphire, Emerald",,,,Swablu,0,,Swablu,Tylton,333,,,swablu,Swablu,,swablu,Normal,,Flying,,"5,120",Flying,Dragon,50.00%,50.00%,Natural Cure,,Cloud Nine,,Razor Leaf,Grass,,,
Yes,Yes,3,"Ruby, Sapphire, Emerald",,,,Swablu,1,35,Altaria,Altaria,334,,,altaria,Altaria,,altaria,Dragon,,Flying,,"5,120",Flying,Dragon,50.00%,50.00%,Natural Cure,,Cloud Nine,,Razor Shell,Water,,,
No,No,6,"X, Y",,,Mega,Swablu,2,,Mega Altaria,Mega Altaria,334,,,altaria-mega,Altaria,Yes,altaria-mega,Dragon,,Fairy,,"5,120",Flying,Dragon,50.00%,50.00%,Pixelate,,,,Razor Wind,Normal,,,
Yes,Yes,3,"Ruby, Sapphire, Emerald",,,,Zangoose,0,,Zangoose,Mangriff,335,,,zangoose,Zangoose,,zangoose,Normal,,,,"5,120",Field,,50.00%,50.00%,Immunity,,Toxic Boost,,Recover,Normal,,,
Yes,Yes,3,"Ruby, Sapphire, Emerald",,,,Seviper,0,,Seviper,Séviper,336,,,seviper,Seviper,,seviper,Poison,,,,"5,120",Field,Dragon,50.00%,50.00%,Shed Skin,,Infiltrator,,Recycle,Normal,,,
Yes,Yes,3,"Ruby, Sapphire, Emerald",,,,Lunatone,0,,Lunatone,Séléroc,337,,,lunatone,Lunatone,,lunatone,Rock,,Pyschic,,"6,240",Mineral,,○,○,Levitate,,,,Reflect,Pyschic,,,
Yes,Yes,3,"Ruby, Sapphire, Emerald",,,,Solrock,0,,Solrock,Solaroc,338,,,solrock,Solrock,,solrock,Rock,,Pyschic,,"6,240",Mineral,,○,○,Levitate,,,,Reflect Type,Normal,,,
Yes,Yes,3,"Ruby, Sapphire, Emerald",,,,Barboach,0,,Barboach,Barloche,339,,,barboach,Barboach,,barboach,Water,,Ground,,"5,120",Water 2,,50.00%,50.00%,Oblivious,Anticipation,Hydration,,Refresh,Normal,,,
Yes,Yes,8,Pokémon Legends Arceus,,,Alpha,Barboach,1,,Alpha Barboach,Baron Barloche,339,,,barboach,Barboach,,barboach-alpha,Water,,Ground,,"5,120",Water 2,,50.00%,50.00%,Oblivious,Anticipation,Hydration,,Refresh,Normal,,,
Yes,Yes,3,"Ruby, Sapphire, Emerald",,,,Barboach,2,30,Whiscash,Barbicha,340,,,whiscash,Whiscash,,whiscash,Water,,Ground,,"5,120",Water 2,,50.00%,50.00%,Oblivious,Anticipation,Hydration,,Relic Song,Normal,,,
Yes,Yes,8,Pokémon Legends Arceus,,,Alpha,Barboach,3,30,Alpha Whiscash,Baron Barbicha,340,,,whiscash,Whiscash,,whiscash-alpha,Water,,Ground,,"5,120",Water 2,,50.00%,50.00%,Oblivious,Anticipation,Hydration,,Relic Song,Normal,,,
Yes,Yes,3,"Ruby, Sapphire, Emerald",,,,Corphish,0,,Corphish,Écrapince,341,,,corphish,Corphish,,corphish,Water,,,,"5,120",Water 1,Water 3,50.00%,50.00%,Hyper Cutter,Shell Armor,Adaptability,,Rest,Pyschic,,,
Yes,Yes,3,"Ruby, Sapphire, Emerald",,,,Corphish,1,30,Crawdaunt,Colhomard,342,,,crawdaunt,Crawdaunt,,crawdaunt,Water,,Dark,,"5,120",Water 1,Water 3,50.00%,50.00%,Hyper Cutter,Shell Armor,Adaptability,,Retaliate,Normal,,,
Yes,Yes,3,"Ruby, Sapphire, Emerald",,,,Baltoy,0,,Baltoy,Balbuto,343,,,baltoy,Baltoy,,baltoy,Ground,,Pyschic,,"5,120",Mineral,,○,○,Levitate,,,,Return,Normal,,,
Yes,Yes,3,"Ruby, Sapphire, Emerald",,,,Baltoy,1,36,Claydol,Kaorine,344,,,claydol,Claydol,,claydol,Ground,,Pyschic,,"5,120",Mineral,,○,○,Levitate,,,,Revelation Dance,Normal,,,
Yes,Yes,3,"Ruby, Sapphire, Emerald",,,,Lileep,0,,Lileep,Lilia,345,,,lileep,Lileep,,lileep,Rock,,Grass,,"7,680",Water 3,,88.10%,11.90%,Suction Cups,,Storm Drain,,Revenge,Fighting,,,
Yes,Yes,3,"Ruby, Sapphire, Emerald",,,,Lileep,1,40,Cradily,Vacilys,346,,,cradily,Cradily,,cradily,Rock,,Grass,,"7,680",Water 3,,88.10%,11.90%,Suction Cups,,Storm Drain,,Reversal,Fighting,,,
Yes,Yes,3,"Ruby, Sapphire, Emerald",,,,Anorith,0,,Anorith,Anorith,347,,,anorith,Anorith,,anorith,Rock,,Bug,,"7,680",Water 3,,88.10%,11.90%,Battle Armor,,Swift Swim,,Roar,Normal,,,
Yes,Yes,3,"Ruby, Sapphire, Emerald",,,,Anorith,1,40,Armaldo,Armaldo,348,,,armaldo,Armaldo,,armaldo,Rock,,Bug,,"7,680",Water 3,,88.10%,11.90%,Battle Armor,,Swift Swim,,Roar of Time,Dragon,,,
Yes,Yes,3,"Ruby, Sapphire, Emerald",,,,Feebas,0,,Feebas,Barpau,349,,,feebas,Feebas,,feebas,Water,,,,"5,120",Water 1,Dragon,50.00%,50.00%,Swift Swim,Oblivious,Adaptability,,Rock Blast,Rock,,,
Yes,Yes,3,"Ruby, Sapphire, Emerald",,,,Feebas,1,2/Trade (Beauty/Prsim Scale),Milotic,Milobellus,350,,,milotic,Milotic,,milotic,Water,,,,"5,120",Water 1,Dragon,50.00%,50.00%,Marvel Scale,Competitive,Cute Charm,,Rock Climb,Normal,,,
Yes,Yes,4,"Diamond, Pearl, Platinium",Gender,,,Feebas,2,2/Trade (Beauty/Prsim Scale),Milotic ♀,Milobellus ♀,350,,,milotic,Milotic,,milotic-f,Water,,,,"5,120",Water 1,Dragon,50.00%,50.00%,Marvel Scale,Competitive,Cute Charm,,Rock Polish,Rock,,,
Yes,Yes,3,"Ruby, Sapphire, Emerald",,,,Castform,0,,Castform,Morphéo,351,,,castform,Castform,,castform,Normal,,,,"6,240",Fairy,Amorphous,50.00%,50.00%,Forecast,,,,Rock Slide,Rock,,,
No,No,3,"Ruby, Sapphire, Emerald",Battle,,,Castform,1,,Sunny Castform,Sunny Morphéo,351,,,castform-sunny,Castform,,castform-sunny,Fire,,,,"6,240",Fairy,Amorphous,50.00%,50.00%,Forecast,,,,Rock Smash,Fighting,,,
No,No,3,"Ruby, Sapphire, Emerald",Battle,,,Castform,2,,Rainy Castform,Rainy Morphéo,351,,,castform-rainy,Castform,,castform-rainy,Water,,,,"6,240",Fairy,Amorphous,50.00%,50.00%,Forecast,,,,Rock Throw,Rock,,,
No,No,3,"Ruby, Sapphire, Emerald",Battle,,,Castform,3,,Snowy Castform,Snowy Morphéo,351,,,castform-snowy,Castform,,castform-snowy,Ice,,,,"6,240",Fairy,Amorphous,50.00%,50.00%,Forecast,,,,Rock Tomb,Rock,,,
Yes,Yes,3,"Ruby, Sapphire, Emerald",,,,Kecleon,0,,Kecleon,Kecleon,352,,,kecleon,Kecleon,,kecleon,Normal,,,,"5,120",Field,,50.00%,50.00%,Color Change,,Protean,,Rock Wrecker,Rock,,,
Yes,Yes,3,"Ruby, Sapphire, Emerald",,,,Shuppet,0,,Shuppet,Polichombr,353,,,shuppet,Shuppet,,shuppet,Ghost,,,,"6,240",Amorphous,,50.00%,50.00%,Insomnia,Frisk,Cursed Body,,Role Play,Pyschic,,,
Yes,Yes,3,"Ruby, Sapphire, Emerald",,,,Shuppet,1,37,Banette,Branette,354,,,banette,Banette,,banette,Ghost,,,,"6,240",Amorphous,,50.00%,50.00%,Insomnia,Frisk,Cursed Body,,Rolling Kick,Fighting,,,
No,No,6,"X, Y",,,Mega,Shuppet,2,,Mega Banette,Mega Branette,354,,,banette-mega,Banette,Yes,banette-mega,Ghost,,,,"6,240",Amorphous,,50.00%,50.00%,Prankster,,,,Rollout,Rock,,,
Yes,Yes,3,"Ruby, Sapphire, Emerald",,,,Duskull,0,,Duskull,Skelénox,355,,,duskull,Duskull,,duskull,Ghost,,,,"6,240",Amorphous,,50.00%,50.00%,Levitate,,Frisk,,Roost,Flying,,,
Yes,Yes,8,Pokémon Legends Arceus,,,Alpha,Duskull,1,,Alpha Duskull,Baron Skelénox,355,,,duskull,Duskull,,duskull-alpha,Ghost,,,,"6,240",Amorphous,,50.00%,50.00%,Levitate,,Frisk,,Roost,Flying,,,
Yes,Yes,3,"Ruby, Sapphire, Emerald",,,,Duskull,2,37,Dusclops,Téraclope,356,,,dusclops,Dusclops,,dusclops,Ghost,,,,"6,240",Amorphous,,50.00%,50.00%,Pressure,,Frisk,,Rototiller,Ground,,,
Yes,Yes,8,Pokémon Legends Arceus,,,Alpha,Duskull,3,37,Alpha Dusclops,Baron Téraclope,356,,,dusclops,Dusclops,,dusclops-alpha,Ghost,,,,"6,240",Amorphous,,50.00%,50.00%,Pressure,,Frisk,,Rototiller,Ground,,,
Yes,Yes,3,"Ruby, Sapphire, Emerald",,,,Tropius,0,,Tropius,Tropius,357,,,tropius,Tropius,,tropius,Grass,,,,"6,240",Monster,Grass,50.00%,50.00%,Chlorophyll,Solar Power,Harvest,,Round,Normal,,,
Yes,Yes,3,"Ruby, Sapphire, Emerald",,,,Chimecho,0,2 (Day + Happiness),Chimecho,Éoko,358,,,chimecho,Chimecho,,chimecho,Pyschic,,,,"6,240",Amorphous,,50.00%,50.00%,Levitate,,,,Sacred Fire,Fire,,,
Yes,Yes,8,Pokémon Legends Arceus,,,Alpha,Chimecho,1,2 (Day + Happiness),Alpha Chimecho,Baron Chimecho,358,,,chimecho,Chimecho,,chimecho-alpha,Pyschic,,,,"6,240",Amorphous,,50.00%,50.00%,Levitate,,,,Sacred Fire,Fire,,,
Yes,Yes,3,"Ruby, Sapphire, Emerald",,,,Absol,0,,Absol,Absol,359,,,absol,Absol,,absol,Dark,,,,"6,240",Field,,50.00%,50.00%,Pressure,Super Luck,Justified,,Sacred Sword,Fighting,,,
No,No,6,"X, Y",,,Mega,Absol,1,,Mega Absol,Mega Absol,359,,,absol-mega,Absol,Yes,absol-mega,Dark,,,,"6,240",Field,,50.00%,50.00%,Magic Bounce,,,,Safeguard,Normal,,,
Yes,No,3,"Ruby, Sapphire, Emerald",,,,Wobbuffet,2,,Wynaut,Okéoké,360,,,wynaut,Wynaut,,wynaut,Pyschic,,,,"5,120",Undiscovered,,50.00%,50.00%,Shadow Tag,,Telepathy,,Sand Attack,Ground,,,
Yes,Yes,3,"Ruby, Sapphire, Emerald",,,,Snorunt,0,,Snorunt,Stalgamin,361,,,snorunt,Snorunt,,snorunt,Ice,,,,"5,120",Fairy,Mineral,50.00%,50.00%,Inner Focus,Ice Body,Moody,,Sand Tomb,Ground,,,
Yes,Yes,8,Pokémon Legends Arceus,,,Alpha,Snorunt,1,,Alpha Snorunt,Baron Stalgamin,361,,,snorunt,Snorunt,,snorunt-alpha,Ice,,,,"5,120",Fairy,Mineral,50.00%,50.00%,Inner Focus,Ice Body,Moody,,Sand Tomb,Ground,,,
Yes,Yes,3,"Ruby, Sapphire, Emerald",,,,Snorunt,2,42,Glalie,Oniglali,362,,,glalie,Glalie,,glalie,Ice,,,,"5,120",Fairy,Mineral,50.00%,50.00%,Inner Focus,Ice Body,Moody,,Sandstorm,Rock,,,
Yes,Yes,8,Pokémon Legends Arceus,,,Alpha,Snorunt,3,42,Alpha Glalie,Baron Oniglali,362,,,glalie,Glalie,,glalie-alpha,Ice,,,,"5,120",Fairy,Mineral,50.00%,50.00%,Inner Focus,Ice Body,Moody,,Sandstorm,Rock,,,
No,No,6,"X, Y",,,Mega,Snorunt,4,,Mega Glalie,Mega Oniglali,362,,,glalie-mega,Glalie,Yes,glalie-mega,Ice,,,,"5,120",Fairy,Mineral,50.00%,50.00%,Refrigerate,,,,Savage Spin-Out,Bug,,,
Yes,Yes,3,"Ruby, Sapphire, Emerald",,,,Spheal,0,,Spheal,Obalie,363,,,spheal,Spheal,,spheal,Ice,,Water,,"5,120",Water 1,Field,50.00%,50.00%,Thick Fat,Ice Body,Oblivious,,Scald,Water,,,
Yes,Yes,8,Pokémon Legends Arceus,,,Alpha,Spheal,1,,Alpha Spheal,Baron Obalie,363,,,spheal,Spheal,,spheal-alpha,Ice,,Water,,"5,120",Water 1,Field,50.00%,50.00%,Thick Fat,Ice Body,Oblivious,,Scald,Water,,,
Yes,Yes,3,"Ruby, Sapphire, Emerald",,,,Spheal,2,32,Sealeo,Phogleur,364,,,sealeo,Sealeo,,sealeo,Ice,,Water,,"5,120",Water 1,Field,50.00%,50.00%,Thick Fat,Ice Body,Oblivious,,Scary Face,Normal,,,
Yes,Yes,8,Pokémon Legends Arceus,,,Alpha,Spheal,3,32,Alpha Sealeo,Baron Phogleur,364,,,sealeo,Sealeo,,sealeo-alpha,Ice,,Water,,"5,120",Water 1,Field,50.00%,50.00%,Thick Fat,Ice Body,Oblivious,,Scary Face,Normal,,,
Yes,Yes,3,"Ruby, Sapphire, Emerald",,,,Spheal,4,44,Walrein,Kaimorse,365,,,walrein,Walrein,,walrein,Ice,,Water,,"5,120",Water 1,Field,50.00%,50.00%,Thick Fat,Ice Body,Oblivious,,Scratch,Normal,,,
Yes,Yes,8,Pokémon Legends Arceus,,,Alpha,Spheal,5,44,Alpha Walrein,Baron Kaimorse,365,,,walrein,Walrein,,walrein-alpha,Ice,,Water,,"5,120",Water 1,Field,50.00%,50.00%,Thick Fat,Ice Body,Oblivious,,Scratch,Normal,,,
Yes,Yes,3,"Ruby, Sapphire, Emerald",,,,Clamperl,0,,Clamperl,Coquiperl,366,,,clamperl,Clamperl,,clamperl,Water,,,,"5,120",Water 1,,50.00%,50.00%,Shell Armor,,Rattled,,Screech,Normal,,,
Yes,Yes,3,"Ruby, Sapphire, Emerald",,,,Clamperl,1,Trade (Deep Sea Tooth),Huntail,Serpang,367,,,huntail,Huntail,,huntail,Water,,,,"5,120",Water 1,,50.00%,50.00%,Swift Swim,,Water Veil,,Searing Shot,Fire,,,
Yes,Yes,3,"Ruby, Sapphire, Emerald",,,,Clamperl,2,Trade (Deep Sea Scale),Gorebyss,Rosabyss,368,,,gorebyss,Gorebyss,,gorebyss,Water,,,,"5,120",Water 1,,50.00%,50.00%,Swift Swim,,Hydration,,Searing Sunraze Smash,Steel,,,
Yes,Yes,3,"Ruby, Sapphire, Emerald",,,,Relicanth,0,,Relicanth,Relicanth,369,,,relicanth,Relicanth,,relicanth,Water,,Rock,,"10,240",Water 1,Water 2,88.10%,11.90%,Swift Swim,Rock Head,Sturdy,,Secret Power,Normal,,,
Yes,Yes,4,"Diamond, Pearl, Platinium",Gender,,,Relicanth,1,,Relicanth ♀,Relicanth ♀,369,,,relicanth,Relicanth,,relicanth-f,Water,,Rock,,"10,240",Water 1,Water 2,88.10%,11.90%,Swift Swim,Rock Head,Sturdy,,Secret Sword,Fighting,,,
Yes,Yes,3,"Ruby, Sapphire, Emerald",,,,Luvdisc,0,,Luvdisc,Lovdisc,370,,,luvdisc,Luvdisc,,luvdisc,Water,,,,"5,120",Water 2,,25.00%,75.00%,Swift Swim,,Hydration,,Seed Bomb,Grass,,,
Yes,Yes,3,"Ruby, Sapphire, Emerald",,,,Bagon,0,,Bagon,Draby,371,,,bagon,Bagon,,bagon,Dragon,,,,"10,240",Dragon,,50.00%,50.00%,Rock Head,,Sheer Force,,Seed Flare,Grass,,,
Yes,Yes,3,"Ruby, Sapphire, Emerald",,,,Bagon,1,30,Shelgon,Drackhaus,372,,,shelgon,Shelgon,,shelgon,Dragon,,,,"10,240",Dragon,,50.00%,50.00%,Rock Head,,Overcoat,,Seismic Toss,Fighting,,,
Yes,Yes,3,"Ruby, Sapphire, Emerald",,,,Bagon,2,50,Salamence,Drattak,373,,,salamence,Salamence,,salamence,Dragon,,Flying,,"10,240",Dragon,,50.00%,50.00%,Intimidate,,Moxie,,Self-Destruct,Normal,,,
No,No,6,"X, Y",,,Mega,Bagon,3,,Mega Salamence,Mega Drattak,373,,,salamence-mega,Salamence,Yes,salamence-mega,Dragon,,Flying,,"10,240",Dragon,,50.00%,50.00%,Aerilate,,,,Shadow Ball,Ghost,,,
Yes,Yes,3,"Ruby, Sapphire, Emerald",,,,Beldum,0,,Beldum,Terhal,374,,,beldum,Beldum,,beldum,Steel,,Pyschic,,"10,240",Mineral,,○,○,Clear Body,,Light Metal,,Shadow Bone,Ghost,,,
Yes,Yes,3,"Ruby, Sapphire, Emerald",,,,Beldum,1,20,Metang,Métang,375,,,metang,Metang,,metang,Steel,,Pyschic,,"10,240",Mineral,,○,○,Clear Body,,Light Metal,,Shadow Claw,Ghost,,,
Yes,Yes,3,"Ruby, Sapphire, Emerald",,,,Beldum,2,45,Metagross,Métalosse,376,,,metagross,Metagross,,metagross,Steel,,Pyschic,,"10,240",Mineral,,○,○,Clear Body,,Light Metal,,Shadow Force,Ghost,,,
No,No,6,"X, Y",,,Mega,Beldum,3,,Mega Metagross,Mega Métalosse,376,,,metagross-mega,Metagross,Yes,metagross-mega,Steel,,Pyschic,,"10,240",Mineral,,○,○,Tough Claws,,,,Shadow Punch,Ghost,,,
Yes,No,3,"Ruby, Sapphire, Emerald",,,,Regirock,0,,Regirock,Regirock,377,,,regirock,Regirock,,regirock,Rock,,,,"20,480",Undiscovered,,○,○,Clear Body,,Sturdy,,Shadow Sneak,Ghost,,,
Yes,No,3,"Ruby, Sapphire, Emerald",,,,Regice,0,,Regice,Regice,378,,,regice,Regice,,regice,Ice,,,,"20,480",Undiscovered,,○,○,Clear Body,,Ice Body,,Sharpen,Normal,,,
Yes,No,3,"Ruby, Sapphire, Emerald",,,,Registeel,0,,Registeel,Registeel,379,,,registeel,Registeel,,registeel,Steel,,,,"20,480",Undiscovered,,○,○,Clear Body,,Light Metal,,Shattered Psyche,Pyschic,,,
Yes,No,3,"Ruby, Sapphire, Emerald",,,,Latias,0,,Latias,Latias,380,,,latias,Latias,,latias,Dragon,,Pyschic,,"30,720",Undiscovered,,0.00%,100.00%,Levitate,,,,Sheer Cold,Ice,,,
No,No,6,"X, Y",,,Mega,Latias,1,,Mega Latias,Mega Latias,380,,,latias-mega,Latias,Yes,latias-mega,Dragon,,Pyschic,,"30,720",Undiscovered,,0.00%,100.00%,Levitate,,,,Shell Smash,Normal,,,
Yes,No,3,"Ruby, Sapphire, Emerald",,,,Latios,0,,Latios,Latios,381,,,latios,Latios,,latios,Dragon,,Pyschic,,"30,720",Undiscovered,,100.00%,0.00%,Levitate,,,,Shell Trap,Fire,,,
No,No,6,"X, Y",,,Mega,Latios,1,,Mega Latios,Mega Latios,381,,,latios-mega,Latios,Yes,latios-mega,Dragon,,Pyschic,,"30,720",Undiscovered,,100.00%,0.00%,Levitate,,,,Shift Gear,Steel,,,
Yes,No,3,"Ruby, Sapphire, Emerald",,,,Kyogre,0,,Kyogre,Kyogre,382,,,kyogre,Kyogre,,kyogre,Water,,,,"30,720",Undiscovered,,○,○,Drizzle,,,,Shock Wave,Electric,,,
No,No,6,"X, Y",Battle,,,Kyogre,1,,Primal Kyogre,Primal Kyogre,382,,,kyogre-primal,Kyogre,,kyogre-primal,Water,,,,"30,720",Undiscovered,,○,○,Primordial Sea,,,,Shore Up,Ground,,,
Yes,No,3,"Ruby, Sapphire, Emerald",,,,Groudon,0,,Groudon,Groudon,383,,,groudon,Groudon,,groudon,Ground,,,,"30,720",Undiscovered,,○,○,Drought,,,,Signal Beam,Bug,,,
No,No,6,"X, Y",Battle,,,Groudon,1,,Primal Groudon,Primal Groudon,383,,,groudon-primal,Groudon,,groudon-primal,Ground,,Fire,,"30,720",Undiscovered,,○,○,Desolate Land,,,,Silver Wind,Bug,,,
Yes,No,3,"Ruby, Sapphire, Emerald",,,,Rayquaza,0,,Rayquaza,Rayquaza,384,,,rayquaza,Rayquaza,,rayquaza,Dragon,,Flying,,"30,720",Undiscovered,,○,○,Air Lock,,,,Simple Beam,Normal,,,
No,No,6,"X, Y",,,Mega,Rayquaza,1,,Mega Rayquaza,Mega Rayquaza,384,,,rayquaza-mega,Rayquaza,Yes,rayquaza-mega,Dragon,,Flying,,"30,720",Undiscovered,,○,○,Delta Stream,,,,Sing,Normal,,,
Yes,No,3,"Ruby, Sapphire, Emerald",,,,Jirachi,0,,Jirachi,Jirachi,385,,,jirachi,Jirachi,,jirachi,Steel,,Pyschic,,"30,720",Undiscovered,,○,○,Serene Grace,,,,Sinister Arrow Raid,Ghost,,,
Yes,No,3,"Ruby, Sapphire, Emerald",,,,Deoxys,0,,Deoxys,Deoxys,386,,,deoxys,Deoxys,,deoxys,Pyschic,,,,"30,720",Undiscovered,,○,○,Pressure,,,,Sketch,Normal,,,
Yes,No,3,"Ruby, Sapphire, Emerald",Alternate,,,Deoxys,1,,Deoxys-Attack,Deoxys Attaque,386,,,deoxys-attack,Deoxys,,deoxys-attack,Pyschic,,,,"30,720",Undiscovered,,○,○,Pressure,,,,Skill Swap,Pyschic,,,
Yes,No,3,"Ruby, Sapphire, Emerald",Alternate,,,Deoxys,2,,Deoxys-Defense,Deoxys Défense,386,,,deoxys-defense,Deoxys,,deoxys-defense,Pyschic,,,,"30,720",Undiscovered,,○,○,Pressure,,,,Skull Bash,Normal,,,
Yes,No,3,"Ruby, Sapphire, Emerald",Alternate,,,Deoxys,3,,Deoxys-Speed,Deoxys Vitesse,386,,,deoxys-speed,Deoxys,,deoxys-speed,Pyschic,,,,"30,720",Undiscovered,,○,○,Pressure,,,,Sky Attack,Flying,,,
Yes,Yes,4,"Diamond, Pearl, Platinium",,,,Turtwig,0,,Turtwig,Tortipouss,387,,,turtwig,Turtwig,,turtwig,Grass,,,,"5,120",Monster,Grass,88.10%,11.90%,Overgrow,,Shell Armor,,Sky Drop,Flying,,,
Yes,Yes,8,Pokémon Legends Arceus,,,Alpha,Turtwig,1,,Alpha Turtwig,Baron Tortipouss,387,,,turtwig,Turtwig,,turtwig-alpha,Grass,,,,"5,120",Monster,Grass,88.10%,11.90%,Overgrow,,Shell Armor,,Sky Drop,Flying,,,
Yes,Yes,4,"Diamond, Pearl, Platinium",,,,Turtwig,2,18,Grotle,Boskara,388,,,grotle,Grotle,,grotle,Grass,,,,"5,120",Monster,Grass,88.10%,11.90%,Overgrow,,Shell Armor,,Sky Uppercut,Fighting,,,
Yes,Yes,8,Pokémon Legends Arceus,,,Alpha,Turtwig,3,18,Alpha Grotle,Baron Boskara,388,,,grotle,Grotle,,grotle-alpha,Grass,,,,"5,120",Monster,Grass,88.10%,11.90%,Overgrow,,Shell Armor,,Sky Uppercut,Fighting,,,
Yes,Yes,4,"Diamond, Pearl, Platinium",,,,Turtwig,4,32,Torterra,Torterra,389,,,torterra,Torterra,,torterra,Grass,,Ground,,"5,120",Monster,Grass,88.10%,11.90%,Overgrow,,Shell Armor,,Slack Off,Normal,,,
Yes,Yes,8,Pokémon Legends Arceus,,,Alpha,Turtwig,5,32,Alpha Torterra,Baron Torterra,389,,,torterra,Torterra,,torterra-alpha,Grass,,Ground,,"5,120",Monster,Grass,88.10%,11.90%,Overgrow,,Shell Armor,,Slack Off,Normal,,,
Yes,Yes,4,"Diamond, Pearl, Platinium",,,,Chimchar,0,,Chimchar,Ouisticram,390,,,chimchar,Chimchar,,chimchar,Fire,,,,"5,120",Field,Human-Like,88.10%,11.90%,Blaze,,Iron Fist,,Slam,Normal,,,
Yes,Yes,8,Pokémon Legends Arceus,,,Alpha,Chimchar,1,,Alpha Chimchar,Baron Ouisticram,390,,,chimchar,Chimchar,,chimchar-alpha,Fire,,,,"5,120",Field,Human-Like,88.10%,11.90%,Blaze,,Iron Fist,,Slam,Normal,,,
Yes,Yes,4,"Diamond, Pearl, Platinium",,,,Chimchar,2,14,Monferno,Chimpenfeu,391,,,monferno,Monferno,,monferno,Fire,,Fighting,,"5,120",Field,Human-Like,88.10%,11.90%,Blaze,,Iron Fist,,Slash,Normal,,,
Yes,Yes,8,Pokémon Legends Arceus,,,Alpha,Chimchar,3,14,Alpha Monferno,Baron Chimpenfeu,391,,,monferno,Monferno,,monferno-alpha,Fire,,Fighting,,"5,120",Field,Human-Like,88.10%,11.90%,Blaze,,Iron Fist,,Slash,Normal,,,
Yes,Yes,4,"Diamond, Pearl, Platinium",,,,Chimchar,4,36,Infernape,Simiabraz,392,,,infernape,Infernape,,infernape,Fire,,Fighting,,"5,120",Field,Human-Like,88.10%,11.90%,Blaze,,Iron Fist,,Sleep Powder,Grass,,,
Yes,Yes,8,Pokémon Legends Arceus,,,Alpha,Chimchar,5,36,Alpha Infernape,Baron Simiabraz,392,,,infernape,Infernape,,infernape-alpha,Fire,,Fighting,,"5,120",Field,Human-Like,88.10%,11.90%,Blaze,,Iron Fist,,Sleep Powder,Grass,,,
Yes,Yes,4,"Diamond, Pearl, Platinium",,,,Piplup,0,,Piplup,Tiplouf,393,,,piplup,Piplup,,piplup,Water,,,,"5,120",Water 1,Field,88.10%,11.90%,Torrent,,Defiant,,Sleep Talk,Normal,,,
Yes,Yes,8,Pokémon Legends Arceus,,,Alpha,Piplup,1,,Alpha Piplup,Baron Tiplouf,393,,,piplup,Piplup,,piplup-alpha,Water,,,,"5,120",Water 1,Field,88.10%,11.90%,Torrent,,Defiant,,Sleep Talk,Normal,,,
Yes,Yes,4,"Diamond, Pearl, Platinium",,,,Piplup,2,16,Prinplup,Prinplouf,394,,,prinplup,Prinplup,,prinplup,Water,,,,"5,120",Water 1,Field,88.10%,11.90%,Torrent,,Defiant,,Sludge,Poison,,,
Yes,Yes,8,Pokémon Legends Arceus,,,Alpha,Piplup,3,16,Alpha Prinplup,Baron Prinplouf,394,,,prinplup,Prinplup,,prinplup-alpha,Water,,,,"5,120",Water 1,Field,88.10%,11.90%,Torrent,,Defiant,,Sludge,Poison,,,
Yes,Yes,4,"Diamond, Pearl, Platinium",,,,Piplup,4,36,Empoleon,Pingoléon,395,,,empoleon,Empoleon,,empoleon,Water,,Steel,,"5,120",Water 1,Field,88.10%,11.90%,Torrent,,Defiant,,Sludge Bomb,Poison,,,
Yes,Yes,8,Pokémon Legends Arceus,,,Alpha,Piplup,5,36,Alpha Empoleon,Baron Pingoléon,395,,,empoleon,Empoleon,,empoleon-alpha,Water,,Steel,,"5,120",Water 1,Field,88.10%,11.90%,Torrent,,Defiant,,Sludge Bomb,Poison,,,
Yes,Yes,4,"Diamond, Pearl, Platinium",,,,Starly,0,,Starly,Étourmi,396,,,starly,Starly,,starly,Normal,,Flying,,"3,840",Flying,,50.00%,50.00%,Keen Eye,,Reckless,,Sludge Wave,Poison,,,
Yes,Yes,8,Pokémon Legends Arceus,,,Alpha,Starly,1,,Alpha Starly,Baron Étourmi,396,,,starly,Starly,,starly-alpha,Normal,,Flying,,"3,840",Flying,,50.00%,50.00%,Keen Eye,,Reckless,,Sludge Wave,Poison,,,
Yes,Yes,4,"Diamond, Pearl, Platinium",Gender,,,Starly,2,,Starly ♀,Étourmi ♀,396,,,starly,Starly,,starly-f,Normal,,Flying,,"3,840",Flying,,50.00%,50.00%,Keen Eye,,Reckless,,Smack Down,Rock,,,
Yes,Yes,8,Pokémon Legends Arceus,Gender,,Alpha,Starly,3,,Alpha Starly ♀,Baron Étourmi ♀,396,,,starly,Starly,,starly-f-alpha,Normal,,Flying,,"3,840",Flying,,50.00%,50.00%,Keen Eye,,Reckless,,Smack Down,Rock,,,
Yes,Yes,4,"Diamond, Pearl, Platinium",,,,Starly,4,14,Staravia,Étourvol,397,,,staravia,Staravia,,staravia,Normal,,Flying,,"3,840",Flying,,50.00%,50.00%,Intimidate,,Reckless,,Smart Strike,Steel,,,
Yes,Yes,8,Pokémon Legends Arceus,,,Alpha,Starly,5,14,Alpha Staravia,Baron Étourvol,397,,,staravia,Staravia,,staravia-alpha,Normal,,Flying,,"3,840",Flying,,50.00%,50.00%,Intimidate,,Reckless,,Smart Strike,Steel,,,
Yes,Yes,4,"Diamond, Pearl, Platinium",Gender,,,Starly,6,14,Staravia ♀,Étourvol ♀,397,,,staravia,Staravia,,staravia-f,Normal,,Flying,,"3,840",Flying,,50.00%,50.00%,Intimidate,,Reckless,,Smelling Salts,Normal,,,
Yes,Yes,8,Pokémon Legends Arceus,Gender,,Alpha,Starly,7,14,Alpha Staravia ♀,Baron Étourvol ♀,397,,,staravia,Staravia,,staravia-alpha-f,Normal,,Flying,,"3,840",Flying,,50.00%,50.00%,Intimidate,,Reckless,,Smelling Salts,Normal,,,
Yes,Yes,4,"Diamond, Pearl, Platinium",,,,Starly,8,34,Staraptor,Étouraptor,398,,,staraptor,Staraptor,,staraptor,Normal,,Flying,,"3,840",Flying,,50.00%,50.00%,Intimidate,,Reckless,,Smog,Poison,,,
Yes,Yes,8,Pokémon Legends Arceus,,,Alpha,Starly,9,34,Alpha Staraptor,Baron Étouraptor,398,,,staraptor,Staraptor,,staraptor-alpha,Normal,,Flying,,"3,840",Flying,,50.00%,50.00%,Intimidate,,Reckless,,Smog,Poison,,,
Yes,Yes,4,"Diamond, Pearl, Platinium",Gender,,,Starly,10,34,Staraptor ♀,Étouraptor ♀,398,,,staraptor,Staraptor,,staraptor-f,Normal,,Flying,,"3,840",Flying,,50.00%,50.00%,Intimidate,,Reckless,,Smokescreen,Normal,,,
Yes,Yes,8,Pokémon Legends Arceus,Gender,,Alpha,Starly,11,34,Alpha Staraptor ♀,Baron Étouraptor ♀,398,,,staraptor,Staraptor,,staraptor-alpha-f,Normal,,Flying,,"3,840",Flying,,50.00%,50.00%,Intimidate,,Reckless,,Smokescreen,Normal,,,
Yes,Yes,4,"Diamond, Pearl, Platinium",,,,Bidoof,0,,Bidoof,Keunotor,399,,,bidoof,Bidoof,,bidoof,Normal,,,,"3,840",Water 1,Field,50.00%,50.00%,Simple,Unaware,Moody,,Snap Trap,Grass,,,
Yes,Yes,8,Pokémon Legends Arceus,,,Alpha,Bidoof,1,,Alpha Bidoof,Baron Keunotor,399,,,bidoof,Bidoof,,bidoof-alpha,Normal,,,,"3,840",Water 1,Field,50.00%,50.00%,Simple,Unaware,Moody,,Snap Trap,Grass,,,
Yes,Yes,4,"Diamond, Pearl, Platinium",Gender,,,Bidoof,2,,Bidoof ♀,Keunotor ♀,399,,,bidoof,Bidoof,,bidoof-f,Normal,,,,"3,840",Water 1,Field,50.00%,50.00%,Simple,Unaware,Moody,,Snarl,Dark,,,
Yes,Yes,8,Pokémon Legends Arceus,Gender,,Alpha,Bidoof,3,,Alpha Bidoof ♀,Baron Keunotor ♀,399,,,bidoof,Bidoof,,bidoof-f-alpha,Normal,,,,"3,840",Water 1,Field,50.00%,50.00%,Simple,Unaware,Moody,,Snarl,Dark,,,
Yes,Yes,4,"Diamond, Pearl, Platinium",,,,Bidoof,4,15,Bibarel,Castorno,400,,,bibarel,Bibarel,,bibarel,Normal,,Water,,"3,840",Water 1,Field,50.00%,50.00%,Simple,Unaware,Moody,,Snatch,Dark,,,
Yes,Yes,8,Pokémon Legends Arceus,,,Alpha,Bidoof,5,15,Alpha Bibarel,Baron Castorno,400,,,bibarel,Bibarel,,bibarel-alpha,Normal,,Water,,"3,840",Water 1,Field,50.00%,50.00%,Simple,Unaware,Moody,,Snatch,Dark,,,
Yes,Yes,4,"Diamond, Pearl, Platinium",Gender,,,Bidoof,6,15,Bibarel ♀,Castorno ♀,400,,,bibarel,Bibarel,,bibarel-f,Normal,,Water,,"3,840",Water 1,Field,50.00%,50.00%,Simple,Unaware,Moody,,Snipe Shot,Water,,,
Yes,Yes,8,Pokémon Legends Arceus,Gender,,Alpha,Bidoof,7,15,Alpha Bibarel ♀,Baron Castorno ♀,400,,,bibarel,Bibarel,,bibarel-alpha-f,Normal,,Water,,"3,840",Water 1,Field,50.00%,50.00%,Simple,Unaware,Moody,,Snipe Shot,Water,,,
Yes,Yes,4,"Diamond, Pearl, Platinium",,,,Kricketot,0,,Kricketot,Crikzik,401,,,kricketot,Kricketot,,kricketot,Bug,,,,"3,840",Bug,,50.00%,50.00%,Shed Skin,,Run Away,,Snore,Normal,,,
Yes,Yes,8,Pokémon Legends Arceus,,,Alpha,Kricketot,1,,Alpha Kricketot,Baron Crikzik,401,,,kricketot,Kricketot,,kricketot-alpha,Bug,,,,"3,840",Bug,,50.00%,50.00%,Shed Skin,,Run Away,,Snore,Normal,,,
Yes,Yes,4,"Diamond, Pearl, Platinium",Gender,,,Kricketot,2,,Kricketot ♀,Crikzik ♀,401,,,kricketot,Kricketot,,kricketot-f,Bug,,,,"3,840",Bug,,50.00%,50.00%,Shed Skin,,Run Away,,Soak,Water,,,
Yes,Yes,8,Pokémon Legends Arceus,Gender,,Alpha,Kricketot,3,,Alpha Kricketot ♀,Baron Crikzik ♀,401,,,kricketot,Kricketot,,kricketot-f-alpha,Bug,,,,"3,840",Bug,,50.00%,50.00%,Shed Skin,,Run Away,,Soak,Water,,,
Yes,Yes,4,"Diamond, Pearl, Platinium",,,,Kricketot,4,10,Kricketune,Mélokrik,402,,,kricketune,Kricketune,,kricketune,Bug,,,,"3,840",Bug,,50.00%,50.00%,Swarm,,Technician,,Soft-Boiled,Normal,,,
Yes,Yes,8,Pokémon Legends Arceus,,,Alpha,Kricketot,5,10,Alpha Kricketune,Baron Mélokrik,402,,,kricketune,Kricketune,,kricketune-alpha,Bug,,,,"3,840",Bug,,50.00%,50.00%,Swarm,,Technician,,Soft-Boiled,Normal,,,
Yes,Yes,4,"Diamond, Pearl, Platinium",Gender,,,Kricketot,6,10,Kricketune ♀,Mélokrik ♀,402,,,kricketune,Kricketune,,kricketune-f,Bug,,,,"3,840",Bug,,50.00%,50.00%,Swarm,,Technician,,Solar Beam,Grass,,,
Yes,Yes,8,Pokémon Legends Arceus,Gender,,Alpha,Kricketot,7,10,Alpha Kricketune ♀,Baron Mélokrik ♀,402,,,kricketune,Kricketune,,kricketune-alpha-f,Bug,,,,"3,840",Bug,,50.00%,50.00%,Swarm,,Technician,,Solar Beam,Grass,,,
Yes,Yes,4,"Diamond, Pearl, Platinium",,,,Shinx,0,,Shinx,Lixy,403,,,shinx,Shinx,,shinx,Electric,,,,"5,120",Field,,50.00%,50.00%,Rivalry,Intimidate,Guts,,Solar Blade,Grass,,,
Yes,Yes,8,Pokémon Legends Arceus,,,Alpha,Shinx,1,,Alpha Shinx,Baron Lixy,403,,,shinx,Shinx,,shinx-alpha,Electric,,,,"5,120",Field,,50.00%,50.00%,Rivalry,Intimidate,Guts,,Solar Blade,Grass,,,
Yes,Yes,4,"Diamond, Pearl, Platinium",Gender,,,Shinx,2,,Shinx ♀,Lixy ♀,403,,,shinx,Shinx,,shinx-f,Electric,,,,"5,120",Field,,50.00%,50.00%,Rivalry,Intimidate,Guts,,Sonic Boom,Normal,,,
Yes,Yes,8,Pokémon Legends Arceus,Gender,,Alpha,Shinx,3,,Alpha Shinx ♀,Baron Lixy ♀,403,,,shinx,Shinx,,shinx-f-alpha,Electric,,,,"5,120",Field,,50.00%,50.00%,Rivalry,Intimidate,Guts,,Sonic Boom,Normal,,,
Yes,Yes,4,"Diamond, Pearl, Platinium",,,,Shinx,4,15,Luxio,Luxio,404,,,luxio,Luxio,,luxio,Electric,,,,"5,120",Field,,50.00%,50.00%,Rivalry,Intimidate,Guts,,Soul-Stealing 7-Star Strike,Ghost,,,
Yes,Yes,8,Pokémon Legends Arceus,,,Alpha,Shinx,5,15,Alpha Luxio,Baron Luxio,404,,,luxio,Luxio,,luxio-alpha,Electric,,,,"5,120",Field,,50.00%,50.00%,Rivalry,Intimidate,Guts,,Soul-Stealing 7-Star Strike,Ghost,,,
Yes,Yes,4,"Diamond, Pearl, Platinium",Gender,,,Shinx,6,15,Luxio ♀,Luxio ♀,404,,,luxio,Luxio,,luxio-f,Electric,,,,"5,120",Field,,50.00%,50.00%,Rivalry,Intimidate,Guts,,Spacial Rend,Dragon,,,
Yes,Yes,8,Pokémon Legends Arceus,Gender,,Alpha,Shinx,7,15,Alpha Luxio ♀,Baron Luxio ♀,404,,,luxio,Luxio,,luxio-alpha-f,Electric,,,,"5,120",Field,,50.00%,50.00%,Rivalry,Intimidate,Guts,,Spacial Rend,Dragon,,,
Yes,Yes,4,"Diamond, Pearl, Platinium",,,,Shinx,8,30,Luxray,Luxray,405,,,luxray,Luxray,,luxray,Electric,,,,"5,120",Field,,50.00%,50.00%,Rivalry,Intimidate,Guts,,Spark,Electric,,,
Yes,Yes,8,Pokémon Legends Arceus,,,Alpha,Shinx,9,30,Alpha Luxray,Baron Luxray,405,,,luxray,Luxray,,luxray-alpha,Electric,,,,"5,120",Field,,50.00%,50.00%,Rivalry,Intimidate,Guts,,Spark,Electric,,,
Yes,Yes,4,"Diamond, Pearl, Platinium",Gender,,,Shinx,10,30,Luxray ♀,Luxray ♀,405,,,luxray,Luxray,,luxray-f,Electric,,,,"5,120",Field,,50.00%,50.00%,Rivalry,Intimidate,Guts,,Sparkling Aria,Water,,,
Yes,Yes,8,Pokémon Legends Arceus,Gender,,Alpha,Shinx,11,30,Alpha Luxray ♀,Baron Luxray ♀,405,,,luxray,Luxray,,luxray-alpha-f,Electric,,,,"5,120",Field,,50.00%,50.00%,Rivalry,Intimidate,Guts,,Sparkling Aria,Water,,,
Yes,No,4,"Diamond, Pearl, Platinium",,,,Roselia,12,,Budew,Rozbouton,406,,,budew,Budew,,budew,Grass,,Poison,,"5,120",Undiscovered,,50.00%,50.00%,Natural Cure,Poison Point,Leaf Guard,,Spectral Thief,Ghost,,,
Yes,No,8,Pokémon Legends Arceus,,,Alpha,Roselia,13,,Alpha Budew,Baron Rozbouton,406,,,budew,Budew,,budew-alpha,Grass,,Poison,,"5,120",Undiscovered,,50.00%,50.00%,Natural Cure,Poison Point,Leaf Guard,,Spectral Thief,Ghost,,,
Yes,Yes,4,"Diamond, Pearl, Platinium",,,,Roselia,14,Shiny Stone,Roserade,Roserade,407,,,roserade,Roserade,,roserade,Grass,,Poison,,"5,120",Fairy,Grass,50.00%,50.00%,Natural Cure,Poison Point,Technician,,Speed Swap,Pyschic,,,
Yes,Yes,8,Pokémon Legends Arceus,,,Alpha,Roselia,15,Shiny Stone,Alpha Roserade,Baron Roserade,407,,,roserade,Roserade,,roserade-alpha,Grass,,Poison,,"5,120",Fairy,Grass,50.00%,50.00%,Natural Cure,Poison Point,Technician,,Speed Swap,Pyschic,,,
Yes,Yes,4,"Diamond, Pearl, Platinium",Gender,,,Roselia,16,Shiny Stone,Roserade ♀,Roserade ♀,407,,,roserade,Roserade,,roserade-f,Grass,,Poison,,"5,120",Fairy,Grass,50.00%,50.00%,Natural Cure,Poison Point,Technician,,Spider Web,Bug,,,
Yes,Yes,8,Pokémon Legends Arceus,Gender,,Alpha,Roselia,17,Shiny Stone,Alpha Roserade ♀,Baron Roserade ♀,407,,,roserade,Roserade,,roserade-alpha-f,Grass,,Poison,,"5,120",Fairy,Grass,50.00%,50.00%,Natural Cure,Poison Point,Technician,,Spider Web,Bug,,,
Yes,Yes,4,"Diamond, Pearl, Platinium",,,,Cranidos,0,,Cranidos,Kranidos,408,,,cranidos,Cranidos,,cranidos,Rock,,,,"7,680",Monster,,88.10%,11.90%,Mold Breaker,,Sheer Force,,Spike Cannon,Normal,,,
Yes,Yes,8,Pokémon Legends Arceus,,,Alpha,Cranidos,1,,Alpha Cranidos,Baron Kranidos,408,,,cranidos,Cranidos,,cranidos-alpha,Rock,,,,"7,680",Monster,,88.10%,11.90%,Mold Breaker,,Sheer Force,,Spike Cannon,Normal,,,
Yes,Yes,4,"Diamond, Pearl, Platinium",,,,Cranidos,2,30,Rampardos,Charkos,409,,,rampardos,Rampardos,,rampardos,Rock,,,,"7,680",Monster,,88.10%,11.90%,Mold Breaker,,Sheer Force,,Spikes,Ground,,,
Yes,Yes,8,Pokémon Legends Arceus,,,Alpha,Cranidos,3,30,Alpha Rampardos,Baron Charkos,409,,,rampardos,Rampardos,,rampardos-alpha,Rock,,,,"7,680",Monster,,88.10%,11.90%,Mold Breaker,,Sheer Force,,Spikes,Ground,,,
Yes,Yes,4,"Diamond, Pearl, Platinium",,,,Shieldon,0,,Shieldon,Dinoclier,410,,,shieldon,Shieldon,,shieldon,Rock,,Steel,,"7,680",Monster,,88.10%,11.90%,Sturdy,,Soundproof,,Spiky Shield,Grass,,,
Yes,Yes,8,Pokémon Legends Arceus,,,Alpha,Shieldon,1,,Alpha Shieldon,Baron Dinoclier,410,,,shieldon,Shieldon,,shieldon-alpha,Rock,,Steel,,"7,680",Monster,,88.10%,11.90%,Sturdy,,Soundproof,,Spiky Shield,Grass,,,
Yes,Yes,4,"Diamond, Pearl, Platinium",,,,Shieldon,2,30,Bastiodon,Bastiodon,411,,,bastiodon,Bastiodon,,bastiodon,Rock,,Steel,,"7,680",Monster,,88.10%,11.90%,Sturdy,,Soundproof,,Spirit Break,Fairy,,,
Yes,Yes,8,Pokémon Legends Arceus,,,Alpha,Shieldon,3,30,Alpha Bastiodon,Baron Bastiodon,411,,,bastiodon,Bastiodon,,bastiodon-alpha,Rock,,Steel,,"7,680",Monster,,88.10%,11.90%,Sturdy,,Soundproof,,Spirit Break,Fairy,,,
Yes,Yes,4,"Diamond, Pearl, Platinium",,,,Plant Burmy,0,,Plant Burmy,Plant Cheniti,412,,,burmy,Burmy,,burmy,Bug,,,,"3,840",Bug,,50.00%,50.00%,Shed Skin,,Overcoat,,Spirit Shackle,Ghost,,,
Yes,Yes,8,Pokémon Legends Arceus,,,Alpha,Plant Burmy,1,,Alpha Plant Burmy,Baron Plant Cheniti,412,,,burmy,Burmy,,burmy-alpha,Bug,,,,"3,840",Bug,,50.00%,50.00%,Shed Skin,,Overcoat,,Spirit Shackle,Ghost,,,
Yes,No,4,"Diamond, Pearl, Platinium",,,,Plant Burmy,2,,Trash Burmy,Trash Cheniti,412,,,burmy-trash,Burmy,,burmy-trash,Bug,,,,"3,840",Bug,,50.00%,50.00%,Shed Skin,,Overcoat,,Spit Up,Normal,,,
Yes,No,8,Pokémon Legends Arceus,,,Alpha,Plant Burmy,3,,Alpha Trash Burmy,Baron Trash Cheniti,412,,,burmy-trash,Burmy,,burmy-trash-alpha,Bug,,,,"3,840",Bug,,50.00%,50.00%,Shed Skin,,Overcoat,,Spit Up,Normal,,,
Yes,No,4,"Diamond, Pearl, Platinium",,,,Plant Burmy,4,,Sand Burmy,Sand Cheniti,412,,,burmy-sandy,Burmy,,burmy-sandy,Bug,,,,"3,840",Bug,,50.00%,50.00%,Shed Skin,,Overcoat,,Spite,Ghost,,,
Yes,No,8,Pokémon Legends Arceus,,,Alpha,Plant Burmy,5,,Alpha Sand Burmy,Baron Sand Cheniti,412,,,burmy-sandy,Burmy,,burmy-sandy-alpha,Bug,,,,"3,840",Bug,,50.00%,50.00%,Shed Skin,,Overcoat,,Spite,Ghost,,,
Yes,Yes,4,"Diamond, Pearl, Platinium",,,,Plant Burmy,6,20 (Female),Plant Wormadam,Plant Cheniselle,413,,,wormadam,Wormadam,,wormadam,Bug,,Grass,,"3,840",Bug,,50.00%,50.00%,Anticipation,,Overcoat,,Splash,Normal,,,
Yes,Yes,8,Pokémon Legends Arceus,,,Alpha,Plant Burmy,7,20 (Female),Alpha Plant Wormadam,Baron Plant Cheniselle,413,,,wormadam,Wormadam,,wormadam-alpha,Bug,,Grass,,"3,840",Bug,,50.00%,50.00%,Anticipation,,Overcoat,,Splash,Normal,,,
Yes,No,4,"Diamond, Pearl, Platinium",,,,Plant Burmy,8,20 (Female),Trash Wormadam,Trash Cheniselle,413,,,wormadam-trash,Wormadam,,wormadam-trash,Bug,,Steel,,"3,840",Bug,,50.00%,50.00%,Anticipation,,Overcoat,,Splintered Stormshards,Rock,,,
Yes,No,8,Pokémon Legends Arceus,,,Alpha,Plant Burmy,9,20 (Female),Alpha Trash Wormadam,Baron Trash Cheniselle,413,,,wormadam-trash,Wormadam,,wormadam-trash-alpha,Bug,,Steel,,"3,840",Bug,,50.00%,50.00%,Anticipation,,Overcoat,,Splintered Stormshards,Rock,,,
Yes,No,4,"Diamond, Pearl, Platinium",,,,Plant Burmy,10,20 (Female),Sand Wormadam,Sand Cheniselle,413,,,wormadam-sandy,Wormadam,,wormadam-sandy,Bug,,Ground,,"3,840",Bug,,50.00%,50.00%,Anticipation,,Overcoat,,Spore,Grass,,,
Yes,No,8,Pokémon Legends Arceus,,,Alpha,Plant Burmy,11,20 (Female),Alpha Sand Wormadam,Baron Sand Cheniselle,413,,,wormadam-sandy,Wormadam,,wormadam-sandy-alpha,Bug,,Ground,,"3,840",Bug,,50.00%,50.00%,Anticipation,,Overcoat,,Spore,Grass,,,
Yes,Yes,4,"Diamond, Pearl, Platinium",,,,Plant Burmy,12,20 (Male),Mothim,Papilord,414,,,mothim,Mothim,,mothim,Bug,,Flying,,"3,840",Bug,,100.00%,0.00%,Swarm,,Tinted Lens,,Spotlight,Normal,,,
Yes,Yes,8,Pokémon Legends Arceus,,,Alpha,Plant Burmy,13,20 (Male),Alpha Mothim,Baron Papilord,414,,,mothim,Mothim,,mothim-alpha,Bug,,Flying,,"3,840",Bug,,100.00%,0.00%,Swarm,,Tinted Lens,,Spotlight,Normal,,,
Yes,Yes,4,"Diamond, Pearl, Platinium",,,,Combee,0,,Combee,Apitrini,415,,,combee,Combee,,combee,Bug,,Flying,,"3,840",Bug,,88.10%,11.90%,Honey Gather,,Hustle,,Stealth Rock,Rock,,,
Yes,Yes,8,Pokémon Legends Arceus,,,Alpha,Combee,1,,Alpha Combee,Baron Apitrini,415,,,combee,Combee,,combee-alpha,Bug,,Flying,,"3,840",Bug,,88.10%,11.90%,Honey Gather,,Hustle,,Stealth Rock,Rock,,,
Yes,Yes,4,"Diamond, Pearl, Platinium",Gender,,,Combee,2,,Combee ♀,Apitrini ♀,415,,,combee,Combee,,combee-f,Bug,,Flying,,"3,840",Bug,,88.10%,11.90%,Honey Gather,,Hustle,,Steam Eruption,Water,,,
Yes,Yes,8,Pokémon Legends Arceus,Gender,,Alpha,Combee,3,,Alpha Combee ♀,Baron Apitrini ♀,415,,,combee,Combee,,combee-f-alpha,Bug,,Flying,,"3,840",Bug,,88.10%,11.90%,Honey Gather,,Hustle,,Steam Eruption,Water,,,
Yes,Yes,4,"Diamond, Pearl, Platinium",,,,Combee,4,21 (Female),Vespiquen,Apireine,416,,,vespiquen,Vespiquen,,vespiquen,Bug,,Flying,,"3,840",Bug,,0.00%,100.00%,Pressure,,Unnerve,,Steamroller,Bug,,,
Yes,Yes,8,Pokémon Legends Arceus,,,Alpha,Combee,5,21 (Female),Alpha Vespiquen,Baron Apireine,416,,,vespiquen,Vespiquen,,vespiquen-alpha,Bug,,Flying,,"3,840",Bug,,0.00%,100.00%,Pressure,,Unnerve,,Steamroller,Bug,,,
Yes,Yes,4,"Diamond, Pearl, Platinium",,,,Pachirisu,0,,Pachirisu,Pachirisu,417,,,pachirisu,Pachirisu,,pachirisu,Electric,,,,"2,560",Field,Fairy,50.00%,50.00%,Run Away,Pickup,Volt Absorb,,Steel Beam,Steel,,,
Yes,Yes,8,Pokémon Legends Arceus,,,Alpha,Pachirisu,1,,Alpha Pachirisu,Baron Pachirisu,417,,,pachirisu,Pachirisu,,pachirisu-alpha,Electric,,,,"2,560",Field,Fairy,50.00%,50.00%,Run Away,Pickup,Volt Absorb,,Steel Beam,Steel,,,
Yes,Yes,4,"Diamond, Pearl, Platinium",Gender,,,Pachirisu,2,,Pachirisu ♀,Pachirisu ♀,417,,,pachirisu,Pachirisu,,pachirisu-f,Electric,,,,"2,560",Field,Fairy,50.00%,50.00%,Run Away,Pickup,Volt Absorb,,Steel Wing,Steel,,,
Yes,Yes,8,Pokémon Legends Arceus,Gender,,Alpha,Pachirisu,3,,Alpha Pachirisu ♀,Baron Pachirisu ♀,417,,,pachirisu,Pachirisu,,pachirisu-alpha-f,Electric,,,,"2,560",Field,Fairy,50.00%,50.00%,Run Away,Pickup,Volt Absorb,,Steel Wing,Steel,,,
Yes,Yes,4,"Diamond, Pearl, Platinium",,,,Buizel,0,,Buizel,Mustébouée,418,,,buizel,Buizel,,buizel,Water,,,,"5,120",Water 1,Field,50.00%,50.00%,Swift Swim,,Water Veil,,Sticky Web,Bug,,,
Yes,Yes,8,Pokémon Legends Arceus,,,Alpha,Buizel,1,,Alpha Buizel,Baron Mustébouée,418,,,buizel,Buizel,,buizel-alpha,Water,,,,"5,120",Water 1,Field,50.00%,50.00%,Swift Swim,,Water Veil,,Sticky Web,Bug,,,
Yes,Yes,4,"Diamond, Pearl, Platinium",Gender,,,Buizel,2,,Buizel ♀,Mustébouée ♀,418,,,buizel,Buizel,,buizel-f,Water,,,,"5,120",Water 1,Field,50.00%,50.00%,Swift Swim,,Water Veil,,Stockpile,Normal,,,
Yes,Yes,8,Pokémon Legends Arceus,Gender,,Alpha,Buizel,3,,Alpha Buizel ♀,Baron Mustébouée ♀,418,,,buizel,Buizel,,buizel-f-alpha,Water,,,,"5,120",Water 1,Field,50.00%,50.00%,Swift Swim,,Water Veil,,Stockpile,Normal,,,
Yes,Yes,4,"Diamond, Pearl, Platinium",,,,Buizel,4,26,Floatzel,Mustéflott,419,,,floatzel,Floatzel,,floatzel,Water,,,,"5,120",Water 1,Field,50.00%,50.00%,Swift Swim,,Water Veil,,Stoked Sparksurfer,Electric,,,
Yes,Yes,8,Pokémon Legends Arceus,,,Alpha,Buizel,5,26,Alpha Floatzel,Baron Mustéflott,419,,,floatzel,Floatzel,,floatzel-alpha,Water,,,,"5,120",Water 1,Field,50.00%,50.00%,Swift Swim,,Water Veil,,Stoked Sparksurfer,Electric,,,
Yes,Yes,4,"Diamond, Pearl, Platinium",Gender,,,Buizel,6,26,Floatzel ♀,Mustéflott ♀,419,,,floatzel,Floatzel,,floatzel-f,Water,,,,"5,120",Water 1,Field,50.00%,50.00%,Swift Swim,,Water Veil,,Stomp,Normal,,,
Yes,Yes,8,Pokémon Legends Arceus,Gender,,Alpha,Buizel,7,26,Alpha Floatzel ♀,Baron Mustéflott ♀,419,,,floatzel,Floatzel,,floatzel-alpha-f,Water,,,,"5,120",Water 1,Field,50.00%,50.00%,Swift Swim,,Water Veil,,Stomp,Normal,,,
Yes,Yes,4,"Diamond, Pearl, Platinium",,,,Cherubi,0,,Cherubi,Ceribou,420,,,cherubi,Cherubi,,cherubi,Grass,,,,"5,120",Fairy,Grass,50.00%,50.00%,Chlorophyll,,,,Stomping Tantrum,Ground,,,
Yes,Yes,8,Pokémon Legends Arceus,,,Alpha,Cherubi,1,,Alpha Cherubi,Baron Ceribou,420,,,cherubi,Cherubi,,cherubi-alpha,Grass,,,,"5,120",Fairy,Grass,50.00%,50.00%,Chlorophyll,,,,Stomping Tantrum,Ground,,,
Yes,Yes,4,"Diamond, Pearl, Platinium",,,,Cherubi,2,25,Cherrim,Ceriflor,421,,,cherrim,Cherrim,,cherrim,Grass,,,,"5,120",Fairy,Grass,50.00%,50.00%,Flower Gift,,,,Stone Edge,Rock,,,
Yes,Yes,8,Pokémon Legends Arceus,,,Alpha,Cherubi,3,25,Alpha Cherrim,Baron Ceriflor,421,,,cherrim,Cherrim,,cherrim-alpha,Grass,,,,"5,120",Fairy,Grass,50.00%,50.00%,Flower Gift,,,,Stone Edge,Rock,,,
No,No,4,"Diamond, Pearl, Platinium",Battle,,,Cherubi,4,,Sunshine Cherrim,Ceriflor Temps Ensoleillé,421,,,cherrim-sunshine,Cherrim,,cherrim-sunshine,Grass,,,,"5,120",Fairy,Grass,50.00%,50.00%,Flower Gift,,,,Stored Power,Pyschic,,,
Yes,Yes,4,"Diamond, Pearl, Platinium",,,,West Shellos,0,,West Shellos,Sancoki Mer Orient,422,,,shellos,Shellos,,shellos,Water,,,,"5,120",Water 1,Amorphous,50.00%,50.00%,Sticky Hold,Storm Drain,Sand Force,,Storm Throw,Fighting,,,
Yes,Yes,8,Pokémon Legends Arceus,,,Alpha,West Shellos,1,,Alpha West Shellos,Baron West Sancoki,422,,,shellos,Shellos,,shellos-alpha,Water,,,,"5,120",Water 1,Amorphous,50.00%,50.00%,Sticky Hold,Storm Drain,Sand Force,,Storm Throw,Fighting,,,
Yes,Yes,4,"Diamond, Pearl, Platinium",,,,West Shellos,2,,East Shellos,Sancoki Mer Occident,422,,,shellos-east,Shellos,,shellos-east,Water,,,,"5,120",Water 1,Amorphous,50.00%,50.00%,Sticky Hold,Storm Drain,Sand Force,,Strange Steam,Fairy,,,
Yes,Yes,8,Pokémon Legends Arceus,,,Alpha,West Shellos,3,,Alpha East Shellos,Baron Sancoki Mer Occident,422,,,shellos-east,Shellos,,shellos-east-alpha,Water,,,,"5,120",Water 1,Amorphous,50.00%,50.00%,Sticky Hold,Storm Drain,Sand Force,,Strange Steam,Fairy,,,
Yes,Yes,4,"Diamond, Pearl, Platinium",,,,West Shellos,4,30,West Gastrodon,Tritosor Mer Orient,423,,,gastrodon,Gastrodon,,gastrodon,Water,,Ground,,"5,120",Water 1,Amorphous,50.00%,50.00%,Sticky Hold,Storm Drain,Sand Force,,Strength,Normal,,,
Yes,Yes,8,Pokémon Legends Arceus,,,Alpha,West Shellos,5,30,Alpha West Gastrodon,Baron Tritosor Mer Orient,423,,,gastrodon,Gastrodon,,gastrodon-alpha,Water,,Ground,,"5,120",Water 1,Amorphous,50.00%,50.00%,Sticky Hold,Storm Drain,Sand Force,,Strength,Normal,,,
Yes,Yes,4,"Diamond, Pearl, Platinium",,,,West Shellos,6,30,East Gastrodon,Tritosor Mer Occident,423,,,gastrodon-east,Gastrodon,,gastrodon-east,Water,,Ground,,"5,120",Water 1,Amorphous,50.00%,50.00%,Sticky Hold,Storm Drain,Sand Force,,Strength Sap,Grass,,,
Yes,Yes,8,Pokémon Legends Arceus,,,Alpha,West Shellos,7,30,Alpha East Gastrodon,Baron Tritosor Mer Occident,423,,,gastrodon-east,Gastrodon,,gastrodon-east-alpha,Water,,Ground,,"5,120",Water 1,Amorphous,50.00%,50.00%,Sticky Hold,Storm Drain,Sand Force,,Strength Sap,Grass,,,
Yes,Yes,4,"Diamond, Pearl, Platinium",,,,Aipom,8,32 (Double Hit),Ambipom,Capidextre,424,,,ambipom,Ambipom,,ambipom,Normal,,,,"5,120",Field,,50.00%,50.00%,Technician,Pickup,Skill Link,,String Shot,Bug,,,
Yes,Yes,8,Pokémon Legends Arceus,,,Alpha,Aipom,9,32 (Double Hit),Alpha Ambipom,Baron Capidextre,424,,,ambipom,Ambipom,,ambipom-alpha,Normal,,,,"5,120",Field,,50.00%,50.00%,Technician,Pickup,Skill Link,,String Shot,Bug,,,
Yes,Yes,4,"Diamond, Pearl, Platinium",Gender,,,Aipom,10,32 (Double Hit),Ambipom ♀,Capidextre ♀,424,,,ambipom,Ambipom,,ambipom-f,Normal,,,,"5,120",Field,,50.00%,50.00%,Technician,Pickup,Skill Link,,Struggle,Normal,,,
Yes,Yes,8,Pokémon Legends Arceus,Gender,,Alpha,Aipom,11,32 (Double Hit),Alpha Ambipom ♀,Baron Capidextre ♀,424,,,ambipom,Ambipom,,ambipom-alpha-f,Normal,,,,"5,120",Field,,50.00%,50.00%,Technician,Pickup,Skill Link,,Struggle,Normal,,,
Yes,Yes,4,"Diamond, Pearl, Platinium",,,,Drifloon,0,,Drifloon,Baudrive,425,,,drifloon,Drifloon,,drifloon,Ghost,,Flying,,"7,680",Amorphous,,50.00%,50.00%,Aftermath,Unburden,Flare Boost,,Struggle Bug,Bug,,,
Yes,Yes,8,Pokémon Legends Arceus,,,Alpha,Drifloon,1,,Alpha Drifloon,Baron Baudrive,425,,,drifloon,Drifloon,,drifloon-alpha,Ghost,,Flying,,"7,680",Amorphous,,50.00%,50.00%,Aftermath,Unburden,Flare Boost,,Struggle Bug,Bug,,,
Yes,Yes,4,"Diamond, Pearl, Platinium",,,,Drifloon,2,28,Drifblim,Grodrive,426,,,drifblim,Drifblim,,drifblim,Ghost,,Flying,,"7,680",Amorphous,,50.00%,50.00%,Aftermath,Unburden,Flare Boost,,Stuff Cheeks,Normal,,,
Yes,Yes,8,Pokémon Legends Arceus,,,Alpha,Drifloon,3,28,Alpha Drifblim,Baron Grodrive,426,,,drifblim,Drifblim,,drifblim-alpha,Ghost,,Flying,,"7,680",Amorphous,,50.00%,50.00%,Aftermath,Unburden,Flare Boost,,Stuff Cheeks,Normal,,,
Yes,Yes,4,"Diamond, Pearl, Platinium",,,,Buneary,0,,Buneary,Laporeille,427,,,buneary,Buneary,,buneary,Normal,,,,"5,120",Field,Human-Like,50.00%,50.00%,Run Away,Klutz,Limber,,Stun Spore,Grass,,,
Yes,Yes,8,Pokémon Legends Arceus,,,Alpha,Buneary,1,,Alpha Buneary,Baron Laporeille,427,,,buneary,Buneary,,buneary-alpha,Normal,,,,"5,120",Field,Human-Like,50.00%,50.00%,Run Away,Klutz,Limber,,Stun Spore,Grass,,,
Yes,Yes,4,"Diamond, Pearl, Platinium",,,,Buneary,2,2 (Happiness),Lopunny,Lockpin,428,,,lopunny,Lopunny,,lopunny,Normal,,,,"5,120",Field,Human-Like,50.00%,50.00%,Cute Charm,Klutz,Limber,,Submission,Fighting,,,
Yes,Yes,8,Pokémon Legends Arceus,,,Alpha,Buneary,3,2 (Happiness),Alpha Lopunny,Baron Lockpin,428,,,lopunny,Lopunny,,lopunny-alpha,Normal,,,,"5,120",Field,Human-Like,50.00%,50.00%,Cute Charm,Klutz,Limber,,Submission,Fighting,,,
No,No,6,"X, Y",,,Mega,Buneary,4,,Mega Lopunny,Mega Lockpin,428,,,lopunny-mega,Lopunny,Yes,lopunny-mega,Normal,,Fighting,,"5,120",Field,Human-Like,50.00%,50.00%,Scrappy,,,,Substitute,Normal,,,
Yes,Yes,4,"Diamond, Pearl, Platinium",,,,Misdreavus,5,Dusk Stone,Mismagius,Magirêve,429,,,mismagius,Mismagius,,mismagius,Ghost,,,,"6,240",Amorphous,,50.00%,50.00%,Levitate,,,,Subzero Slammer,Ice,,,
Yes,Yes,8,Pokémon Legends Arceus,,,Alpha,Misdreavus,6,Dusk Stone,Alpha Mismagius,Baron Magirêve,429,,,mismagius,Mismagius,,mismagius-alpha,Ghost,,,,"6,240",Amorphous,,50.00%,50.00%,Levitate,,,,Subzero Slammer,Ice,,,
Yes,Yes,4,"Diamond, Pearl, Platinium",,,,Murkrow,7,Dusk Stone,Honchkrow,Corboss,430,,,honchkrow,Honchkrow,,honchkrow,Dark,,Flying,,"5,120",Flying,,50.00%,50.00%,Insomnia,Super Luck,Moxie,,Sucker Punch,Dark,,,
Yes,Yes,8,Pokémon Legends Arceus,,,Alpha,Murkrow,8,Dusk Stone,Alpha Honchkrow,Baron Corboss,430,,,honchkrow,Honchkrow,,honchkrow-alpha,Dark,,Flying,,"5,120",Flying,,50.00%,50.00%,Insomnia,Super Luck,Moxie,,Sucker Punch,Dark,,,
Yes,Yes,4,"Diamond, Pearl, Platinium",,,,Glameow,0,,Glameow,Chaglam,431,,,glameow,Glameow,,glameow,Normal,,,,"5,120",Field,,25.00%,75.00%,Limber,Own Tempo,Keen Eye,,Sunny Day,Fire,,,
Yes,Yes,8,Pokémon Legends Arceus,,,Alpha,Glameow,1,,Alpha Glameow,Baron Chaglam,431,,,glameow,Glameow,,glameow-alpha,Normal,,,,"5,120",Field,,25.00%,75.00%,Limber,Own Tempo,Keen Eye,,Sunny Day,Fire,,,
Yes,Yes,4,"Diamond, Pearl, Platinium",,,,Glameow,2,38,Purugly,Chaffreux,432,,,purugly,Purugly,,purugly,Normal,,,,"5,120",Field,,25.00%,75.00%,Thick Fat,Own Tempo,Defiant,,Sunsteel Strike,Steel,,,
Yes,Yes,8,Pokémon Legends Arceus,,,Alpha,Glameow,3,38,Alpha Purugly,Baron Chaffreux,432,,,purugly,Purugly,,purugly-alpha,Normal,,,,"5,120",Field,,25.00%,75.00%,Thick Fat,Own Tempo,Defiant,,Sunsteel Strike,Steel,,,
Yes,No,4,"Diamond, Pearl, Platinium",,,,Chimecho,4,,Chingling,Korillon,433,,,chingling,Chingling,,chingling,Pyschic,,,,"6,240",Undiscovered,,50.00%,50.00%,Levitate,,,,Super Fang,Normal,,,
Yes,No,8,Pokémon Legends Arceus,,,Alpha,Chimecho,5,,Alpha Chingling,Baron Korillon,433,,,chingling,Chingling,,chingling-alpha,Pyschic,,,,"6,240",Undiscovered,,50.00%,50.00%,Levitate,,,,Super Fang,Normal,,,
Yes,Yes,4,"Diamond, Pearl, Platinium",,,,Stunky,0,,Stunky,Moufouette,434,,,stunky,Stunky,,stunky,Poison,,Dark,,"5,120",Field,,50.00%,50.00%,Stench,Aftermath,Keen Eye,,Superpower,Fighting,,,
Yes,Yes,8,Pokémon Legends Arceus,,,Alpha,Stunky,1,,Alpha Stunky,Baron Moufouette,434,,,stunky,Stunky,,stunky-alpha,Poison,,Dark,,"5,120",Field,,50.00%,50.00%,Stench,Aftermath,Keen Eye,,Superpower,Fighting,,,
Yes,Yes,4,"Diamond, Pearl, Platinium",,,,Stunky,2,34,Skuntank,Moufflair,435,,,skuntank,Skuntank,,skuntank,Poison,,Dark,,"5,120",Field,,50.00%,50.00%,Stench,Aftermath,Keen Eye,,Supersonic,Normal,,,
Yes,Yes,8,Pokémon Legends Arceus,,,Alpha,Stunky,3,34,Alpha Skuntank,Baron Moufflair,435,,,skuntank,Skuntank,,skuntank-alpha,Poison,,Dark,,"5,120",Field,,50.00%,50.00%,Stench,Aftermath,Keen Eye,,Supersonic,Normal,,,
Yes,Yes,4,"Diamond, Pearl, Platinium",,,,Bronzor,0,,Bronzor,Archéomire,436,,,bronzor,Bronzor,,bronzor,Steel,,Pyschic,,"5,120",Mineral,,○,○,Levitate,Heatproof,Heavy Metal,,Supersonic Skystrike,Flying,,,
Yes,Yes,8,Pokémon Legends Arceus,,,Alpha,Bronzor,1,,Alpha Bronzor,Baron Archéomire,436,,,bronzor,Bronzor,,bronzor-alpha,Steel,,Pyschic,,"5,120",Mineral,,○,○,Levitate,Heatproof,Heavy Metal,,Supersonic Skystrike,Flying,,,
Yes,Yes,4,"Diamond, Pearl, Platinium",,,,Bronzor,2,33,Bronzong,Archéodong,437,,,bronzong,Bronzong,,bronzong,Steel,,Pyschic,,"5,120",Mineral,,○,○,Levitate,Heatproof,Heavy Metal,,Surf,Water,,,
Yes,Yes,8,Pokémon Legends Arceus,,,Alpha,Bronzor,3,33,Alpha Bronzong,Baron Archéodong,437,,,bronzong,Bronzong,,bronzong-alpha,Steel,,Pyschic,,"5,120",Mineral,,○,○,Levitate,Heatproof,Heavy Metal,,Surf,Water,,,
Yes,No,4,"Diamond, Pearl, Platinium",,,,Sudowoodo,4,,Bonsly,Manzaï,438,,,bonsly,Bonsly,,bonsly,Rock,,,,"5,120",Undiscovered,,50.00%,50.00%,Sturdy,Rock Head,Rattled,,Swagger,Normal,,,
Yes,No,8,Pokémon Legends Arceus,,,Alpha,Sudowoodo,5,,Alpha Bonsly,Baron Manzaï,438,,,bonsly,Bonsly,,bonsly-alpha,Rock,,,,"5,120",Undiscovered,,50.00%,50.00%,Sturdy,Rock Head,Rattled,,Swagger,Normal,,,
Yes,No,4,"Diamond, Pearl, Platinium",,,,Mr. Mime,6,,Mime Jr.,Mime Jr.,439,,,mime-jr,Mime Jr.,,mime-jr,Pyschic,,Fairy,,"6,240",Undiscovered,,50.00%,50.00%,Soundproof,Filter,Technician,,Swallow,Normal,,,
Yes,No,8,Pokémon Legends Arceus,,,Alpha,Mr. Mime,7,,Alpha Mime Jr.,Baron Mime Jr.,439,,,mime-jr,Mime Jr.,,mime-jr-alpha,Pyschic,,Fairy,,"6,240",Undiscovered,,50.00%,50.00%,Soundproof,Filter,Technician,,Swallow,Normal,,,
Yes,No,4,"Diamond, Pearl, Platinium",,,,Chansey,8,,Happiny,Ptiravi,440,,,happiny,Happiny,,happiny,Normal,,,,"10,240",Undiscovered,,0.00%,100.00%,Natural Cure,Serene Grace,Friend Guard,,Sweet Kiss,Fairy,,,
Yes,No,8,Pokémon Legends Arceus,,,Alpha,Chansey,9,,Alpha Happiny,Baron Ptiravi,440,,,happiny,Happiny,,happiny-alpha,Normal,,,,"10,240",Undiscovered,,0.00%,100.00%,Natural Cure,Serene Grace,Friend Guard,,Sweet Kiss,Fairy,,,
Yes,Yes,4,"Diamond, Pearl, Platinium",,,,Chatot,0,,Chatot,Pijako,441,,,chatot,Chatot,,chatot,Normal,,Flying,,"5,120",Flying,,50.00%,50.00%,Keen Eye,Tangled Feet,Big Pecks,,Sweet Scent,Normal,,,
Yes,Yes,8,Pokémon Legends Arceus,,,Alpha,Chatot,1,,Alpha Chatot,Baron Pijako,441,,,chatot,Chatot,,chatot-alpha,Normal,,Flying,,"5,120",Flying,,50.00%,50.00%,Keen Eye,Tangled Feet,Big Pecks,,Sweet Scent,Normal,,,
Yes,Yes,4,"Diamond, Pearl, Platinium",,,,Spiritomb,0,,Spiritomb,Spiritomb,442,,,spiritomb,Spiritomb,,spiritomb,Ghost,,Dark,,"7,680",Amorphous,,50.00%,50.00%,Pressure,,Infiltrator,,Swift,Normal,,,
Yes,Yes,8,Pokémon Legends Arceus,,,Alpha,Spiritomb,1,,Alpha Spiritomb,Baron Spiritomb,442,,,spiritomb,Spiritomb,,spiritomb-alpha,Ghost,,Dark,,"7,680",Amorphous,,50.00%,50.00%,Pressure,,Infiltrator,,Swift,Normal,,,
Yes,Yes,4,"Diamond, Pearl, Platinium",,,,Gible,0,,Gible,Griknot,443,,,gible,Gible,,gible,Dragon,,Ground,,"10,240",Monster,Dragon,50.00%,50.00%,Sand Veil,,Rough Skin,,Switcheroo,Dark,,,
Yes,Yes,8,Pokémon Legends Arceus,,,Alpha,Gible,1,,Alpha Gible,Baron Griknot,443,,,gible,Gible,,gible-alpha,Dragon,,Ground,,"10,240",Monster,Dragon,50.00%,50.00%,Sand Veil,,Rough Skin,,Switcheroo,Dark,,,
Yes,Yes,4,"Diamond, Pearl, Platinium",Gender,,,Gible,2,,Gible ♀,Griknot ♀,443,,,gible,Gible,,gible-f,Dragon,,Ground,,"10,240",Monster,Dragon,50.00%,50.00%,Sand Veil,,Rough Skin,,Swords Dance,Normal,,,
Yes,Yes,8,Pokémon Legends Arceus,Gender,,Alpha,Gible,3,,Alpha Gible ♀,Baron Griknot ♀,443,,,gible,Gible,,gible-f-alpha,Dragon,,Ground,,"10,240",Monster,Dragon,50.00%,50.00%,Sand Veil,,Rough Skin,,Swords Dance,Normal,,,
Yes,Yes,4,"Diamond, Pearl, Platinium",,,,Gible,4,24,Gabite,Carmache,444,,,gabite,Gabite,,gabite,Dragon,,Ground,,"10,240",Monster,Dragon,50.00%,50.00%,Sand Veil,,Rough Skin,,Synchronoise,Pyschic,,,
Yes,Yes,8,Pokémon Legends Arceus,,,Alpha,Gible,5,24,Alpha Gabite,Baron Carmache,444,,,gabite,Gabite,,gabite-alpha,Dragon,,Ground,,"10,240",Monster,Dragon,50.00%,50.00%,Sand Veil,,Rough Skin,,Synchronoise,Pyschic,,,
Yes,Yes,4,"Diamond, Pearl, Platinium",Gender,,,Gible,6,24,Gabite ♀,Carmache ♀,444,,,gabite,Gabite,,gabite-f,Dragon,,Ground,,"10,240",Monster,Dragon,50.00%,50.00%,Sand Veil,,Rough Skin,,Synthesis,Grass,,,
Yes,Yes,8,Pokémon Legends Arceus,Gender,,Alpha,Gible,7,24,Alpha Gabite ♀,Baron Carmache ♀,444,,,gabite,Gabite,,gabite-alpha-f,Dragon,,Ground,,"10,240",Monster,Dragon,50.00%,50.00%,Sand Veil,,Rough Skin,,Synthesis,Grass,,,
Yes,Yes,4,"Diamond, Pearl, Platinium",,,,Gible,8,48,Garchomp,Carchacrok,445,,,garchomp,Garchomp,,garchomp,Dragon,,Ground,,"10,240",Monster,Dragon,50.00%,50.00%,Sand Veil,,Rough Skin,,Tackle,Normal,,,
Yes,Yes,8,Pokémon Legends Arceus,,,Alpha,Gible,9,48,Alpha Garchomp,Baron Carchacrok,445,,,garchomp,Garchomp,,garchomp-alpha,Dragon,,Ground,,"10,240",Monster,Dragon,50.00%,50.00%,Sand Veil,,Rough Skin,,Tackle,Normal,,,
Yes,Yes,4,"Diamond, Pearl, Platinium",Gender,,,Gible,10,48,Garchomp ♀,Carchacrok ♀,445,,,garchomp,Garchomp,,garchomp-f,Dragon,,Ground,,"10,240",Monster,Dragon,50.00%,50.00%,Sand Veil,,Rough Skin,,Tail Glow,Bug,,,
Yes,Yes,8,Pokémon Legends Arceus,Gender,,Alpha,Gible,11,48,Alpha Garchomp ♀,Baron Carchacrok ♀,445,,,garchomp,Garchomp,,garchomp-alpha-f,Dragon,,Ground,,"10,240",Monster,Dragon,50.00%,50.00%,Sand Veil,,Rough Skin,,Tail Glow,Bug,,,
No,No,6,"X, Y",,,Mega,Gible,12,,Mega Garchomp,Mega Carchacrok,445,,,garchomp-mega,Garchomp,Yes,garchomp-mega,Dragon,,Ground,,"10,240",Monster,Dragon,50.00%,50.00%,Sand Force,,,,Tail Slap,Normal,,,
Yes,No,4,"Diamond, Pearl, Platinium",,,,Snorlax,13,,Munchlax,Goinfrex,446,,,munchlax,Munchlax,,munchlax,Normal,,,,"10,240",Undiscovered,,88.10%,11.90%,Pickup,Thick Fat,Gluttony,,Tail Whip,Normal,,,
Yes,No,8,Pokémon Legends Arceus,,,Alpha,Snorlax,14,,Alpha Munchlax,Baron Goinfrex,446,,,munchlax,Munchlax,,munchlax-alpha,Normal,,,,"10,240",Undiscovered,,88.10%,11.90%,Pickup,Thick Fat,Gluttony,,Tail Whip,Normal,,,
Yes,No,4,"Diamond, Pearl, Platinium",,,,Riolu,0,,Riolu,Riolu,447,,,riolu,Riolu,,riolu,Fighting,,,,"6,240",Undiscovered,,88.10%,11.90%,Steadfast,Inner Focus,Prankster,,Tailwind,Flying,,,
Yes,No,8,Pokémon Legends Arceus,,,Alpha,Riolu,1,,Alpha Riolu,Baron Riolu,447,,,riolu,Riolu,,riolu-alpha,Fighting,,,,"6,240",Undiscovered,,88.10%,11.90%,Steadfast,Inner Focus,Prankster,,Tailwind,Flying,,,
Yes,Yes,4,"Diamond, Pearl, Platinium",,,,Riolu,2,2 (Day + Happiness),Lucario,Lucario,448,,,lucario,Lucario,,lucario,Fighting,,Steel,,"6,240",Field,Human-Like,88.10%,11.90%,Steadfast,Inner Focus,Justified,,Take Down,Normal,,,
Yes,Yes,8,Pokémon Legends Arceus,,,Alpha,Riolu,3,2 (Day + Happiness),Alpha Lucario,Baron Lucario,448,,,lucario,Lucario,,lucario-alpha,Fighting,,Steel,,"6,240",Field,Human-Like,88.10%,11.90%,Steadfast,Inner Focus,Justified,,Take Down,Normal,,,
No,No,6,"X, Y",,,Mega,Riolu,4,,Mega Lucario,Mega Lucario,448,,,lucario-mega,Lucario,Yes,lucario-mega,Fighting,,Steel,,"6,240",Field,Human-Like,88.10%,11.90%,Adaptability,,,,Tar Shot,Rock,,,
Yes,Yes,4,"Diamond, Pearl, Platinium",,,,Hippopotas,0,,Hippopotas,Hippopotas,449,,,hippopotas,Hippopotas,,hippopotas,Ground,,,,"7,680",Field,,50.00%,50.00%,Sand Stream,,Sand Force,,Taunt,Dark,,,
Yes,Yes,8,Pokémon Legends Arceus,,,Alpha,Hippopotas,1,,Alpha Hippopotas,Baron Hippopotas,449,,,hippopotas,Hippopotas,,hippopotas-alpha,Ground,,,,"7,680",Field,,50.00%,50.00%,Sand Stream,,Sand Force,,Taunt,Dark,,,
Yes,Yes,4,"Diamond, Pearl, Platinium",Gender,,,Hippopotas,2,,Hippopotas ♀,Hippopotas ♀,449,,,female/hippopotas,Hippopotas,,hippopotas-f,Ground,,,,"7,680",Field,,50.00%,50.00%,Sand Stream,,Sand Force,,Tearful Look,Normal,,,
Yes,Yes,8,Pokémon Legends Arceus,Gender,,Alpha,Hippopotas,3,,Alpha Hippopotas ♀,Baron Hippopotas ♀,449,,,female/hippopotas,Hippopotas,,hippopotas-f-alpha,Ground,,,,"7,680",Field,,50.00%,50.00%,Sand Stream,,Sand Force,,Tearful Look,Normal,,,
Yes,Yes,4,"Diamond, Pearl, Platinium",,,,Hippopotas,4,34,Hippowdon,Hippodocus,450,,,hippowdon,Hippowdon,,hippowdon,Ground,,,,"7,680",Field,,50.00%,50.00%,Sand Stream,,Sand Force,,Teatime,Normal,,,
Yes,Yes,8,Pokémon Legends Arceus,,,Alpha,Hippopotas,5,34,Alpha Hippowdon,Baron Hippodocus,450,,,hippowdon,Hippowdon,,hippowdon-alpha,Ground,,,,"7,680",Field,,50.00%,50.00%,Sand Stream,,Sand Force,,Teatime,Normal,,,
Yes,Yes,4,"Diamond, Pearl, Platinium",Gender,,,Hippopotas,6,34,Hippowdon ♀,Hippodocus ♀,450,,,female/hippowdon,Hippowdon,,hippowdon-f,Ground,,,,"7,680",Field,,50.00%,50.00%,Sand Stream,,Sand Force,,Techno Blast,Normal,,,
Yes,Yes,8,Pokémon Legends Arceus,Gender,,Alpha,Hippopotas,7,34,Alpha Hippowdon ♀,Baron Hippodocus ♀,450,,,female/hippowdon,Hippowdon,,hippowdon-alpha-f,Ground,,,,"7,680",Field,,50.00%,50.00%,Sand Stream,,Sand Force,,Techno Blast,Normal,,,
Yes,Yes,4,"Diamond, Pearl, Platinium",,,,Skorupi,0,,Skorupi,Drascore,451,,,skorupi,Skorupi,,skorupi,Poison,,Bug,,"5,120",Bug,Water 3,50.00%,50.00%,Battle Armor,Sniper,Keen Eye,,Tectonic Rage,Ground,,,
Yes,Yes,8,Pokémon Legends Arceus,,,Alpha,Skorupi,1,,Alpha Skorupi,Baron Drascore,451,,,skorupi,Skorupi,,skorupi-alpha,Poison,,Bug,,"5,120",Bug,Water 3,50.00%,50.00%,Battle Armor,Sniper,Keen Eye,,Tectonic Rage,Ground,,,
Yes,Yes,4,"Diamond, Pearl, Platinium",,,,Skorupi,2,40,Drapion,Drascore,452,,,drapion,Drapion,,drapion,Poison,,Dark,,"5,120",Bug,Water 3,50.00%,50.00%,Battle Armor,Sniper,Keen Eye,,Teeter Dance,Normal,,,
Yes,Yes,8,Pokémon Legends Arceus,,,Alpha,Skorupi,3,40,Alpha Drapion,Baron Drascore,452,,,drapion,Drapion,,drapion-alpha,Poison,,Dark,,"5,120",Bug,Water 3,50.00%,50.00%,Battle Armor,Sniper,Keen Eye,,Teeter Dance,Normal,,,
Yes,Yes,4,"Diamond, Pearl, Platinium",,,,Croagunk,0,,Croagunk,Cradopaud,453,,,croagunk,Croagunk,,croagunk,Poison,,Fighting,,"2,560",Human-Like,,50.00%,50.00%,Anticipation,Dry Skin,Poison Touch,,Telekinesis,Pyschic,,,
Yes,Yes,8,Pokémon Legends Arceus,,,Alpha,Croagunk,1,,Alpha Croagunk,Baron Cradopaud,453,,,croagunk,Croagunk,,croagunk-alpha,Poison,,Fighting,,"2,560",Human-Like,,50.00%,50.00%,Anticipation,Dry Skin,Poison Touch,,Telekinesis,Pyschic,,,
Yes,Yes,4,"Diamond, Pearl, Platinium",Gender,,,Croagunk,2,,Croagunk ♀,Cradopaud ♀,453,,,croagunk,Croagunk,,croagunk-f,Poison,,Fighting,,"2,560",Human-Like,,50.00%,50.00%,Anticipation,Dry Skin,Poison Touch,,Teleport,Pyschic,,,
Yes,Yes,8,Pokémon Legends Arceus,Gender,,Alpha,Croagunk,3,,Alpha Croagunk ♀,Baron Cradopaud ♀,453,,,croagunk,Croagunk,,croagunk-f-alpha,Poison,,Fighting,,"2,560",Human-Like,,50.00%,50.00%,Anticipation,Dry Skin,Poison Touch,,Teleport,Pyschic,,,
Yes,Yes,4,"Diamond, Pearl, Platinium",,,,Croagunk,4,37,Toxicroak,Coatox,454,,,toxicroak,Toxicroak,,toxicroak,Poison,,Fighting,,"2,560",Human-Like,,50.00%,50.00%,Anticipation,Dry Skin,Poison Touch,,Thief,Dark,,,
Yes,Yes,8,Pokémon Legends Arceus,,,Alpha,Croagunk,5,37,Alpha Toxicroak,Baron Coatox,454,,,toxicroak,Toxicroak,,toxicroak-alpha,Poison,,Fighting,,"2,560",Human-Like,,50.00%,50.00%,Anticipation,Dry Skin,Poison Touch,,Thief,Dark,,,
Yes,Yes,4,"Diamond, Pearl, Platinium",Gender,,,Croagunk,6,37,Toxicroak ♀,Coatox ♀,454,,,toxicroak,Toxicroak,,toxicroak-f,Poison,,Fighting,,"2,560",Human-Like,,50.00%,50.00%,Anticipation,Dry Skin,Poison Touch,,Thousand Arrows,Ground,,,
Yes,Yes,8,Pokémon Legends Arceus,Gender,,Alpha,Croagunk,7,37,Alpha Toxicroak ♀,Baron Coatox ♀,454,,,toxicroak,Toxicroak,,toxicroak-f-alpha,Poison,,Fighting,,"2,560",Human-Like,,50.00%,50.00%,Anticipation,Dry Skin,Poison Touch,,Thousand Arrows,Ground,,,
Yes,Yes,4,"Diamond, Pearl, Platinium",,,,Carnivine,0,,Carnivine,Vortente,455,,,carnivine,Carnivine,,carnivine,Grass,,,,"6,240",Grass,,50.00%,50.00%,Levitate,,,,Thousand Waves,Ground,,,
Yes,Yes,8,Pokémon Legends Arceus,,,Alpha,Carnivine,1,,Alpha Carnivine,Baron Vortente,455,,,carnivine,Carnivine,,carnivine-alpha,Grass,,,,"6,240",Grass,,50.00%,50.00%,Levitate,,,,Thousand Waves,Ground,,,
Yes,Yes,4,"Diamond, Pearl, Platinium",,,,Finneon,0,,Finneon,Écayon,456,,,finneon,Finneon,,finneon,Water,,,,"5,120",Water 2,,50.00%,50.00%,Swift Swim,Storm Drain,Water Veil,,Thrash,Normal,,,
Yes,Yes,8,Pokémon Legends Arceus,,,Alpha,Finneon,1,,Alpha Finneon,Baron Écayon,456,,,finneon,Finneon,,finneon-alpha,Water,,,,"5,120",Water 2,,50.00%,50.00%,Swift Swim,Storm Drain,Water Veil,,Thrash,Normal,,,
Yes,Yes,4,"Diamond, Pearl, Platinium",Gender,,,Finneon,2,,Finneon ♀,Écayon ♀,456,,,finneon,Finneon,,finneon-f,Water,,,,"5,120",Water 2,,50.00%,50.00%,Swift Swim,Storm Drain,Water Veil,,Throat Chop,Dark,,,
Yes,Yes,8,Pokémon Legends Arceus,Gender,,Alpha,Finneon,3,,Alpha Finneon ♀,Baron Écayon ♀,456,,,finneon,Finneon,,finneon-f-alpha,Water,,,,"5,120",Water 2,,50.00%,50.00%,Swift Swim,Storm Drain,Water Veil,,Throat Chop,Dark,,,
Yes,Yes,4,"Diamond, Pearl, Platinium",,,,Finneon,4,31,Lumineon,Luminéon,457,,,lumineon,Lumineon,,lumineon,Water,,,,"5,120",Water 2,,50.00%,50.00%,Swift Swim,Storm Drain,Water Veil,,Thunder,Electric,,,
Yes,Yes,8,Pokémon Legends Arceus,,,Alpha,Finneon,5,31,Alpha Lumineon,Baron Luminéon,457,,,lumineon,Lumineon,,lumineon-alpha,Water,,,,"5,120",Water 2,,50.00%,50.00%,Swift Swim,Storm Drain,Water Veil,,Thunder,Electric,,,
Yes,Yes,4,"Diamond, Pearl, Platinium",Gender,,,Finneon,6,31,Lumineon ♀,Luminéon ♀,457,,,lumineon,Lumineon,,lumineon-f,Water,,,,"5,120",Water 2,,50.00%,50.00%,Swift Swim,Storm Drain,Water Veil,,Thunder Fang,Electric,,,
Yes,Yes,8,Pokémon Legends Arceus,Gender,,Alpha,Finneon,7,31,Alpha Lumineon ♀,Baron Luminéon ♀,457,,,lumineon,Lumineon,,lumineon-alpha-f,Water,,,,"5,120",Water 2,,50.00%,50.00%,Swift Swim,Storm Drain,Water Veil,,Thunder Fang,Electric,,,
Yes,No,4,"Diamond, Pearl, Platinium",,,,Mantine,8,,Mantyke,Babimanta,458,,,mantyke,Mantyke,,mantyke,Water,,Flying,,"6,240",Undiscovered,,50.00%,50.00%,Swift Swim,Water Absorb,Water Veil,,Thunder Punch,Electric,,,
Yes,No,8,Pokémon Legends Arceus,,,Alpha,Mantine,9,,Alpha Mantyke,Baron Babimanta,458,,,mantyke,Mantyke,,mantyke-alpha,Water,,Flying,,"6,240",Undiscovered,,50.00%,50.00%,Swift Swim,Water Absorb,Water Veil,,Thunder Punch,Electric,,,
Yes,Yes,4,"Diamond, Pearl, Platinium",,,,Snover,0,,Snover,Blizzi,459,,,snover,Snover,,snover,Ice,,Grass,,"5,120",Monster,Grass,50.00%,50.00%,Snow Warning,,Soundproof,,Thunder Shock,Electric,,,
Yes,Yes,8,Pokémon Legends Arceus,,,Alpha,Snover,1,,Alpha Snover,Baron Blizzi,459,,,snover,Snover,,snover-alpha,Ice,,Grass,,"5,120",Monster,Grass,50.00%,50.00%,Snow Warning,,Soundproof,,Thunder Shock,Electric,,,
Yes,Yes,4,"Diamond, Pearl, Platinium",Gender,,,Snover,2,,Snover ♀,Blizzi ♀,459,,,snover,Snover,,snover-f,Ice,,Grass,,"5,120",Monster,Grass,50.00%,50.00%,Snow Warning,,Soundproof,,Thunder Wave,Electric,,,
Yes,Yes,8,Pokémon Legends Arceus,Gender,,Alpha,Snover,3,,Alpha Snover ♀,Baron Blizzi ♀,459,,,snover,Snover,,snover-f-alpha,Ice,,Grass,,"5,120",Monster,Grass,50.00%,50.00%,Snow Warning,,Soundproof,,Thunder Wave,Electric,,,
Yes,Yes,4,"Diamond, Pearl, Platinium",,,,Snover,4,40,Abomasnow,Blizzaroi,460,,,abomasnow,Abomasnow,,abomasnow,Ice,,Grass,,"5,120",Monster,Grass,50.00%,50.00%,Snow Warning,,Soundproof,,Thunderbolt,Electric,,,
Yes,Yes,8,Pokémon Legends Arceus,,,Alpha,Snover,5,40,Alpha Abomasnow,Baron Blizzaroi,460,,,abomasnow,Abomasnow,,abomasnow-alpha,Ice,,Grass,,"5,120",Monster,Grass,50.00%,50.00%,Snow Warning,,Soundproof,,Thunderbolt,Electric,,,
Yes,Yes,4,"Diamond, Pearl, Platinium",Gender,,,Snover,6,40,Abomasnow ♀,Blizzaroi ♀,460,,,abomasnow,Abomasnow,,abomasnow-f,Ice,,Grass,,"5,120",Monster,Grass,50.00%,50.00%,Snow Warning,,Soundproof,,Tickle,Normal,,,
Yes,Yes,8,Pokémon Legends Arceus,Gender,,Alpha,Snover,7,40,Alpha Abomasnow ♀,Baron Blizzaroi ♀,460,,,abomasnow,Abomasnow,,abomasnow-alpha-f,Ice,,Grass,,"5,120",Monster,Grass,50.00%,50.00%,Snow Warning,,Soundproof,,Tickle,Normal,,,
No,No,6,"X, Y",,,Mega,Snover,8,,Mega Abomasnow,Mega Blizzaroi,460,,,abomasnow-mega,Abomasnow,Yes,abomasnow-mega,Ice,,Grass,,"5,120",Monster,Grass,50.00%,50.00%,Snow Warning,,,,Topsy-Turvy,Dark,,,
Yes,Yes,4,"Diamond, Pearl, Platinium",,,,Sneasel,9,2 (Night + Razor Claw),Weavile,Dimoret,461,,,weavile,Weavile,,weavile,Dark,,Ice,,"5,120",Field,,50.00%,50.00%,Pressure,,Pickpocket,,Torment,Dark,,,
Yes,Yes,8,Pokémon Legends Arceus,,,Alpha,Sneasel,10,2 (Night + Razor Claw),Alpha Weavile,Baron Dimoret,461,,,weavile,Weavile,,weavile-alpha,Dark,,Ice,,"5,120",Field,,50.00%,50.00%,Pressure,,Pickpocket,,Torment,Dark,,,
Yes,Yes,4,"Diamond, Pearl, Platinium",Gender,,,Sneasel,11,2 (Night + Razor Claw),Weavile ♀,Dimoret ♀,461,,,weavile,Weavile,,weavile-f,Dark,,Ice,,"5,120",Field,,50.00%,50.00%,Pressure,,Pickpocket,,Toxic,Poison,,,
Yes,Yes,8,Pokémon Legends Arceus,Gender,,Alpha,Sneasel,12,2 (Night + Razor Claw),Alpha Weavile ♀,Baron Dimoret ♀,461,,,weavile,Weavile,,weavile-f-alpha,Dark,,Ice,,"5,120",Field,,50.00%,50.00%,Pressure,,Pickpocket,,Toxic,Poison,,,
Yes,Yes,4,"Diamond, Pearl, Platinium",,,,Magnemite,13,31 (Location),Magnezone,Magnézone,462,,,magnezone,Magnezone,,magnezone,Electric,,Steel,,"5,120",Mineral,,○,○,Magnet Pull,Sturdy,Analytic,,Toxic Spikes,Poison,,,
Yes,Yes,8,Pokémon Legends Arceus,,,Alpha,Magnemite,14,31 (Location),Alpha Magnezone,Baron Magnézone,462,,,magnezone,Magnezone,,magnezone-alpha,Electric,,Steel,,"5,120",Mineral,,○,○,Magnet Pull,Sturdy,Analytic,,Toxic Spikes,Poison,,,
Yes,Yes,4,"Diamond, Pearl, Platinium",,,,Lickitung,15,33 (Rollout),Lickilicky,Coudlangue,463,,,lickilicky,Lickilicky,,lickilicky,Normal,,,,"5,120",Monster,,50.00%,50.00%,Own Tempo,Oblivious,Cloud Nine,,Toxic Thread,Poison,,,
Yes,Yes,8,Pokémon Legends Arceus,,,Alpha,Lickitung,16,33 (Rollout),Alpha Lickilicky,Baron Coudlangue,463,,,lickilicky,Lickilicky,,lickilicky-alpha,Normal,,,,"5,120",Monster,,50.00%,50.00%,Own Tempo,Oblivious,Cloud Nine,,Toxic Thread,Poison,,,
Yes,Yes,4,"Diamond, Pearl, Platinium",,,,Rhyhorn,17,Trade (Protector),Rhyperior,Rhinastoc,464,,,rhyperior,Rhyperior,,rhyperior,Ground,,Rock,,"5,120",Monster,Field,50.00%,50.00%,Lightning Rod,Solid Rock,Reckless,,Transform,Normal,,,
Yes,Yes,8,Pokémon Legends Arceus,,,Alpha,Rhyhorn,18,Trade (Protector),Alpha Rhyperior,Baron Rhinastoc,464,,,rhyperior,Rhyperior,,rhyperior-alpha,Ground,,Rock,,"5,120",Monster,Field,50.00%,50.00%,Lightning Rod,Solid Rock,Reckless,,Transform,Normal,,,
Yes,Yes,4,"Diamond, Pearl, Platinium",Gender,,,Rhyhorn,19,Trade (Protector),Rhyperior ♀,Rhinastoc ♀,464,,,rhyperior,Rhyperior,,rhyperior-f,Ground,,Rock,,"5,120",Monster,Field,50.00%,50.00%,Lightning Rod,Solid Rock,Reckless,,Tri Attack,Normal,,,
Yes,Yes,8,Pokémon Legends Arceus,Gender,,Alpha,Rhyhorn,20,Trade (Protector),Alpha Rhyperior ♀,Baron Rhinastoc ♀,464,,,rhyperior,Rhyperior,,rhyperior-alpha-f,Ground,,Rock,,"5,120",Monster,Field,50.00%,50.00%,Lightning Rod,Solid Rock,Reckless,,Tri Attack,Normal,,,
Yes,Yes,4,"Diamond, Pearl, Platinium",,,,Tangela,21,40 (Ancient Power),Tangrowth,Bouldeneu,465,,,tangrowth,Tangrowth,,tangrowth,Grass,,,,"5,120",Grass,,50.00%,50.00%,Chlorophyll,Leaf Guard,Regenerator,,Trick,Pyschic,,,
Yes,Yes,8,Pokémon Legends Arceus,,,Alpha,Tangela,22,40 (Ancient Power),Alpha Tangrowth,Baron Bouldeneu,465,,,tangrowth,Tangrowth,,tangrowth-alpha,Grass,,,,"5,120",Grass,,50.00%,50.00%,Chlorophyll,Leaf Guard,Regenerator,,Trick,Pyschic,,,
Yes,Yes,4,"Diamond, Pearl, Platinium",Gender,,,Tangela,23,40 (Ancient Power),Tangrowth ♀,Bouldeneu ♀,465,,,tangrowth,Tangrowth,,tangrowth-f,Grass,,,,"5,120",Grass,,50.00%,50.00%,Chlorophyll,Leaf Guard,Regenerator,,Trick Room,Pyschic,,,
Yes,Yes,8,Pokémon Legends Arceus,Gender,,Alpha,Tangela,24,40 (Ancient Power),Alpha Tangrowth ♀,Baron Bouldeneu ♀,465,,,tangrowth,Tangrowth,,tangrowth-alpha-f,Grass,,,,"5,120",Grass,,50.00%,50.00%,Chlorophyll,Leaf Guard,Regenerator,,Trick Room,Pyschic,,,
Yes,Yes,4,"Diamond, Pearl, Platinium",,,,Electabuzz,25,Trade (Electirizer),Electivire,Élekable,466,,,electivire,Electivire,,electivire,Electric,,,,"6,240",Human-Like,,75.00%,25.00%,Motor Drive,,Vital Spirit,,Trick-or-Treat,Ghost,,,
Yes,Yes,8,Pokémon Legends Arceus,,,Alpha,Electabuzz,26,Trade (Electirizer),Alpha Electivire,Baron Élekable,466,,,electivire,Electivire,,electivire-alpha,Electric,,,,"6,240",Human-Like,,75.00%,25.00%,Motor Drive,,Vital Spirit,,Trick-or-Treat,Ghost,,,
Yes,Yes,4,"Diamond, Pearl, Platinium",,,,Magmar,27,Trade (Magmarizer),Magmortar,Maganon,467,,,magmortar,Magmortar,,magmortar,Fire,,,,"6,240",Human-Like,,75.00%,25.00%,Flame Body,,Vital Spirit,,Triple Kick,Fighting,,,
Yes,Yes,8,Pokémon Legends Arceus,,,Alpha,Magmar,28,Trade (Magmarizer),Alpha Magmortar,Baron Maganon,467,,,magmortar,Magmortar,,magmortar-alpha,Fire,,,,"6,240",Human-Like,,75.00%,25.00%,Flame Body,,Vital Spirit,,Triple Kick,Fighting,,,
Yes,Yes,4,"Diamond, Pearl, Platinium",,,,Togepi,29,Shiny Stone,Togekiss,Togekiss,468,,,togekiss,Togekiss,,togekiss,Fairy,,Flying,,"2,560",Flying,Fairy,88.10%,11.90%,Hustle,Serene Grace,Super Luck,,Trop Kick,Grass,,,
Yes,Yes,8,Pokémon Legends Arceus,,,Alpha,Togepi,30,Shiny Stone,Alpha Togekiss,Baron Togekiss,468,,,togekiss,Togekiss,,togekiss-alpha,Fairy,,Flying,,"2,560",Flying,Fairy,88.10%,11.90%,Hustle,Serene Grace,Super Luck,,Trop Kick,Grass,,,
Yes,Yes,4,"Diamond, Pearl, Platinium",,,,Yanma,31,33 (Ancient Power),Yanmega,Yanméga,469,,,yanmega,Yanmega,,yanmega,Bug,,Flying,,"5,120",Bug,,50.00%,50.00%,Speed Boost,Tinted Lens,Frisk,,Trump Card,Normal,,,
Yes,Yes,8,Pokémon Legends Arceus,,,Alpha,Yanma,32,33 (Ancient Power),Alpha Yanmega,Baron Yanméga,469,,,yanmega,Yanmega,,yanmega-alpha,Bug,,Flying,,"5,120",Bug,,50.00%,50.00%,Speed Boost,Tinted Lens,Frisk,,Trump Card,Normal,,,
Yes,Yes,4,"Diamond, Pearl, Platinium",,,,Eevee,33,2 (Location),Leafeon,Phyllali,470,,,leafeon,Leafeon,,leafeon,Grass,,,,"8,960",Field,,88.10%,11.90%,Leaf Guard,,Chlorophyll,,Twineedle,Bug,,,
Yes,Yes,8,Pokémon Legends Arceus,,,Alpha,Eevee,34,2 (Location),Alpha Leafeon,Baron Phyllali,470,,,leafeon,Leafeon,,leafeon-alpha,Grass,,,,"8,960",Field,,88.10%,11.90%,Leaf Guard,,Chlorophyll,,Twineedle,Bug,,,
Yes,Yes,4,"Diamond, Pearl, Platinium",,,,Eevee,35,2 (Location),Glaceon,Givrali,471,,,glaceon,Glaceon,,glaceon,Ice,,,,"8,960",Field,,88.10%,11.90%,Snow Cloak,,Ice Body,,Twinkle Tackle,Fairy,,,
Yes,Yes,8,Pokémon Legends Arceus,,,Alpha,Eevee,36,2 (Location),Alpha Glaceon,Baron Givrali,471,,,glaceon,Glaceon,,glaceon-alpha,Ice,,,,"8,960",Field,,88.10%,11.90%,Snow Cloak,,Ice Body,,Twinkle Tackle,Fairy,,,
Yes,Yes,4,"Diamond, Pearl, Platinium",,,,Gilgar,37,2 (Night + Razor Fang),Gliscor,Scorvol,472,,,gliscor,Gliscor,,gliscor,Ground,,Flying,,"5,120",Bug,,50.00%,50.00%,Hyper Cutter,Sand Veil,Poison Heal,,Twister,Dragon,,,
Yes,Yes,8,Pokémon Legends Arceus,,,Alpha,Gilgar,38,2 (Night + Razor Fang),Alpha Gliscor,Baron Scorvol,472,,,gliscor,Gliscor,,gliscor-alpha,Ground,,Flying,,"5,120",Bug,,50.00%,50.00%,Hyper Cutter,Sand Veil,Poison Heal,,Twister,Dragon,,,
Yes,Yes,4,"Diamond, Pearl, Platinium",,,,Swinub,39,2 (Ancient Power),Mamoswine,Mammochon,473,,,mamoswine,Mamoswine,,mamoswine,Ice,,Ground,,"5,120",Field,,50.00%,50.00%,Oblivious,Snow Cloak,Thick Fat,,U-turn,Bug,,,
Yes,Yes,8,Pokémon Legends Arceus,,,Alpha,Swinub,40,2 (Ancient Power),Alpha Mamoswine,Baron Mammochon,473,,,mamoswine,Mamoswine,,mamoswine-alpha,Ice,,Ground,,"5,120",Field,,50.00%,50.00%,Oblivious,Snow Cloak,Thick Fat,,U-turn,Bug,,,
Yes,Yes,4,"Diamond, Pearl, Platinium",Gender,,,Swinub,41,2 (Ancient Power),Mamoswine ♀,Mammochon ♀,473,,,mamoswine,Mamoswine,,mamoswine-f,Ice,,Ground,,"5,120",Field,,50.00%,50.00%,Oblivious,Snow Cloak,Thick Fat,,Uproar,Normal,,,
Yes,Yes,8,Pokémon Legends Arceus,Gender,,Alpha,Swinub,42,2 (Ancient Power),Alpha Mamoswine ♀,Baron Mammochon ♀,473,,,mamoswine,Mamoswine,,mamoswine-alpha-f,Ice,,Ground,,"5,120",Field,,50.00%,50.00%,Oblivious,Snow Cloak,Thick Fat,,Uproar,Normal,,,
Yes,Yes,4,"Diamond, Pearl, Platinium",,,,Porygon,43,Trade (Dubious Disc),Porygon-Z,Porygon-Z,474,,,porygon-z,Porygon-Z,,porygon-z,Normal,,,,"5,120",Mineral,,○,○,Adaptability,Download,Analytic,,V-create,Fire,,,
Yes,Yes,8,Pokémon Legends Arceus,,,Alpha,Porygon,44,Trade (Dubious Disc),Alpha Porygon-Z,Baron Porygon-Z,474,,,porygon-z,Porygon-Z,,porygon-z-alpha,Normal,,,,"5,120",Mineral,,○,○,Adaptability,Download,Analytic,,V-create,Fire,,,
Yes,Yes,4,"Diamond, Pearl, Platinium",,,,Ralts,45,Dawn Stone (Male),Gallade,Gallame,475,,,gallade,Gallade,,gallade,Pyschic,,Fighting,,"5,120",Amorphous,,100.00%,0.00%,Steadfast,,Justified,,Vacuum Wave,Fighting,,,
Yes,Yes,8,Pokémon Legends Arceus,,,Alpha,Ralts,46,Dawn Stone (Male),Alpha Gallade,Baron Gallame,475,,,gallade,Gallade,,gallade-alpha,Pyschic,,Fighting,,"5,120",Amorphous,,100.00%,0.00%,Steadfast,,Justified,,Vacuum Wave,Fighting,,,
No,No,6,"X, Y",,,Mega,Ralts,47,,Mega Gallade,Mega Gallame,475,,,gallade-mega,Gallade,Yes,gallade-mega,Pyschic,,Fighting,,"5,120",Amorphous,,100.00%,0.00%,Inner Focus,,,,Venom Drench,Poison,,,
Yes,Yes,4,"Diamond, Pearl, Platinium",,,,Nosepass,48,2 (Location),Probopass,Tarinorme,476,,,probopass,Probopass,,probopass,Rock,,Steel,,"5,120",Mineral,,50.00%,50.00%,Sturdy,Magnet Pull,Sand Force,,Venoshock,Poison,,,
Yes,Yes,8,Pokémon Legends Arceus,,,Alpha,Nosepass,49,2 (Location),Alpha Probopass,Baron Tarinorme,476,,,probopass,Probopass,,probopass-alpha,Rock,,Steel,,"5,120",Mineral,,50.00%,50.00%,Sturdy,Magnet Pull,Sand Force,,Venoshock,Poison,,,
Yes,Yes,4,"Diamond, Pearl, Platinium",,,,Duskull,50,Trade (Reaper Cloth),Dusknoir,Noctunoir,477,,,dusknoir,Dusknoir,,dusknoir,Ghost,,Ghost,,"6,240",Amorphous,,50.00%,50.00%,Pressure,,Frisk,,Vice Grip,Normal,,,
Yes,Yes,8,Pokémon Legends Arceus,,,Alpha,Duskull,51,Trade (Reaper Cloth),Alpha Dusknoir,Baron Noctunoir,477,,,dusknoir,Dusknoir,,dusknoir-alpha,Ghost,,Ghost,,"6,240",Amorphous,,50.00%,50.00%,Pressure,,Frisk,,Vice Grip,Normal,,,
Yes,Yes,4,"Diamond, Pearl, Platinium",,,,Snorunt,52,Dawn Stone (Female),Froslass,Momartik,478,,,froslass,Froslass,,froslass,Ice,,Ghost,,"5,120",Fairy,Mineral,0.00%,100.00%,Snow Cloak,,Cursed Body,,Vine Whip,Grass,,,
Yes,Yes,8,Pokémon Legends Arceus,,,Alpha,Snorunt,53,Dawn Stone (Female),Alpha Froslass,Baron Momartik,478,,,froslass,Froslass,,froslass-alpha,Ice,,Ghost,,"5,120",Fairy,Mineral,0.00%,100.00%,Snow Cloak,,Cursed Body,,Vine Whip,Grass,,,
Yes,Yes,4,"Diamond, Pearl, Platinium",,,,Rotom,0,,Rotom,Motisma,479,,,rotom,Rotom,,rotom,Electric,,Ghost,,"5,120",Amorphous,,○,○,Levitate,,,,Vital Throw,Fighting,,,
Yes,Yes,8,Pokémon Legends Arceus,,,Alpha,Rotom,1,,Alpha Rotom,Baron Motisma,479,,,rotom,Rotom,,rotom-alpha,Electric,,Ghost,,"5,120",Amorphous,,○,○,Levitate,,,,Vital Throw,Fighting,,,
Yes,No,4,"Diamond, Pearl, Platinium",,,,Rotom,2,,Rotom-Heat,Motisma Chaleur,479,,,rotom-heat,Rotom,,rotom-heat,Fire,,Ghost,,"5,120",Amorphous,,○,○,Levitate,,,,Volt Switch,Electric,,,
Yes,No,8,Pokémon Legends Arceus,,,Alpha,Rotom,3,,Alpha Rotom-Heat,Baron Motisma Chaleur,479,,,rotom-heat,Rotom,,rotom-heat-alpha,Fire,,Ghost,,"5,120",Amorphous,,○,○,Levitate,,,,Volt Switch,Electric,,,
Yes,No,4,"Diamond, Pearl, Platinium",,,,Rotom,4,,Rotom-Wash,Motisma Lavage,479,,,rotom-wash,Rotom,,rotom-wash,Water,,Ghost,,"5,120",Amorphous,,○,○,Levitate,,,,Volt Tackle,Electric,,,
Yes,No,8,Pokémon Legends Arceus,,,Alpha,Rotom,5,,Alpha Rotom-Wash,Baron Motisma Lavage,479,,,rotom-wash,Rotom,,rotom-wash-alpha,Water,,Ghost,,"5,120",Amorphous,,○,○,Levitate,,,,Volt Tackle,Electric,,,
Yes,No,4,"Diamond, Pearl, Platinium",,,,Rotom,6,,Rotom-Freeze,Motisma Froid,479,,,rotom-frost,Rotom,,rotom-frost,Ice,,Ghost,,"5,120",Amorphous,,○,○,Levitate,,,,Wake-Up Slap,Fighting,,,
Yes,No,8,Pokémon Legends Arceus,,,Alpha,Rotom,7,,Alpha Rotom-Freeze,Baron Motisma Froid,479,,,rotom-frost,Rotom,,rotom-frost-alpha,Ice,,Ghost,,"5,120",Amorphous,,○,○,Levitate,,,,Wake-Up Slap,Fighting,,,
Yes,No,4,"Diamond, Pearl, Platinium",,,,Rotom,8,,Rotom-Fan,Motisma Hélice,479,,,rotom-fan,Rotom,,rotom-fan,Flying,,Ghost,,"5,120",Amorphous,,○,○,Levitate,,,,Water Gun,Water,,,
Yes,No,8,Pokémon Legends Arceus,,,Alpha,Rotom,9,,Alpha Rotom-Fan,Baron Motisma Hélice,479,,,rotom-fan,Rotom,,rotom-fan-alpha,Flying,,Ghost,,"5,120",Amorphous,,○,○,Levitate,,,,Water Gun,Water,,,
Yes,No,4,"Diamond, Pearl, Platinium",,,,Rotom,10,,Rotom-Mow,Motisma Tonte,479,,,rotom-mow,Rotom,,rotom-mow,Grass,,Ghost,,"5,120",Amorphous,,○,○,Levitate,,,,Water Pledge,Water,,,
Yes,No,8,Pokémon Legends Arceus,,,Alpha,Rotom,11,,Alpha Rotom-Mow,Baron Motisma Tonte,479,,,rotom-mow,Rotom,,rotom-mow-alpha,Grass,,Ghost,,"5,120",Amorphous,,○,○,Levitate,,,,Water Pledge,Water,,,
Yes,No,4,"Diamond, Pearl, Platinium",,,,Uxie,0,,Uxie,Créhelf,480,,,uxie,Uxie,,uxie,Pyschic,,,,"20,480",Undiscovered,,○,○,Levitate,,,,Water Pulse,Water,,,
Yes,No,4,"Diamond, Pearl, Platinium",,,,Mesprit,0,,Mesprit,Créfollet,481,,,mesprit,Mesprit,,mesprit,Pyschic,,,,"20,480",Undiscovered,,○,○,Levitate,,,,Water Shuriken,Water,,,
Yes,No,4,"Diamond, Pearl, Platinium",,,,Azelf,0,,Azelf,Créfadet,482,,,azelf,Azelf,,azelf,Pyschic,,,,"20,480",Undiscovered,,○,○,Levitate,,,,Water Sport,Water,,,
Yes,No,4,"Diamond, Pearl, Platinium",,,,Dialga,0,,Dialga,Dialga,483,,,dialga,Dialga,,dialga,Steel,,Dragon,,"30,720",Undiscovered,,○,○,Pressure,,Telepathy,,Water Spout,Water,,,
No,No,8,Pokémon Legends Arceus,Alternate,,,Dialga,1,,Dialga-Origin,Dialga Originelle,483,,,dialga-origin,Dialga,Yes,dialga-origin,Steel,,Dragon,,"30,720",Undiscovered,,○,○,Pressure,,Telepathy,,Water Spout,Water,,,
Yes,No,4,"Diamond, Pearl, Platinium",,,,Palkia,0,,Palkia,Palkia,484,,,palkia,Palkia,,palkia,Water,,Dragon,,"30,720",Undiscovered,,○,○,Pressure,,Telepathy,,Waterfall,Water,,,
No,No,8,Pokémon Legends Arceus,Alternate,,,Palkia,1,,Palkia-Origin,Palkia Originelle,484,,,palkia-origin,Palkia,Yes,palkia-origin,Water,,Dragon,,"30,720",Undiscovered,,○,○,Pressure,,Telepathy,,Waterfall,Water,,,
Yes,No,4,"Diamond, Pearl, Platinium",,,,Heatran,0,,Heatran,Heatran,485,,,heatran,Heatran,,heatran,Fire,,Steel,,"2,560",Undiscovered,,○,○,Flash Fire,,Flame Body,,Weather Ball,Normal,,,
Yes,No,4,"Diamond, Pearl, Platinium",,,,Regigigas,0,,Regigigas,Regigigas,486,,,regigigas,Regigigas,,regigigas,Normal,,,,"30,720",Undiscovered,,○,○,Slow Start,,,,Whirlpool,Water,,,
Yes,No,4,"Diamond, Pearl, Platinium",,,,Giratina,0,,Giratina,Giratina,487,,,giratina,Giratina,,giratina,Ghost,,Dragon,,"30,720",Undiscovered,,○,○,Pressure,,Telepathy,,Whirlwind,Normal,,,
No,No,4,"Diamond, Pearl, Platinium",Alternate,,,Giratina,1,,Origin Giratina,Giratina Originelle,487,,,giratina-origin,Giratina,Yes,giratina-origin,Ghost,,Dragon,,"30,720",Undiscovered,,○,○,Pressure,,Telepathy,,Wide Guard,Rock,,,
Yes,No,4,"Diamond, Pearl, Platinium",,,,Cresselia,0,,Cresselia,Cresselia,488,,,cresselia,Cresselia,,cresselia,Pyschic,,,,"30,720",Undiscovered,,0.00%,100.00%,Levitate,,,,Wild Charge,Electric,,,
Yes,No,4,"Diamond, Pearl, Platinium",,,,Phione,0,,Phione,Phione,489,,,phione,Phione,,phione,Water,,,,"10,240",Water 1,Fairy,○,○,Hydration,,,,Will-O-Wisp,Fire,,,
No,Yes,4,"Diamond, Pearl, Platinium",,,,Egg,1,,Egg Manaphy,Oeuf de Manaphy,490,,,egg-manaphy,Egg Manaphy,,egg-manaphy,,,,,,,,,,,,,,,,,,
Yes,Yes,4,"Diamond, Pearl, Platinium",,,,Phione,2,,Manaphy,Manaphy,490,,,manaphy,Manaphy,,manaphy,Water,,,,"2,560",Water 1,Fairy,○,○,Hydration,,,,Wing Attack,Flying,,,
Yes,No,4,"Diamond, Pearl, Platinium",,,,Darkrai,0,,Darkrai,Darkrai,491,,,darkrai,Darkrai,,darkrai,Dark,,,,"30,720",Undiscovered,,○,○,Bad Dreams,,,,Wish,Normal,,,
Yes,No,4,"Diamond, Pearl, Platinium",,,,Shaymin,0,,Shaymin,Shaymin,492,,,shaymin,Shaymin,,shaymin,Grass,,,,"30,720",Undiscovered,,○,○,Natural Cure,,,,Withdraw,Water,,,
Yes,No,4,"Diamond, Pearl, Platinium",Alternate,,,Shaymin,1,,Sky Shaymin,Shaymin forme Céleste,492,,,shaymin-sky,Shaymin,,shaymin-sky,Grass,,Flying,,"30,720",Undiscovered,,○,○,Serene Grace,,,,Wonder Room,Pyschic,,,
Yes,No,4,"Diamond, Pearl, Platinium",,,,Arceus,0,,Arceus,Arceus,493,,,arceus,Arceus,,arceus,Normal,,,,"30,720",Undiscovered,,○,○,Multitype,,,,Wood Hammer,Grass,,,
No,No,4,"Diamond, Pearl, Platinium",Item,,,Arceus,1,,Arceus-Bug,Arceus Insecte,493,,,arceus-bug,Arceus,,arceus-bug,Bug,,,,"30,720",Undiscovered,,○,○,Multitype,,,,Work Up,Normal,,,
No,No,4,"Diamond, Pearl, Platinium",Item,,,Arceus,2,,Arceus-Dark,Arceus Ténèbre,493,,,arceus-dark,Arceus,,arceus-dark,Dark,,,,"30,720",Undiscovered,,○,○,Multitype,,,,Worry Seed,Grass,,,
No,No,4,"Diamond, Pearl, Platinium",Item,,,Arceus,3,,Arceus-Dragon,Arceus Dragon,493,,,arceus-dragon,Arceus,,arceus-dragon,Dragon,,,,"30,720",Undiscovered,,○,○,Multitype,,,,Wrap,Normal,,,
No,No,4,"Diamond, Pearl, Platinium",Item,,,Arceus,4,,Arceus-Electric,Arceus Électrik,493,,,arceus-electric,Arceus,,arceus-electric,Electric,,,,"30,720",Undiscovered,,○,○,Multitype,,,,Wring Out,Normal,,,
No,No,4,"Diamond, Pearl, Platinium",Item,,,Arceus,5,,Arceus-Fairy,Arceus Fée,493,,,arceus-fairy,Arceus,,arceus-fairy,Fairy,,,,"30,720",Undiscovered,,○,○,Multitype,,,,X-Scissor,Bug,,,
No,No,4,"Diamond, Pearl, Platinium",Item,,,Arceus,6,,Arceus-Fighting,Arceus Combat,493,,,arceus-fighting,Arceus,,arceus-fighting,Fighting,,,,"30,720",Undiscovered,,○,○,Multitype,,,,Yawn,Normal,,,
No,No,4,"Diamond, Pearl, Platinium",Item,,,Arceus,7,,Arceus-Fire,Arceus Feu,493,,,arceus-fire,Arceus,,arceus-fire,Fire,,,,"30,720",Undiscovered,,○,○,Multitype,,,,Zap Cannon,Electric,,,
No,No,4,"Diamond, Pearl, Platinium",Item,,,Arceus,8,,Arceus-Flying,Arceus Vol,493,,,arceus-flying,Arceus,,arceus-flying,Flying,,,,"30,720",Undiscovered,,○,○,Multitype,,,,Zen Headbutt,Pyschic,,,
No,No,4,"Diamond, Pearl, Platinium",Item,,,Arceus,9,,Arceus-Ghost,Arceus Spectre,493,,,arceus-ghost,Arceus,,arceus-ghost,Ghost,,,,"30,720",Undiscovered,,○,○,Multitype,,,,Zing Zap,Electric,,,
No,No,4,"Diamond, Pearl, Platinium",Item,,,Arceus,10,,Arceus-Grass,Arceus Plante,493,,,arceus-grass,Arceus,,arceus-grass,Grass,,,,"30,720",Undiscovered,,○,○,Multitype,,,,,,,,
No,No,4,"Diamond, Pearl, Platinium",Item,,,Arceus,11,,Arceus-Ground,Arceus Sol,493,,,arceus-ground,Arceus,,arceus-ground,Ground,,,,"30,720",Undiscovered,,○,○,Multitype,,,,,,,,
No,No,4,"Diamond, Pearl, Platinium",Item,,,Arceus,12,,Arceus-Ice,Arceus Glace,493,,,arceus-ice,Arceus,,arceus-ice,Ice,,,,"30,720",Undiscovered,,○,○,Multitype,,,,,,,,
No,No,4,"Diamond, Pearl, Platinium",Item,,,Arceus,13,,Arceus-Poison,Arceus Poison,493,,,arceus-poison,Arceus,,arceus-poison,Poison,,,,"30,720",Undiscovered,,○,○,Multitype,,,,,,,,
No,No,4,"Diamond, Pearl, Platinium",Item,,,Arceus,14,,Arceus-Psychic,Arceus Psy,493,,,arceus-psychic,Arceus,,arceus-psychic,Pyschic,,,,"30,720",Undiscovered,,○,○,Multitype,,,,,,,,
No,No,4,"Diamond, Pearl, Platinium",Item,,,Arceus,15,,Arceus-Rock,Arceus Roche,493,,,arceus-rock,Arceus,,arceus-rock,Rock,,,,"30,720",Undiscovered,,○,○,Multitype,,,,,,,,
No,No,4,"Diamond, Pearl, Platinium",Item,,,Arceus,16,,Arceus-Steel,Arceus Acier,493,,,arceus-steel,Arceus,,arceus-steel,Steel,,,,"30,720",Undiscovered,,○,○,Multitype,,,,,,,,
No,No,4,"Diamond, Pearl, Platinium",Item,,,Arceus,17,,Arceus-Water,Arceus Eau,493,,,arceus-water,Arceus,,arceus-water,Water,,,,"30,720",Undiscovered,,○,○,Multitype,,,,,,,,
Yes,No,5,"Black, White",,,,Victini,0,,Victini,Victini,494,,,victini,Victini,,victini,Pyschic,,Fire,,"30,720",Undiscovered,,○,○,Victory Star,,,,,,,,
Yes,Yes,5,"Black, White",,,,Snivy,0,,Snivy,Vipélierre,495,,,snivy,Snivy,,snivy,Grass,,,,"5,120",Field,Grass,88.10%,11.90%,Overgrow,,Contrary,,,,,,
Yes,Yes,5,"Black, White",,,,Snivy,1,17,Servine,Lianaja,496,,,servine,Servine,,servine,Grass,,,,"5,120",Field,Grass,88.10%,11.90%,Overgrow,,Contrary,,,,,,
Yes,Yes,5,"Black, White",,,,Snivy,2,36,Serperior,Majaspic,497,,,serperior,Serperior,,serperior,Grass,,,,"5,120",Field,Grass,88.10%,11.90%,Overgrow,,Contrary,,,,,,
Yes,Yes,5,"Black, White",,,,Tepig,0,,Tepig,Gruikui,498,,,tepig,Tepig,,tepig,Fire,,,,"5,120",Field,,88.10%,11.90%,Blaze,,Thick Fat,,,,,,
Yes,Yes,5,"Black, White",,,,Tepig,1,17,Pignite,Grotichon,499,,,pignite,Pignite,,pignite,Fire,,Fighting,,"5,120",Field,,88.10%,11.90%,Blaze,,Thick Fat,,,,,,
Yes,Yes,5,"Black, White",,,,Tepig,2,36,Emboar,Roitiflam,500,,,emboar,Emboar,,emboar,Fire,,Fighting,,"5,120",Field,,88.10%,11.90%,Blaze,,Reckless,,,,,,
Yes,Yes,5,"Black, White",,,,Oshawott,0,,Oshawott,Moustillon,501,,,oshawott,Oshawott,,oshawott,Water,,,,"5,120",Field,,88.10%,11.90%,Torrent,,Shell Armor,,,,,,
Yes,Yes,8,Pokémon Legends Arceus,,,Alpha,Oshawott,1,,Alpha Oshawott,Baron Moustillon,501,,,oshawott,Oshawott,,oshawott-alpha,Water,,,,"5,120",Field,,88.10%,11.90%,Torrent,,Shell Armor,,,,,,
Yes,Yes,5,"Black, White",,,,Oshawott,2,17,Dewott,Mateloutre,502,,,dewott,Dewott,,dewott,Water,,,,"5,120",Field,,88.10%,11.90%,Torrent,,Shell Armor,,,,,,
Yes,Yes,8,Pokémon Legends Arceus,,,Alpha,Oshawott,3,17,Alpha Dewott,Baron Mateloutre,502,,,dewott,Dewott,,dewott-alpha,Water,,,,"5,120",Field,,88.10%,11.90%,Torrent,,Shell Armor,,,,,,
Yes,Yes,5,"Black, White",,,,Oshawott,4,36,Samurott,Clamiral,503,,,samurott,Samurott,,samurott,Water,,,,"5,120",Field,,88.10%,11.90%,Torrent,,Shell Armor,,,,,,
Yes,Yes,8,Pokémon Legends Arceus,,,Alpha,Oshawott,5,36,Alpha Samurott,Baron Clamiral,503,,,samurott,Samurott,,samurott-alpha,Water,,,,"5,120",Field,,88.10%,11.90%,Torrent,,Shell Armor,,,,,,
Yes,Yes,8,Pokémon Legends Arceus,,Hisuian,,Oshawott,6,36,Samurott-Hisui,Clamiral de Hisui,503,,,samurott-hisui,Samurott (Hisuian),,samurott-hisui,Water,,Dark,,,,,,,,,,,,,,,
Yes,Yes,8,Pokémon Legends Arceus,,Hisuian,Alpha,Oshawott,7,36,Alpha Samurott-Hisui,Baron Clamiral de Hisui,503,,,samurott-hisui,Samurott (Hisuian),,samurott-hisui-alpha,Water,,Dark,,,,,,,,,,,,,,,
Yes,Yes,5,"Black, White",,,,Patrat,0,,Patrat,Ratentif,504,,,patrat,Patrat,,patrat,Normal,,,,"3,840",Field,,50.00%,50.00%,Run Away,Keen Eye,Analytic,,,,,,
Yes,Yes,5,"Black, White",,,,Patrat,1,20,Watchog,Miradar,505,,,watchog,Watchog,,watchog,Normal,,,,"3,840",Field,,50.00%,50.00%,Illuminate,Keen Eye,Analytic,,,,,,
Yes,Yes,5,"Black, White",,,,Lillipup,0,,Lillipup,Ponchiot,506,,,lillipup,Lillipup,,lillipup,Normal,,,,"3,840",Field,,50.00%,50.00%,Vital Spirit,Pickup,Run Away,,,,,,
Yes,Yes,5,"Black, White",,,,Lillipup,1,16,Herdier,Ponchien,507,,,herdier,Herdier,,herdier,Normal,,,,"3,840",Field,,50.00%,50.00%,Intimidate,Sand Rush,Scrappy,,,,,,
Yes,Yes,5,"Black, White",,,,Lillipup,2,32,Stoutland,Mastouffe,508,,,stoutland,Stoutland,,stoutland,Normal,,,,"3,840",Field,,50.00%,50.00%,Intimidate,Sand Rush,Scrappy,,,,,,
Yes,Yes,5,"Black, White",,,,Purrloin,0,,Purrloin,Chacripan,509,,,purrloin,Purrloin,,purrloin,Dark,,,,"5,120",Field,,50.00%,50.00%,Limber,Unburden,Prankster,,,,,,
Yes,Yes,5,"Black, White",,,,Purrloin,1,20,Liepard,Léopardus,510,,,liepard,Liepard,,liepard,Dark,,,,"5,120",Field,,50.00%,50.00%,Limber,Unburden,Prankster,,,,,,
Yes,Yes,5,"Black, White",,,,Pansage,0,,Pansage,Feuillajou,511,,,pansage,Pansage,,pansage,Grass,,,,"5,120",Field,,88.10%,11.90%,Gluttony,,Overgrow,,,,,,
Yes,Yes,5,"Black, White",,,,Pansage,1,Leaf Stone,Simisage,Feuiloutan,512,,,simisage,Simisage,,simisage,Grass,,,,"5,120",Field,,88.10%,11.90%,Gluttony,,Overgrow,,,,,,
Yes,Yes,5,"Black, White",,,,Pansear,0,,Pansear,Flamajou,513,,,pansear,Pansear,,pansear,Fire,,,,"5,120",Field,,88.10%,11.90%,Gluttony,,Blaze,,,,,,
Yes,Yes,5,"Black, White",,,,Pansear,1,Fire Stone,Simisear,Flamoutan,514,,,simisear,Simisear,,simisear,Fire,,,,"5,120",Field,,88.10%,11.90%,Gluttony,,Blaze,,,,,,
Yes,Yes,5,"Black, White",,,,Panpour,0,,Panpour,Flotajou,515,,,panpour,Panpour,,panpour,Water,,,,"5,120",Field,,88.10%,11.90%,Gluttony,,Torrent,,,,,,
Yes,Yes,5,"Black, White",,,,Panpour,1,Water Stone,Simipour,Flotoutan,516,,,simipour,Simipour,,simipour,Water,,,,"5,120",Field,,88.10%,11.90%,Gluttony,,Torrent,,,,,,
Yes,Yes,5,"Black, White",,,,Munna,0,,Munna,Munna,517,,,munna,Munna,,munna,Pyschic,,,,"2,560",Field,,50.00%,50.00%,Forewarn,Synchronize,Telepathy,,,,,,
Yes,Yes,5,"Black, White",,,,Munna,1,Moon Stone,Musharna,Mushana,518,,,musharna,Musharna,,musharna,Pyschic,,,,"2,560",Field,,50.00%,50.00%,Forewarn,Synchronize,Telepathy,,,,,,
Yes,Yes,5,"Black, White",,,,Pidove,0,,Pidove,Poichigeon,519,,,pidove,Pidove,,pidove,Normal,,Flying,,"3,840",Flying,,50.00%,50.00%,Big Pecks,Super Luck,Rivalry,,,,,,
Yes,Yes,5,"Black, White",,,,Pidove,1,21,Tranquill,Colombeau,520,,,tranquill,Tranquill,,tranquill,Normal,,Flying,,"3,840",Flying,,50.00%,50.00%,Big Pecks,Super Luck,Rivalry,,,,,,
Yes,Yes,5,"Black, White",,,,Pidove,2,32,Unfezant,Déflaisan,521,,,unfezant,Unfezant,,unfezant,Normal,,Flying,,"3,840",Flying,,50.00%,50.00%,Big Pecks,Super Luck,Rivalry,,,,,,
Yes,Yes,5,"Black, White",Gender,,,Pidove,3,32,Unfezant ♀,Déflaisan ♀,521,,,female/unfezant,Unfezant,,unfezant-f,Normal,,Flying,,"3,840",Flying,,50.00%,50.00%,Big Pecks,Super Luck,Rivalry,,,,,,
Yes,Yes,5,"Black, White",,,,Blitzle,0,,Blitzle,Zébribon,522,,,blitzle,Blitzle,,blitzle,Electric,,,,"5,120",Field,,50.00%,50.00%,Lightning Rod,Motor Drive,Sap Sipper,,,,,,
Yes,Yes,5,"Black, White",,,,Blitzle,1,27,Zebstrika,Zéblitz,523,,,zebstrika,Zebstrika,,zebstrika,Electric,,,,"5,120",Field,,50.00%,50.00%,Lightning Rod,Motor Drive,Sap Sipper,,,,,,
Yes,Yes,5,"Black, White",,,,Roggenrola,0,,Roggenrola,Nodulithe,524,,,roggenrola,Roggenrola,,roggenrola,Rock,,,,"3,840",Mineral,,50.00%,50.00%,Sturdy,Weak Armor,Sand Force,,,,,,
Yes,Yes,5,"Black, White",,,,Roggenrola,1,25,Boldore,Géolithe,525,,,boldore,Boldore,,boldore,Rock,,,,"3,840",Mineral,,50.00%,50.00%,Sturdy,Weak Armor,Sand Force,,,,,,
Yes,Yes,5,"Black, White",,,,Roggenrola,2,Trade,Gigalith,Gigalithe,526,,,gigalith,Gigalith,,gigalith,Rock,,,,"3,840",Mineral,,50.00%,50.00%,Sturdy,Sand Stream,Sand Force,,,,,,
Yes,Yes,5,"Black, White",,,,Woobat,0,,Woobat,Chovsourir,527,,,woobat,Woobat,,woobat,Pyschic,,Flying,,"3,840",Field,Flying,50.00%,50.00%,Unaware,Klutz,Simple,,,,,,
Yes,Yes,5,"Black, White",,,,Woobat,1,2 (Happiness),Swoobat,Rhinolove,528,,,swoobat,Swoobat,,swoobat,Pyschic,,Flying,,"3,840",Field,Flying,50.00%,50.00%,Unaware,Klutz,Simple,,,,,,
Yes,Yes,5,"Black, White",,,,Drilbur,0,,Drilbur,Rototaupe,529,,,drilbur,Drilbur,,drilbur,Ground,,,,"5,120",Field,,50.00%,50.00%,Sand Rush,Sand Force,Mold Breaker,,,,,,
Yes,Yes,5,"Black, White",,,,Drilbur,1,31,Excadrill,Minotaupe,530,,,excadrill,Excadrill,,excadrill,Ground,,Steel,,"5,120",Field,,50.00%,50.00%,Sand Rush,Sand Force,Mold Breaker,,,,,,
Yes,Yes,5,"Black, White",,,,Audino,0,,Audino,Nanméouïe,531,,,audino,Audino,,audino,Normal,,,,"5,120",Fairy,,50.00%,50.00%,Healer,Regenerator,Klutz,,,,,,
No,No,6,"X, Y",,,Mega,Audino,1,,Mega Audino,Mega Nanméouïe,531,,,audino-mega,Audino,Yes,audino-mega,Normal,,Fairy,,"5,120",Fairy,,50.00%,50.00%,Healer,,,,,,,,
Yes,Yes,5,"Black, White",,,,Timburr,0,,Timburr,Charpenti,532,,,timburr,Timburr,,timburr,Fighting,,,,"5,120",Human-Like,,75.00%,25.00%,Guts,Sheer Force,Iron Fist,,,,,,
Yes,Yes,5,"Black, White",,,,Timburr,1,25,Gurdurr,Ouvrifier,533,,,gurdurr,Gurdurr,,gurdurr,Fighting,,,,"5,120",Human-Like,,75.00%,25.00%,Guts,Sheer Force,Iron Fist,,,,,,
Yes,Yes,5,"Black, White",,,,Timburr,2,Trade,Conkeldurr,Bétochef,534,,,conkeldurr,Conkeldurr,,conkeldurr,Fighting,,,,"5,120",Human-Like,,75.00%,25.00%,Guts,Sheer Force,Iron Fist,,,,,,
Yes,Yes,5,"Black, White",,,,Tympole,0,,Tympole,Tritonde,535,,,tympole,Tympole,,tympole,Water,,,,"5,120",Water 1,,50.00%,50.00%,Swift Swim,Hydration,Water Absorb,,,,,,
Yes,Yes,5,"Black, White",,,,Tympole,1,25,Palpitoad,Batracné,536,,,palpitoad,Palpitoad,,palpitoad,Water,,Ground,,"5,120",Water 1,,50.00%,50.00%,Swift Swim,Hydration,Water Absorb,,,,,,
Yes,Yes,5,"Black, White",,,,Tympole,2,36,Seismitoad,Crapustule,537,,,seismitoad,Seismitoad,,seismitoad,Water,,Ground,,"5,120",Water 1,,50.00%,50.00%,Swift Swim,Poison Touch,Water Absorb,,,,,,
Yes,Yes,5,"Black, White",,,,Throh,0,,Throh,Judokrak,538,,,throh,Throh,,throh,Fighting,,,,"5,120",Human-Like,,100.00%,0.00%,Guts,Inner Focus,Mold Breaker,,,,,,
Yes,Yes,5,"Black, White",,,,Sawk,0,,Sawk,Karaclée,539,,,sawk,Sawk,,sawk,Fighting,,,,"3,840",Human-Like,,100.00%,0.00%,Sturdy,Inner Focus,Mold Breaker,,,,,,
Yes,Yes,5,"Black, White",,,,Sewaddle,0,,Sewaddle,Larveyette,540,,,sewaddle,Sewaddle,,sewaddle,Bug,,Grass,,"3,840",Bug,,50.00%,50.00%,Swarm,Chlorophyll,Overcoat,,,,,,
Yes,Yes,5,"Black, White",,,,Sewaddle,1,20,Swadloon,Couverdure,541,,,swadloon,Swadloon,,swadloon,Bug,,Grass,,"3,840",Bug,,50.00%,50.00%,Leaf Guard,Chlorophyll,Overcoat,,,,,,
Yes,Yes,5,"Black, White",,,,Sewaddle,2,21 (Happiness),Leavanny,Manternel,542,,,leavanny,Leavanny,,leavanny,Bug,,Grass,,"3,840",Bug,,50.00%,50.00%,Swarm,Chlorophyll,Overcoat,,,,,,
Yes,Yes,5,"Black, White",,,,Venipede,0,,Venipede,Venipatte,543,,,venipede,Venipede,,venipede,Bug,,Poison,,"3,840",Bug,,50.00%,50.00%,Poison Point,Swarm,Speed Boost,,,,,,
Yes,Yes,5,"Black, White",,,,Venipede,1,22,Whirlipede,Scobolide,544,,,whirlipede,Whirlipede,,whirlipede,Bug,,Poison,,"3,840",Bug,,50.00%,50.00%,Poison Point,Swarm,Speed Boost,,,,,,
Yes,Yes,5,"Black, White",,,,Venipede,2,30,Scolipede,Brutapode,545,,,scolipede,Scolipede,,scolipede,Bug,,Poison,,"5,120",Bug,,50.00%,50.00%,Poison Point,Swarm,Speed Boost,,,,,,
Yes,Yes,5,"Black, White",,,,Cottonee,0,,Cottonee,Doudouvet,546,,,cottonee,Cottonee,,cottonee,Grass,,Fairy,,"5,120",Grass,Fairy,50.00%,50.00%,Prankster,Infiltrator,Chlorophyll,,,,,,
Yes,Yes,5,"Black, White",,,,Cottonee,1,Sun Stone,Whimsicott,Farfaduvet,547,,,whimsicott,Whimsicott,,whimsicott,Grass,,Fairy,,"5,120",Grass,Fairy,50.00%,50.00%,Prankster,Infiltrator,Chlorophyll,,,,,,
Yes,Yes,5,"Black, White",,,,Petilil,0,,Petilil,Chlorobule,548,,,petilil,Petilil,,petilil,Grass,,,,"5,120",Grass,,0.00%,100.00%,Chlorophyll,Own Tempo,Leaf Guard,,,,,,
Yes,Yes,5,Pokémon Legends Arceus,,,,Petilil,1,Sun Stone,Lilligant,Fragilady,549,,,lilligant,Lilligant,,lilligant,Grass,,,,"5,120",Grass,,0.00%,100.00%,Chlorophyll,Own Tempo,Leaf Guard,,,,,,
Yes,Yes,8,Pokémon Legends Arceus,,,Alpha,Petilil,2,Sun Stone,Alpha Lilligant,Baron Fragilady,549,,,lilligant,Lilligant,,lilligant-alpha,Grass,,,,"5,120",Grass,,0.00%,100.00%,Chlorophyll,Own Tempo,Leaf Guard,,,,,,
Yes,Yes,8,Pokémon Legends Arceus,,Hisuian,,Petilil,3,Sun Stone,Lilligant-Hisui,Fragilady de Hisui,549,,,lilligant-hisui,Lilligant (Hisuian),,lilligant-hisui,Grass,,Fight,,,,,,,,,,,,,,,
Yes,Yes,8,Pokémon Legends Arceus,,Hisuian,Alpha,Petilil,4,Sun Stone,Alpha Lilligant-Hisui,Baron Fragilady de Hisui,549,,,lilligant-hisui,Lilligant (Hisuian),,lilligant-hisui-alpha,Grass,,Fight,,,,,,,,,,,,,,,
Yes,Yes,5,"Black, White",,,,Red Basculin,0,,Red Basculin,Red Bargantua,550,,,basculin,Basculin,,basculin-red-striped,Water,,,,"10,240",Water 2,,50.00%,50.00%,Reckless,Adaptability,Mold Breaker,,,,,,
Yes,Yes,5,"Black, White",Alternate,,,Red Basculin,1,,Blue Basculin,Blue Bargantua,550,,,basculin-blue-striped,Basculin,,basculin-blue-striped,Water,,,,"10,240",Water 2,,50.00%,50.00%,Rock Head,Adaptability,Mold Breaker,,,,,,
Yes,Yes,5,Pokémon Legends Arceus,Alternate,,,Red Basculin,2,,White Basculin,White Bargantua,550,,,basculin-white-striped,Basculin (Hisuian),,basculin-white-striped,Water,,,,"10,240",Water 2,,50.00%,50.00%,Rock Head,Adaptability,Mold Breaker,,,,,,
Yes,Yes,8,Pokémon Legends Arceus,Alternate,,Alpha,Red Basculin,3,,Alpha White Basculin,Baron White Bargantua,550,,,basculin-white-striped,Basculin (Hisuian),,basculin-white-striped-alpha,Water,,,,"10,240",Water 2,,50.00%,50.00%,Rock Head,Adaptability,Mold Breaker,,,,,,
Yes,Yes,5,"Black, White",,,,Sandile,0,,Sandile,Mascaïman,551,,,sandile,Sandile,,sandile,Ground,,Dark,,"5,120",Field,,50.00%,50.00%,Intimidate,Moxie,Anger Point,,,,,,
Yes,Yes,5,"Black, White",,,,Sandile,1,29,Krokorok,Escroco,552,,,krokorok,Krokorok,,krokorok,Ground,,Dark,,"5,120",Field,,50.00%,50.00%,Intimidate,Moxie,Anger Point,,,,,,
Yes,Yes,5,"Black, White",,,,Sandile,2,40,Krookodile,Crocorible,553,,,krookodile,Krookodile,,krookodile,Ground,,Dark,,"5,120",Field,,50.00%,50.00%,Intimidate,Moxie,Anger Point,,,,,,
Yes,Yes,5,"Black, White",,,,Darumaka,0,,Darumaka,Darumarond,554,,,darumaka,Darumaka,,darumaka,Fire,,,,"5,120",Field,,50.00%,50.00%,Hustle,,Inner Focus,,,,,,
Yes,Yes,8,"Sword, Shield",,Galarian,,Darumaka,1,,Darumaka-Galar,Darumarond de Galar,554,,,darumaka-galar,"Darumaka
(Galarian)",,darumaka-galar,Ice,,,,"5,120",Field,,50.00%,50.00%,Hustle,,Inner Focus,,,,,,
Yes,Yes,5,"Black, White",,,,Darumaka,2,35,Darmanitan,Darumacho,555,,,darmanitan,Darmanitan,,darmanitan,Fire,,,,"5,120",Field,,50.00%,50.00%,Sheer Force,,Zen Mode,,,,,,
No,No,5,"Black, White",Battle,,,Darumaka,3,,Zen Darmanitan,Darumacho Transe,555,,,darmanitan-zen,Darmanitan,,darmanitan-zen,Fire,,Pyschic,,"5,120",Field,,50.00%,50.00%,Sheer Force,,Zen Mode,,,,,,
Yes,Yes,8,"Sword, Shield",,Galarian,,Darumaka,4,Ice Stone,Darmanitan-Galar,Darumacho de Galar,555,,,darmanitan-galar,"Darmanitan
(Galarian)",,darmanitan-galar,Ice,,,,"5,120",Field,,50.00%,50.00%,Gorilla Tactics,,Zen Mode,,,,,,
No,No,8,"Sword, Shield",Battle,Galarian,,Darumaka,5,,Zen Darmanitan-Galar,Darumacho Transe de Galar,555,,,darmanitan-galar-zen,"Darmanitan
(Galarian)",,darmanitan-galar-zen,Ice,,Fire,,"5,120",Field,,50.00%,50.00%,Gorilla Tactics,,Zen Mode,,,,,,
Yes,Yes,5,"Black, White",,,,Maractus,0,,Maractus,Maracachi,556,,,maractus,Maractus,,maractus,Grass,,,,"5,120",Grass,,50.00%,50.00%,Water Absorb,Chlorophyll,Storm Drain,,,,,,
Yes,Yes,5,"Black, White",,,,Dwebble,0,,Dwebble,Crabicoque,557,,,dwebble,Dwebble,,dwebble,Bug,,Rock,,"5,120",Bug,Mineral,50.00%,50.00%,Sturdy,Shell Armor,Weak Armor,,,,,,
Yes,Yes,5,"Black, White",,,,Dwebble,1,34,Crustle,Crabaraque,558,,,crustle,Crustle,,crustle,Bug,,Rock,,"5,120",Bug,Mineral,50.00%,50.00%,Sturdy,Shell Armor,Weak Armor,,,,,,
Yes,Yes,5,"Black, White",,,,Scraggy,0,,Scraggy,Baggiguane,559,,,scraggy,Scraggy,,scraggy,Dark,,Fighting,,"3,840",Field,Dragon,50.00%,50.00%,Shed Skin,Moxie,Intimidate,,,,,,
Yes,Yes,5,"Black, White",,,,Scraggy,1,39,Scrafty,Baggaïd,560,,,scrafty,Scrafty,,scrafty,Dark,,Fighting,,"3,840",Field,Dragon,50.00%,50.00%,Shed Skin,Moxie,Intimidate,,,,,,
Yes,Yes,5,"Black, White",,,,Sigilyph,0,,Sigilyph,Cryptéro,561,,,sigilyph,Sigilyph,,sigilyph,Pyschic,,Flying,,"5,120",Flying,,50.00%,50.00%,Wonder Skin,Magic Guard,Tinted Lens,,,,,,
Yes,Yes,5,"Black, White",,,,Yamask,0,,Yamask,Tutafeh,562,,,yamask,Yamask,,yamask,Ghost,,,,"6,240",Mineral,Amorphous,50.00%,50.00%,Mummy,,,,,,,,
Yes,Yes,8,"Sword, Shield",,,,Yamask,1,,Yamask-Galar,Tutafeh de Galar,562,,,yamask-galar,"Yamask
(Galarian)",,yamask-galar,Ground,,Ghost,,"6,240",Mineral,Amorphous,50.00%,50.00%,Wandering Spirit,,,,,,,,
Yes,Yes,5,"Black, White",,,,Yamask,2,34,Cofagrigus,Tutankafer,563,,,cofagrigus,Cofagrigus,,cofagrigus,Ghost,,,,"6,240",Mineral,Amorphous,50.00%,50.00%,Mummy,,,,,,,,
Yes,Yes,5,"Black, White",,,,Tirtouga,0,,Tirtouga,Carapagos,564,,,tirtouga,Tirtouga,,tirtouga,Water,,Rock,,"7,680",Water 1,Water 3,88.10%,11.90%,Solid Rock,Sturdy,Swift Swim,,,,,,
Yes,Yes,5,"Black, White",,,,Tirtouga,1,37,Carracosta,Mégapagos,565,,,carracosta,Carracosta,,carracosta,Water,,Rock,,"7,680",Water 1,Water 3,88.10%,11.90%,Solid Rock,Sturdy,Swift Swim,,,,,,
Yes,Yes,5,"Black, White",,,,Archen,0,,Archen,Arkéapti,566,,,archen,Archen,,archen,Rock,,Flying,,"7,680",Flying,Water 3,88.10%,11.90%,Defeatist,,,,,,,,
Yes,Yes,5,"Black, White",,,,Archen,1,37,Archeops,Aéroptéryx,567,,,archeops,Archeops,,archeops,Rock,,Flying,,"7,680",Flying,Water 3,88.10%,11.90%,Defeatist,,,,,,,,
Yes,Yes,5,"Black, White",,,,Trubbish,0,,Trubbish,Miamiasme,568,,,trubbish,Trubbish,,trubbish,Poison,,,,"5,120",Mineral,,50.00%,50.00%,Stench,Sticky Hold,Aftermath,,,,,,
Yes,Yes,5,"Black, White",,,,Trubbish,1,36,Garbodor,Miasmax,569,,,garbodor,Garbodor,,garbodor,Poison,,,,"5,120",Mineral,,50.00%,50.00%,Stench,Weak Armor,Aftermath,,,,,,
Yes,No,8,"Sword, Shield",,,Gigantamax,Trubbish,2,,Gigantamax Garbodor,Gigamax Miasmax,569,,,garbodor-gmax,Garbodor,,garbodor-gmax,Poison,,,,"5,120",Mineral,,50.00%,50.00%,Stench,Weak Armor,Aftermath,,,,,,
Yes,Yes,5,"Black, White",,,,Zorua,0,,Zorua,Zorua,570,,,zorua,Zorua,,zorua,Dark,,,,"6,240",Field,,88.10%,11.90%,Illusion,,,,,,,,
Yes,Yes,8,Pokémon Legends Arceus,,Hisuian,,Zorua,1,,Zorua-Hisui,Zorua de Hisui,570,,,zorua-hisui,Zorua (Hisuian),,zorua-hisui,Normal,,Ghost,,,,,,,,,,,,,,,
Yes,Yes,8,Pokémon Legends Arceus,,Hisuian,Alpha,Zorua,2,,Alpha Zorua-Hisui,Baron Zorua de Hisui,570,,,zorua-hisui,Zorua (Hisuian),,zorua-hisui-alpha,Normal,,Ghost,,,,,,,,,,,,,,,
Yes,Yes,5,"Black, White",,,,Zorua,3,30,Zoroark,Zoroark,571,,,zoroark,Zoroark,,zoroark,Dark,,,,"6,240",Field,,88.10%,11.90%,Illusion,,,,,,,,
Yes,Yes,8,Pokémon Legends Arceus,,Hisuian,,Zorua,4,30,Zoroark-Hisui,Zoroark de Hisui,571,,,zoroark-hisui,Zoroark (Hisuian),,zoroark-hisui,Normal,,Ghost,,,,,,,,,,,,,,,
Yes,Yes,8,Pokémon Legends Arceus,,Hisuian,Alpha,Zorua,5,30,Alpha Zoroark-Hisui,Baron Zoroark de Hisui,571,,,zoroark-hisui,Zoroark (Hisuian),,zoroark-hisui-alpha,Normal,,Ghost,,,,,,,,,,,,,,,
Yes,Yes,5,"Black, White",,,,Minccino,0,,Minccino,Chinchidou,572,,,minccino,Minccino,,minccino,Normal,,,,"3,840",Field,,25.00%,75.00%,Cute Charm,Technician,Skill Link,,,,,,
Yes,Yes,5,"Black, White",,,,Minccino,1,Shiny Stone,Cinccino,Pashmilla,573,,,cinccino,Cinccino,,cinccino,Normal,,,,"3,840",Field,,25.00%,75.00%,Cute Charm,Technician,Skill Link,,,,,,
Yes,Yes,5,"Black, White",,,,Gothita,0,,Gothita,Scrutella,574,,,gothita,Gothita,,gothita,Pyschic,,,,"5,120",Human-Like,,25.00%,75.00%,Frisk,Competitive,Shadow Tag,,,,,,
Yes,Yes,5,"Black, White",,,,Gothita,1,32,Gothorita,Mesmérella,575,,,gothorita,Gothorita,,gothorita,Pyschic,,,,"5,120",Human-Like,,25.00%,75.00%,Frisk,Competitive,Shadow Tag,,,,,,
Yes,Yes,5,"Black, White",,,,Gothita,2,41,Gothitelle,Sidérella,576,,,gothitelle,Gothitelle,,gothitelle,Pyschic,,,,"5,120",Human-Like,,25.00%,75.00%,Frisk,Competitive,Shadow Tag,,,,,,
Yes,Yes,5,"Black, White",,,,Solosis,0,,Solosis,Nucléos,577,,,solosis,Solosis,,solosis,Pyschic,,,,"5,120",Amorphous,,50.00%,50.00%,Overcoat,Magic Guard,Regenerator,,,,,,
Yes,Yes,5,"Black, White",,,,Solosis,1,32,Duosion,Méios,578,,,duosion,Duosion,,duosion,Pyschic,,,,"5,120",Amorphous,,50.00%,50.00%,Overcoat,Magic Guard,Regenerator,,,,,,
Yes,Yes,5,"Black, White",,,,Solosis,2,41,Reuniclus,Symbios,579,,,reuniclus,Reuniclus,,reuniclus,Pyschic,,,,"5,120",Amorphous,,50.00%,50.00%,Overcoat,Magic Guard,Regenerator,,,,,,
Yes,Yes,5,"Black, White",,,,Ducklett,0,,Ducklett,Couaneton,580,,,ducklett,Ducklett,,ducklett,Water,,Flying,,"5,120",Water 1,Flying,50.00%,50.00%,Keen Eye,Big Pecks,Hydration,,,,,,
Yes,Yes,5,"Black, White",,,,Ducklett,1,35,Swanna,Lakmécygne,581,,,swanna,Swanna,,swanna,Water,,Flying,,"5,120",Water 1,Flying,50.00%,50.00%,Keen Eye,Big Pecks,Hydration,,,,,,
Yes,Yes,5,"Black, White",,,,Vanillite,0,,Vanillite,Sorbébé,582,,,vanillite,Vanillite,,vanillite,Ice,,,,"5,120",Mineral,,50.00%,50.00%,Ice Body,Snow Cloak,Weak Armor,,,,,,
Yes,Yes,5,"Black, White",,,,Vanillite,1,35,Vanillish,Sorboul,583,,,vanillish,Vanillish,,vanillish,Ice,,,,"5,120",Mineral,,50.00%,50.00%,Ice Body,Snow Cloak,Weak Armor,,,,,,
Yes,Yes,5,"Black, White",,,,Vanillite,2,47,Vanilluxe,Sorbouboul,584,,,vanilluxe,Vanilluxe,,vanilluxe,Ice,,,,"5,120",Mineral,,50.00%,50.00%,Ice Body,Snow Warning,Weak Armor,,,,,,
Yes,Yes,5,"Black, White",,,,Spring Deerling,0,,Spring Deerling,Spring Vivaldaim,585,,,deerling,Deerling,,deerling-spring,Normal,,Grass,,"5,120",Field,,50.00%,50.00%,Chlorophyll,Sap Sipper,Serene Grace,,,,,,
Yes,Yes,5,"Black, White",Alternate,,,Spring Deerling,1,,Summer Deerling,Summer Vivaldaim,585,,,deerling-summer,Deerling,,deerling-summer,Normal,,Grass,,"5,120",Field,,50.00%,50.00%,Chlorophyll,Sap Sipper,Serene Grace,,,,,,
Yes,Yes,5,"Black, White",Alternate,,,Spring Deerling,2,,Autumn Deerling,Autumn Vivaldaim,585,,,deerling-autumn,Deerling,,deerling-autumn,Normal,,Grass,,"5,120",Field,,50.00%,50.00%,Chlorophyll,Sap Sipper,Serene Grace,,,,,,
Yes,Yes,5,"Black, White",Alternate,,,Spring Deerling,3,,Winter Deerling,Winter Vivaldaim,585,,,deerling-winter,Deerling,,deerling-winter,Normal,,Grass,,"5,120",Field,,50.00%,50.00%,Chlorophyll,Sap Sipper,Serene Grace,,,,,,
Yes,Yes,5,"Black, White",,,,Spring Deerling,4,34,Spring Sawsbuck,Spring Haydaim,586,,,sawsbuck,Sawsbuck,,sawsbuck-spring,Normal,,Grass,,"5,120",Field,,50.00%,50.00%,Chlorophyll,Sap Sipper,Serene Grace,,,,,,
Yes,Yes,5,"Black, White",Alternate,,,Spring Deerling,5,34,Summer Sawsbuck,Summer Haydaim,586,,,sawsbuck-summer,Sawsbuck,,sawsbuck-summer,Normal,,Grass,,"5,120",Field,,50.00%,50.00%,Chlorophyll,Sap Sipper,Serene Grace,,,,,,
Yes,Yes,5,"Black, White",Alternate,,,Spring Deerling,6,34,Autumn Sawsbuck,Autumn Haydaim,586,,,sawsbuck-autumn,Sawsbuck,,sawsbuck-autumn,Normal,,Grass,,"5,120",Field,,50.00%,50.00%,Chlorophyll,Sap Sipper,Serene Grace,,,,,,
Yes,Yes,5,"Black, White",Alternate,,,Spring Deerling,7,34,Winter Sawsbuck,Winter Haydaim,586,,,sawsbuck-winter,Sawsbuck,,sawsbuck-winter,Normal,,Grass,,"5,120",Field,,50.00%,50.00%,Chlorophyll,Sap Sipper,Serene Grace,,,,,,
Yes,Yes,5,"Black, White",,,,Emolga,0,,Emolga,Emolga,587,,,emolga,Emolga,,emolga,Electric,,Flying,,"5,120",Field,,50.00%,50.00%,Static,,Motor Drive,,,,,,
Yes,Yes,5,"Black, White",,,,Karrablast,0,,Karrablast,Carabing,588,,,karrablast,Karrablast,,karrablast,Bug,,,,"3,840",Bug,,50.00%,50.00%,Swarm,Shed Skin,No Guard,,,,,,
Yes,Yes,5,"Black, White",,,,Karrablast,1,Trade (With Shelmet),Escavalier,Lançargot,589,,,escavalier,Escavalier,,escavalier,Bug,,Steel,,"3,840",Bug,,50.00%,50.00%,Swarm,Shell Armor,Overcoat,,,,,,
Yes,Yes,5,"Black, White",,,,Foongus,0,,Foongus,Trompignon,590,,,foongus,Foongus,,foongus,Grass,,Poison,,"5,120",Grass,,50.00%,50.00%,Effect Spore,,Regenerator,,,,,,
Yes,Yes,5,"Black, White",,,,Foongus,1,39,Amoonguss,Gaulet,591,,,amoonguss,Amoonguss,,amoonguss,Grass,,Poison,,"5,120",Grass,,50.00%,50.00%,Effect Spore,,Regenerator,,,,,,
Yes,Yes,5,"Black, White",,,,Frillish,0,,Frillish,Viskuse,592,,,frillish,Frillish,,frillish,Water,,Ghost,,"5,120",Amorphous,,50.00%,50.00%,Water Absorb,Cursed Body,Damp,,,,,,
Yes,Yes,5,"Black, White",Gender,,,Frillish,1,,Frillish ♀,Viskuse ♀,592,,,female/frillish,Frillish,,frillish-f,Water,,Ghost,,"5,120",Amorphous,,50.00%,50.00%,Water Absorb,Cursed Body,Damp,,,,,,
Yes,Yes,5,"Black, White",,,,Frillish,2,40,Jellicent,Moyade,593,,,jellicent,Jellicent,,jellicent,Water,,Ghost,,"5,120",Amorphous,,50.00%,50.00%,Water Absorb,Cursed Body,Damp,,,,,,
Yes,Yes,5,"Black, White",Gender,,,Frillish,3,40,Jellicent ♀,Moyade ♀,593,,,female/jellicent,Jellicent,,jellicent-f,Water,,Ghost,,"5,120",Amorphous,,50.00%,50.00%,Water Absorb,Cursed Body,Damp,,,,,,
Yes,Yes,5,"Black, White",,,,Alomomola,0,,Alomomola,Mamanbo,594,,,alomomola,Alomomola,,alomomola,Water,,,,"10,240",Water 1,Water 2,50.00%,50.00%,Healer,Hydration,Regenerator,,,,,,
Yes,Yes,5,"Black, White",,,,Joltik,0,,Joltik,Statitik,595,,,joltik,Joltik,,joltik,Bug,,Electric,,"5,120",Bug,,50.00%,50.00%,Compound Eyes,Unnerve,Swarm,,,,,,
Yes,Yes,5,"Black, White",,,,Joltik,1,36,Galvantula,Mygavolt,596,,,galvantula,Galvantula,,galvantula,Bug,,Electric,,"5,120",Bug,,50.00%,50.00%,Compound Eyes,Unnerve,Swarm,,,,,,
Yes,Yes,5,"Black, White",,,,Ferroseed,0,,Ferroseed,Grindur,597,,,ferroseed,Ferroseed,,ferroseed,Grass,,Steel,,"5,120",Grass,Mineral,50.00%,50.00%,Iron Barbs,,,,,,,,
Yes,Yes,5,"Black, White",,,,Ferroseed,1,40,Ferrothorn,Noacier,598,,,ferrothorn,Ferrothorn,,ferrothorn,Grass,,Steel,,"5,120",Grass,Mineral,50.00%,50.00%,Iron Barbs,,Anticipation,,,,,,
Yes,Yes,5,"Black, White",,,,Klink,0,,Klink,Tic,599,,,klink,Klink,,klink,Steel,,,,"5,120",Mineral,,○,○,Plus,Minus,Clear Body,,,,,,
Yes,Yes,5,"Black, White",,,,Klink,1,38,Klang,Clic,600,,,klang,Klang,,klang,Steel,,,,"5,120",Mineral,,○,○,Plus,Minus,Clear Body,,,,,,
Yes,Yes,5,"Black, White",,,,Klink,2,49,Klinklang,Cliticlic,601,,,klinklang,Klinklang,,klinklang,Steel,,,,"5,120",Mineral,,○,○,Plus,Minus,Clear Body,,,,,,
Yes,Yes,5,"Black, White",,,,Tynamo,0,,Tynamo,Anchwatt,602,,,tynamo,Tynamo,,tynamo,Electric,,,,"5,120",Amorphous,,50.00%,50.00%,Levitate,,,,,,,,
Yes,Yes,5,"Black, White",,,,Tynamo,1,39,Eelektrik,Lampéroie,603,,,eelektrik,Eelektrik,,eelektrik,Electric,,,,"5,120",Amorphous,,50.00%,50.00%,Levitate,,,,,,,,
Yes,Yes,5,"Black, White",,,,Tynamo,2,Thunder Stone,Eelektross,Ohmassacre,604,,,eelektross,Eelektross,,eelektross,Electric,,,,"5,120",Amorphous,,50.00%,50.00%,Levitate,,,,,,,,
Yes,Yes,5,"Black, White",,,,Elgyem,0,,Elgyem,Lewsor,605,,,elgyem,Elgyem,,elgyem,Pyschic,,,,"5,120",Human-Like,,50.00%,50.00%,Telepathy,Synchronize,Analytic,,,,,,
Yes,Yes,5,"Black, White",,,,Elgyem,1,42,Beheeyem,Neitram,606,,,beheeyem,Beheeyem,,beheeyem,Pyschic,,,,"5,120",Human-Like,,50.00%,50.00%,Telepathy,Synchronize,Analytic,,,,,,
Yes,Yes,5,"Black, White",,,,Litwick,0,,Litwick,Funécire,607,,,litwick,Litwick,,litwick,Ghost,,Fire,,"5,120",Amorphous,,50.00%,50.00%,Flash Fire,Flame Body,Infiltrator,,,,,,
Yes,Yes,5,"Black, White",,,,Litwick,1,41,Lampent,Mélancolux,608,,,lampent,Lampent,,lampent,Ghost,,Fire,,"5,120",Amorphous,,50.00%,50.00%,Flash Fire,Flame Body,Infiltrator,,,,,,
Yes,Yes,5,"Black, White",,,,Litwick,2,Dusk Stone,Chandelure,Lugulabre,609,,,chandelure,Chandelure,,chandelure,Ghost,,Fire,,"5,120",Amorphous,,50.00%,50.00%,Flash Fire,Flame Body,Infiltrator,,,,,,
Yes,Yes,5,"Black, White",,,,Axew,0,,Axew,Coupenotte,610,,,axew,Axew,,axew,Dragon,,,,"10,240",Monster,Dragon,50.00%,50.00%,Rivalry,Mold Breaker,Unnerve,,,,,,
Yes,Yes,5,"Black, White",,,,Axew,1,38,Fraxure,Incisache,611,,,fraxure,Fraxure,,fraxure,Dragon,,,,"10,240",Monster,Dragon,50.00%,50.00%,Rivalry,Mold Breaker,Unnerve,,,,,,
Yes,Yes,5,"Black, White",,,,Axew,2,48,Haxorus,Tranchodon,612,,,haxorus,Haxorus,,haxorus,Dragon,,,,"10,240",Monster,Dragon,50.00%,50.00%,Rivalry,Mold Breaker,Unnerve,,,,,,
Yes,Yes,5,"Black, White",,,,Cubchoo,0,,Cubchoo,Polarhume,613,,,cubchoo,Cubchoo,,cubchoo,Ice,,,,"5,120",Field,,50.00%,50.00%,Snow Cloak,Slush Rush,Rattled,,,,,,
Yes,Yes,5,"Black, White",,,,Cubchoo,1,37,Beartic,Polagriffe,614,,,beartic,Beartic,,beartic,Ice,,,,"5,120",Field,,50.00%,50.00%,Snow Cloak,Slush Rush,Swift Swim,,,,,,
Yes,Yes,5,"Black, White",,,,Cryogonal,0,,Cryogonal,Hexagel,615,,,cryogonal,Cryogonal,,cryogonal,Ice,,,,"6,240",Mineral,,○,○,Levitate,,,,,,,,
Yes,Yes,5,"Black, White",,,,Shelmet,0,,Shelmet,Escargaume,616,,,shelmet,Shelmet,,shelmet,Bug,,,,"3,840",Bug,,50.00%,50.00%,Hydration,Shell Armor,Overcoat,,,,,,
Yes,Yes,5,"Black, White",,,,Shelmet,1,Trade (With Escavalier),Accelgor,Limaspeed,617,,,accelgor,Accelgor,,accelgor,Bug,,,,"3,840",Bug,,50.00%,50.00%,Hydration,Sticky Hold,Unburden,,,,,,
Yes,Yes,5,"Black, White",,,,Stunfisk,0,,Stunfisk,Limonde,618,,,stunfisk,Stunfisk,,stunfisk,Ground,,Electric,,"5,120",Water 1,Amorphous,50.00%,50.00%,Static,Limber,Sand Veil,,,,,,
Yes,Yes,8,"Sword, Shield",,,,Stunfisk,1,,Stunfisk-Galar,Limonde de Galar,618,,,stunfisk-galar,"Stunfisk
(Galarian)",,stunfisk-galar,Ground,,Steel,,"5,120",Water 1,Amorphous,50.00%,50.00%,Mimicry,,,,,,,,
Yes,Yes,5,"Black, White",,,,Mienfoo,0,,Mienfoo,Kungfouine,619,,,mienfoo,Mienfoo,,mienfoo,Fighting,,,,"6,240",Field,Human-Like,50.00%,50.00%,Inner Focus,Regenerator,Reckless,,,,,,
Yes,Yes,5,"Black, White",,,,Mienfoo,1,50,Mienshao,Shaofouine,620,,,mienshao,Mienshao,,mienshao,Fighting,,,,"6,240",Field,Human-Like,50.00%,50.00%,Inner Focus,Regenerator,Reckless,,,,,,
Yes,Yes,5,"Black, White",,,,Druddigon,0,,Druddigon,Drakkarmin,621,,,druddigon,Druddigon,,druddigon,Dragon,,,,"7,680",Dragon,Monster,50.00%,50.00%,Rough Skin,Sheer Force,Mold Breaker,,,,,,
Yes,Yes,5,"Black, White",,,,Golett,0,,Golett,Gringolem,622,,,golett,Golett,,golett,Ground,,Ghost,,"6,240",Mineral,,○,○,Iron Fist,Klutz,No Guard,,,,,,
Yes,Yes,5,"Black, White",,,,Golett,1,43,Golurk,Golemastoc,623,,,golurk,Golurk,,golurk,Ground,,Ghost,,"6,240",Mineral,,○,○,Iron Fist,Klutz,No Guard,,,,,,
Yes,Yes,5,"Black, White",,,,Pawniard,0,,Pawniard,Scalpion,624,,,pawniard,Pawniard,,pawniard,Dark,,Steel,,"5,120",Human-Like,,50.00%,50.00%,Defiant,Inner Focus,Pressure,,,,,,
Yes,Yes,5,"Black, White",,,,Pawniard,1,52,Bisharp,Scalproie,625,,,bisharp,Bisharp,,bisharp,Dark,,Steel,,"5,120",Human-Like,,50.00%,50.00%,Defiant,Inner Focus,Pressure,,,,,,
Yes,Yes,5,"Black, White",,,,Bouffalant,0,,Bouffalant,Frison,626,,,bouffalant,Bouffalant,,bouffalant,Normal,,,,"5,120",Field,,50.00%,50.00%,Reckless,Sap Sipper,Soundproof,,,,,,
Yes,Yes,5,"Black, White",,,,Rufflet,0,,Rufflet,Furaiglon,627,,,rufflet,Rufflet,,rufflet,Normal,,Flying,,"5,120",Flying,,100.00%,0.00%,Keen Eye,Sheer Force,Hustle,,,,,,
Yes,Yes,8,Pokémon Legends Arceus,,,Alpha,Rufflet,1,,Alpha Rufflet,Baron Furaiglon,627,,,rufflet,Rufflet,,rufflet-alpha,Normal,,Flying,,"5,120",Flying,,100.00%,0.00%,Keen Eye,Sheer Force,Hustle,,,,,,
Yes,Yes,5,"Black, White",,,,Rufflet,2,54,Braviary,Gueriaigle,628,,,braviary,Braviary,,braviary,Normal,,Flying,,"5,120",Flying,,100.00%,0.00%,Keen Eye,Sheer Force,Defiant,,,,,,
Yes,Yes,8,Pokémon Legends Arceus,,,Alpha,Rufflet,3,54,Alpha Braviary,Baron Gueriaigle,628,,,braviary,Braviary,,braviary-alpha,Normal,,Flying,,"5,120",Flying,,100.00%,0.00%,Keen Eye,Sheer Force,Defiant,,,,,,
Yes,Yes,8,Pokémon Legends Arceus,,Hisuian,,Rufflet,4,54,Braviary-Hisui,Gueriaigle de Hisui,628,,,braviary-hisui,Braviary (Hisuian),,braviary-hisui,Psychic,,Flying,,,,,,,,,,,,,,,
Yes,Yes,8,Pokémon Legends Arceus,,Hisuian,Alpha,Rufflet,5,54,Alpha Braviary-Hisui,Baron Gueriaigle de Hisui,628,,,braviary-hisui,Braviary (Hisuian),,braviary-hisui-alpha,Psychic,,Flying,,,,,,,,,,,,,,,
Yes,Yes,5,"Black, White",,,,Vullaby,0,,Vullaby,Vostourno,629,,,vullaby,Vullaby,,vullaby,Dark,,Flying,,"5,120",Flying,,50.00%,50.00%,Big Pecks,Overcoat,Weak Armor,,,,,,
Yes,Yes,5,"Black, White",,,,Vullaby,1,54,Mandibuzz,Vaututrice,630,,,mandibuzz,Mandibuzz,,mandibuzz,Dark,,Flying,,"5,120",Flying,,50.00%,50.00%,Big Pecks,Overcoat,Weak Armor,,,,,,
Yes,Yes,5,"Black, White",,,,Heatmor,0,,Heatmor,Aflamanoir,631,,,heatmor,Heatmor,,heatmor,Fire,,,,"5,120",Field,,50.00%,50.00%,Gluttony,Flash Fire,White Smoke,,,,,,
Yes,Yes,5,"Black, White",,,,Durant,0,,Durant,Fermite,632,,,durant,Durant,,durant,Bug,,Steel,,"5,120",Bug,,50.00%,50.00%,Swarm,Hustle,Truant,,,,,,
Yes,Yes,5,"Black, White",,,,Deino,0,,Deino,Solochi,633,,,deino,Deino,,deino,Dark,,Dragon,,"10,240",Dragon,,50.00%,50.00%,Hustle,,,,,,,,
Yes,Yes,5,"Black, White",,,,Deino,1,50,Zweilous,Diamat,634,,,zweilous,Zweilous,,zweilous,Dark,,Dragon,,"10,240",Dragon,,50.00%,50.00%,Hustle,,,,,,,,
Yes,Yes,5,"Black, White",,,,Deino,2,64,Hydreigon,Trioxhydre,635,,,hydreigon,Hydreigon,,hydreigon,Dark,,Dragon,,"10,240",Dragon,,50.00%,50.00%,Levitate,,,,,,,,
Yes,Yes,5,"Black, White",,,,Larvesta,0,,Larvesta,Pyronille,636,,,larvesta,Larvesta,,larvesta,Bug,,Fire,,"10,240",Bug,,50.00%,50.00%,Flame Body,,Swarm,,,,,,
Yes,Yes,5,"Black, White",,,,Larvesta,1,59,Volcarona,Pyrax,637,,,volcarona,Volcarona,,volcarona,Bug,,Fire,,"10,240",Bug,,50.00%,50.00%,Flame Body,,Swarm,,,,,,
Yes,No,5,"Black, White",,,,Cobalion,0,,Cobalion,Cobaltium,638,,,cobalion,Cobalion,,cobalion,Steel,,Fighting,,"20,480",Undiscovered,,○,○,Justified,,,,,,,,
Yes,No,5,"Black, White",,,,Terrakion,0,,Terrakion,Terrakium,639,,,terrakion,Terrakion,,terrakion,Rock,,Fighting,,"20,480",Undiscovered,,○,○,Justified,,,,,,,,
Yes,No,5,"Black, White",,,,Virizion,0,,Virizion,Viridium,640,,,virizion,Virizion,,virizion,Grass,,Fighting,,"20,480",Undiscovered,,○,○,Justified,,,,,,,,
Yes,No,5,"Black, White",,,,Tornadus,0,,Tornadus,Boréas,641,,,tornadus,Tornadus,,tornadus,Flying,,,,"30,720",Undiscovered,,100.00%,0.00%,Prankster,,Defiant,,,,,,
Yes,No,6,"Black 2, White 2",Therian,,,Tornadus,1,,Therian Tornadus,Boréas Totémique,641,,,tornadus-therian,Tornadus,,tornadus-therian,Flying,,,,"30,720",Undiscovered,,100.00%,0.00%,Regenerator,,,,,,,,
Yes,No,5,"Black, White",,,,Thundurus,0,,Thundurus,Fulguris,642,,,thundurus,Thundurus,,thundurus,Electric,,Flying,,"30,720",Undiscovered,,100.00%,0.00%,Prankster,,Defiant,,,,,,
Yes,No,6,"Black 2, White 2",Therian,,,Thundurus,1,,Therian Thundurus,Fulguris Totémique,642,,,thundurus-therian,Thundurus,,thundurus-therian,Electric,,Flying,,"30,720",Undiscovered,,100.00%,0.00%,Volt Absorb,,,,,,,,
Yes,No,5,"Black, White",,,,Reshiram,0,,Reshiram,Reshiram,643,,,reshiram,Reshiram,,reshiram,Dragon,,Fire,,"30,720",Undiscovered,,○,○,Turboblaze,,,,,,,,
Yes,No,5,"Black, White",,,,Zekrom,0,,Zekrom,Zekrom,644,,,zekrom,Zekrom,,zekrom,Dragon,,Electric,,"30,720",Undiscovered,,○,○,Teravolt,,,,,,,,
Yes,No,5,"Black, White",,,,Landorus,0,,Landorus,Démétéros,645,,,landorus,Landorus,,landorus,Ground,,Flying,,"30,720",Undiscovered,,100.00%,0.00%,Sand Force,,Sheer Force,,,,,,
Yes,No,6,"Black 2, White 2",Therian,,,Landorus,1,,Therian Landorus,Démétéros Totémique,645,,,landorus-therian,Landorus,,landorus-therian,Ground,,Flying,,"30,720",Undiscovered,,100.00%,0.00%,Intimidate,,,,,,,,
Yes,No,5,"Black, White",,,,Kyurem,0,,Kyurem,Kyurem,646,,,kyurem,Kyurem,,kyurem,Dragon,,Ice,,"30,720",Undiscovered,,○,○,Pressure,,,,,,,,
No,No,5,"Black, White",Fusion,,,Kyurem,1,,Black Kyurem,Kyurem Noir,646,,,kyurem-black,Kyurem,,kyurem-black,Dragon,,Ice,,"30,720",Undiscovered,,○,○,Turboblaze,,,,,,,,
No,No,5,"Black, White",Fusion,,,Kyurem,2,,White Kyurem,Kyurem Blanc,646,,,kyurem-white,Kyurem,,kyurem-white,Dragon,,Ice,,"30,720",Undiscovered,,○,○,Teravolt,,,,,,,,
Yes,No,5,"Black, White",,,,Keldeo,0,,Keldeo,Keldeo,647,,,keldeo,Keldeo,,keldeo,Water,,Fighting,,"20,480",Undiscovered,,○,○,Justified,,,,,,,,
Yes,No,5,"Black, White",,,,Keldeo,1,,Resolute Keldeo,Keldeo Aspect Décidé,647,,,keldeo-resolute,Keldeo,,keldeo-resolute,Water,,Fighting,,"20,480",Undiscovered,,○,○,Justified,,,,,,,,
Yes,No,5,"Black, White",,,,Meloetta,0,,Meloetta,Meloetta,648,,,meloetta,Meloetta,,meloetta,Normal,,Pyschic,,"30,720",Undiscovered,,○,○,Serene Grace,,,,,,,,
No,No,5,"Black, White",Battle,,,Meloetta,1,,Pirouette Meloetta,Pirouette Meloetta,648,,,meloetta-pirouette,Meloetta,,meloetta-pirouette,Normal,,Fighting,,"30,720",Undiscovered,,○,○,Serene Grace,,,,,,,,
Yes,No,5,"Black, White",,,,Genesect,0,,Genesect,Genesect,649,,,genesect,Genesect,,genesect,Bug,,Steel,,"30,720",Undiscovered,,○,○,Download,,,,,,,,
No,No,5,"Black, White",Item,,,Genesect,1,,Genesect-Electric,Genesect ÉlectriK,649,,,genesect,Genesect,,genesect-electric,Bug,,Steel,,"30,720",Undiscovered,,○,○,Download,,,,,,,,
No,No,5,"Black, White",Item,,,Genesect,2,,Genesect-Fire,Genesect Feu,649,,,genesect,Genesect,,genesect-fire,Bug,,Steel,,"30,720",Undiscovered,,○,○,Download,,,,,,,,
No,No,5,"Black, White",Item,,,Genesect,3,,Genesect-Ice,Genesect Glace,649,,,genesect,Genesect,,genesect-ice,Bug,,Steel,,"30,720",Undiscovered,,○,○,Download,,,,,,,,
No,No,5,"Black, White",Item,,,Genesect,4,,Genesect-Water,Genesect Eau,649,,,genesect,Genesect,,genesect-water,Bug,,Steel,,"30,720",Undiscovered,,○,○,Download,,,,,,,,
Yes,Yes,6,"X, Y",,,,Chespin,0,,Chespin,Marisson,650,,,chespin,Chespin,,chespin,Grass,,,,"5,120",Field,,88.10%,11.90%,Overgrow,,Bulletproof,,,,,,
Yes,Yes,6,"X, Y",,,,Chespin,1,16,Quilladin,Boguérisse,651,,,quilladin,Quilladin,,quilladin,Grass,,,,"5,120",Field,,88.10%,11.90%,Overgrow,,Bulletproof,,,,,,
Yes,Yes,6,"X, Y",,,,Chespin,2,36,Chesnaught,Blindépique,652,,,chesnaught,Chesnaught,,chesnaught,Grass,,Fighting,,"5,120",Field,,88.10%,11.90%,Overgrow,,Bulletproof,,,,,,
Yes,Yes,6,"X, Y",,,,Fennekin,0,,Fennekin,Feunnec,653,,,fennekin,Fennekin,,fennekin,Fire,,,,"5,120",Field,,88.10%,11.90%,Blaze,,Magician,,,,,,
Yes,Yes,6,"X, Y",,,,Fennekin,1,16,Braixen,Roussil,654,,,braixen,Braixen,,braixen,Fire,,,,"5,120",Field,,88.10%,11.90%,Blaze,,Magician,,,,,,
Yes,Yes,6,"X, Y",,,,Fennekin,2,36,Delphox,Goupelin,655,,,delphox,Delphox,,delphox,Fire,,Pyschic,,"5,120",Field,,88.10%,11.90%,Blaze,,Magician,,,,,,
Yes,Yes,6,"X, Y",,,,Froakie,0,,Froakie,Grenousse,656,,,froakie,Froakie,,froakie,Water,,,,"5,120",Water 1,,88.10%,11.90%,Torrent,,Protean,,,,,,
Yes,Yes,6,"X, Y",,,,Froakie,1,16,Frogadier,Croâporal,657,,,frogadier,Frogadier,,frogadier,Water,,,,"5,120",Water 1,,88.10%,11.90%,Torrent,,Protean,,,,,,
Yes,Yes,6,"X, Y",,,,Froakie,2,36,Greninja,Amphinobi,658,,,greninja,Greninja,,greninja,Water,,Dark,,"5,120",Water 1,,88.10%,11.90%,Torrent,,Protean,,,,,,
No,No,6,"X, Y",,,Event,Froakie,3,,Ash-Greninja,Amphinobi forme Sacha,658,,,greninja-ash,Greninja,Yes,greninja-ash,Water,,Dark,,"5,120",Water 1,,100.00%,0.00%,Battle Bond,,,,,,,,
Yes,Yes,6,"X, Y",,,,Bunnelby,0,,Bunnelby,Sapereau,659,,,bunnelby,Bunnelby,,bunnelby,Normal,,,,"3,840",Field,,50.00%,50.00%,Pickup,Cheek Pouch,Huge Power,,,,,,
Yes,Yes,6,"X, Y",,,,Bunnelby,1,20,Diggersby,Excavarenne,660,,,diggersby,Diggersby,,diggersby,Normal,,Ground,,"3,840",Field,,50.00%,50.00%,Pickup,Cheek Pouch,Huge Power,,,,,,
Yes,Yes,6,"X, Y",,,,Fletchling,0,,Fletchling,Passerouge,661,,,fletchling,Fletchling,,fletchling,Normal,,Flying,,"3,840",Flying,,50.00%,50.00%,Big Pecks,,Gale Wings,,,,,,
Yes,Yes,6,"X, Y",,,,Fletchling,1,17,Fletchinder,Braisillon,662,,,fletchinder,Fletchinder,,fletchinder,Fire,,Flying,,"3,840",Flying,,50.00%,50.00%,Flame Body,,Gale Wings,,,,,,
Yes,Yes,6,"X, Y",,,,Fletchling,2,35,Talonflame,Flambusard,663,,,talonflame,Talonflame,,talonflame,Fire,,Flying,,"3,840",Flying,,50.00%,50.00%,Flame Body,,Gale Wings,,,,,,
Yes,Yes,6,"X, Y",,,,Scatterbug,0,,Scatterbug,Lépidonille,664,,,scatterbug,Scatterbug,,scatterbug,Bug,,,,"3,840",Bug,,50.00%,50.00%,Shield Dust,Compound Eyes,Friend Guard,,,,,,
Yes,Yes,6,"X, Y",,,,Scatterbug,1,09,Spewpa,Pérégrain,665,,,spewpa,Spewpa,,spewpa,Bug,,,,"3,840",Bug,,50.00%,50.00%,Shed Skin,,Friend Guard,,,,,,
Yes,No,6,"X, Y",,,,Scatterbug,2,12,Vivillon-Archipelago,Prismillon motif Archipel,666,,,vivillon-archipelago,Vivillon,,vivillon-archipelago,Bug,,Flying,,"3,840",Bug,,50.00%,50.00%,Shield Dust,Compound Eyes,Friend Guard,,,,,,
Yes,No,6,"X, Y",Alternate,,,Scatterbug,3,12,Vivillon-Continental,Prismillon motif Continent,666,,,vivillon-continental,Vivillon,,vivillon-continental,Bug,,Flying,,"3,840",Bug,,50.00%,50.00%,Shield Dust,Compound Eyes,Friend Guard,,,,,,
Yes,No,6,"X, Y",Alternate,,,Scatterbug,4,12,Vivillon-Elegant,Prismillon motif Monarchie,666,,,vivillon-elegant,Vivillon,,vivillon-elegant,Bug,,Flying,,"3,840",Bug,,50.00%,50.00%,Shield Dust,Compound Eyes,Friend Guard,,,,,,
Yes,No,6,"X, Y",Alternate,,,Scatterbug,5,12,Vivillon-Garden,Prismillon motif Verdure,666,,,vivillon-garden,Vivillon,,vivillon-garden,Bug,,Flying,,"3,840",Bug,,50.00%,50.00%,Shield Dust,Compound Eyes,Friend Guard,,,,,,
Yes,No,6,"X, Y",Alternate,,,Scatterbug,6,12,Vivillon-HighPlains,Prismillon motif Sécheresse,666,,,vivillon-high-plains,Vivillon,,vivillon-high-plains,Bug,,Flying,,"3,840",Bug,,50.00%,50.00%,Shield Dust,Compound Eyes,Friend Guard,,,,,,
Yes,No,6,"X, Y",Alternate,,,Scatterbug,7,12,Vivillon-IcySnow,Prismillon motif Blizzard,666,,,vivillon-icy-snow,Vivillon,,vivillon-icy-snow,Bug,,Flying,,"3,840",Bug,,50.00%,50.00%,Shield Dust,Compound Eyes,Friend Guard,,,,,,
Yes,No,6,"X, Y",Alternate,,,Scatterbug,8,12,Vivillon-Jungle,Prismillon motif Jungle,666,,,vivillon-jungle,Vivillon,,vivillon-jungle,Bug,,Flying,,"3,840",Bug,,50.00%,50.00%,Shield Dust,Compound Eyes,Friend Guard,,,,,,
Yes,No,6,"X, Y",Alternate,,,Scatterbug,9,12,Vivillon-Marine,Prismillon motif Rivage,666,,,vivillon-marine,Vivillon,,vivillon-marine,Bug,,Flying,,"3,840",Bug,,50.00%,50.00%,Shield Dust,Compound Eyes,Friend Guard,,,,,,
Yes,No,6,"X, Y",Alternate,,,Scatterbug,10,12,Vivillon-Meadow,Prismillon motif Floraison,666,,,vivillon,Vivillon,,vivillon,Bug,,Flying,,"3,840",Bug,,50.00%,50.00%,Shield Dust,Compound Eyes,Friend Guard,,,,,,
Yes,No,6,"X, Y",Alternate,,,Scatterbug,11,12,Vivillon-Modern,Prismillon motif Métropole,666,,,vivillon-modern,Vivillon,,vivillon-modern,Bug,,Flying,,"3,840",Bug,,50.00%,50.00%,Shield Dust,Compound Eyes,Friend Guard,,,,,,
Yes,No,6,"X, Y",Alternate,,,Scatterbug,12,12,Vivillon-Monsoon,Prismillon motif Cyclone,666,,,vivillon-monsoon,Vivillon,,vivillon-monsoon,Bug,,Flying,,"3,840",Bug,,50.00%,50.00%,Shield Dust,Compound Eyes,Friend Guard,,,,,,
Yes,No,6,"X, Y",Alternate,,,Scatterbug,13,12,Vivillon-Ocean,Prismillon motif Soleil Level,666,,,vivillon-ocean,Vivillon,,vivillon-ocean,Bug,,Flying,,"3,840",Bug,,50.00%,50.00%,Shield Dust,Compound Eyes,Friend Guard,,,,,,
Yes,No,6,"X, Y",Alternate,,,Scatterbug,14,12,Vivillon-Polar,Prismillon motif Banquise,666,,,vivillon-polar,Vivillon,,vivillon-polar,Bug,,Flying,,"3,840",Bug,,50.00%,50.00%,Shield Dust,Compound Eyes,Friend Guard,,,,,,
Yes,No,6,"X, Y",Alternate,,,Scatterbug,15,12,Vivillon-River,Prismillon motif Delta,666,,,vivillon-river,Vivillon,,vivillon-river,Bug,,Flying,,"3,840",Bug,,50.00%,50.00%,Shield Dust,Compound Eyes,Friend Guard,,,,,,
Yes,No,6,"X, Y",Alternate,,,Scatterbug,16,12,Vivillon-Sandstorm,Prismillon motif Sable,666,,,vivillon-sandstorm,Vivillon,,vivillon-sandstorm,Bug,,Flying,,"3,840",Bug,,50.00%,50.00%,Shield Dust,Compound Eyes,Friend Guard,,,,,,
Yes,No,6,"X, Y",Alternate,,,Scatterbug,17,12,Vivillon-Savanna,Prismillon motif Mangrove,666,,,vivillon-savanna,Vivillon,,vivillon-savanna,Bug,,Flying,,"3,840",Bug,,50.00%,50.00%,Shield Dust,Compound Eyes,Friend Guard,,,,,,
Yes,No,6,"X, Y",Alternate,,,Scatterbug,18,12,Vivillon-Sun,Prismillon motif Zénith,666,,,vivillon-sun,Vivillon,,vivillon-sun,Bug,,Flying,,"3,840",Bug,,50.00%,50.00%,Shield Dust,Compound Eyes,Friend Guard,,,,,,
Yes,No,6,"X, Y",Alternate,,,Scatterbug,19,12,Vivillon-Tundra,Prismillon motif Glace,666,,,vivillon-tundra,Vivillon,,vivillon-tundra,Bug,,Flying,,"3,840",Bug,,50.00%,50.00%,Shield Dust,Compound Eyes,Friend Guard,,,,,,
Yes,No,6,"X, Y",Alternate,,Event,Scatterbug,20,,Vivillon-Fancy,Prismillon motif Fantasie,666,,,vivillon-fancy,Vivillon,,vivillon-fancy,Bug,,Flying,,"3,840",Bug,,50.00%,50.00%,Shield Dust,Compound Eyes,Friend Guard,,,,,,
Yes,No,6,"X, Y",Alternate,,Event,Scatterbug,21,,Vivillon-Pokéball,Prismillon motif Pokéball,666,,,vivillon-poke-ball,Vivillon,,vivillon-poke-ball,Bug,,Flying,,"3,840",Bug,,50.00%,50.00%,Shield Dust,Compound Eyes,Friend Guard,,,,,,
Yes,Yes,6,"X, Y",,,,Litleo,0,,Litleo,Hélionceau,667,,,litleo,Litleo,,litleo,Fire,,Normal,,"5,120",Field,,25.00%,75.00%,Rivalry,Unnerve,Moxie,,,,,,
Yes,Yes,6,"X, Y",,,,Litleo,1,35,Pyroar,Némélios,668,,,pyroar,Pyroar,,pyroar,Fire,,Normal,,"5,120",Field,,25.00%,75.00%,Rivalry,Unnerve,Moxie,,,,,,
Yes,Yes,6,"X, Y",Gender,,,Litleo,2,35,Pyroar ♀,Némélios ♀,668,,,female/pyroar,Pyroar,,pyroar-f,Fire,,Normal,,"5,120",Field,,25.00%,75.00%,Rivalry,Unnerve,Moxie,,,,,,
Yes,Yes,6,"X, Y",,,,Red Flabébé,0,,Red Flabébé,Flabébé Rouge,669,,,flabebe,Flabébé,,flabebe-red,Fairy,,,,"5,120",Fairy,,0.00%,100.00%,Flower Veil,,Symbiosis,,,,,,
Yes,Yes,6,"X, Y",Alternate,,,Red Flabébé,1,,Orange Flabébé,Flabébé Orange,669,,,flabebe-orange,Flabébé,,flabebe-orange,Fairy,,,,"5,120",Fairy,,0.00%,100.00%,Flower Veil,,Symbiosis,,,,,,
Yes,Yes,6,"X, Y",Alternate,,,Red Flabébé,2,,Yellow Flabébé,Flabébé Jaune,669,,,flabebe-yellow,Flabébé,,flabebe-yellow,Fairy,,,,"5,120",Fairy,,0.00%,100.00%,Flower Veil,,Symbiosis,,,,,,
Yes,Yes,6,"X, Y",Alternate,,,Red Flabébé,3,,White Flabébé,Flabébé Blanche,669,,,flabebe-white,Flabébé,,flabebe-white,Fairy,,,,"5,120",Fairy,,0.00%,100.00%,Flower Veil,,Symbiosis,,,,,,
Yes,Yes,6,"X, Y",Alternate,,,Red Flabébé,4,,Blue Flabébé,Flabébé Bleue,669,,,flabebe-blue,Flabébé,,flabebe-blue,Fairy,,,,"5,120",Fairy,,0.00%,100.00%,Flower Veil,,Symbiosis,,,,,,
Yes,Yes,6,"X, Y",,,,Red Flabébé,5,19,Red Floette,Floette Rouge,670,,,floette,Floette,,floette-red,Fairy,,,,"5,120",Fairy,,0.00%,100.00%,Flower Veil,,Symbiosis,,,,,,
Yes,Yes,7,"Sun, Moon",Alternate,,,Red Flabébé,6,19,Orange Floette,Floette Orange,670,,,floette-orange,Floette,,floette-orange,Fairy,,,,"5,120",Fairy,,0.00%,100.00%,Flower Veil,,Symbiosis,,,,,,
Yes,Yes,6,"X, Y",Alternate,,,Red Flabébé,7,19,Yellow Floette,Floette Jaune,670,,,floette-yellow,Floette,,floette-yellow,Fairy,,,,"5,120",Fairy,,0.00%,100.00%,Flower Veil,,Symbiosis,,,,,,
Yes,Yes,7,"Sun, Moon",Alternate,,,Red Flabébé,8,19,White Floette,Floette Blanche,670,,,floette-white,Floette,,floette-white,Fairy,,,,"5,120",Fairy,,0.00%,100.00%,Flower Veil,,Symbiosis,,,,,,
Yes,Yes,6,"X, Y",Alternate,,,Red Flabébé,9,19,Blue Floette,Floette Bleue,670,,,floette-blue,Floette,,floette-blue,Fairy,,,,"5,120",Fairy,,0.00%,100.00%,Flower Veil,,Symbiosis,,,,,,
No,No,6,"X, Y",Unobtainable,,,Red Flabébé,10,,Eternal Floette,Floette Éternelle,670,,,floette-eternal,Floette,,floette-eternal,Fairy,,,,"5,120",Fairy,,0.00%,100.00%,Flower Veil,,Symbiosis,,,,,,
Yes,Yes,6,"X, Y",,,,Red Flabébé,11,Shiny Stone,Red Florges,Florges Rouge,671,,,florges,Florges,,florges-red,Fairy,,,,"5,120",Fairy,,0.00%,100.00%,Flower Veil,,Symbiosis,,,,,,
Yes,Yes,6,"X, Y",Alternate,,,Red Flabébé,12,Shiny Stone,Orange Florges,Florges Orange,671,,,florges-orange,Florges,,florges-orange,Fairy,,,,"5,120",Fairy,,0.00%,100.00%,Flower Veil,,Symbiosis,,,,,,
Yes,Yes,6,"X, Y",Alternate,,,Red Flabébé,13,Shiny Stone,Yellow Florges,Florges Jaune,671,,,florges-yellow,Florges,,florges-yellow,Fairy,,,,"5,120",Fairy,,0.00%,100.00%,Flower Veil,,Symbiosis,,,,,,
Yes,Yes,6,"X, Y",Alternate,,,Red Flabébé,14,Shiny Stone,White Florges,Florges Blanche,671,,,florges-white,Florges,,florges-white,Fairy,,,,"5,120",Fairy,,0.00%,100.00%,Flower Veil,,Symbiosis,,,,,,
Yes,Yes,6,"X, Y",Alternate,,,Red Flabébé,15,Shiny Stone,Blue Florges,Florges Bleue,671,,,florges-blue,Florges,,florges-blue,Fairy,,,,"5,120",Fairy,,0.00%,100.00%,Flower Veil,,Symbiosis,,,,,,
Yes,Yes,6,"X, Y",,,,Skiddo,0,,Skiddo,Cabriolaine,672,,,skiddo,Skiddo,,skiddo,Grass,,,,"5,120",Field,,50.00%,50.00%,Sap Sipper,,Grass Pelt,,,,,,
Yes,Yes,6,"X, Y",,,,Skiddo,1,32,Gogoat,Chevroum,673,,,gogoat,Gogoat,,gogoat,Grass,,,,"5,120",Field,,50.00%,50.00%,Sap Sipper,,Grass Pelt,,,,,,
Yes,Yes,6,"X, Y",,,,Pancham,0,,Pancham,Pandespiègle,674,,,pancham,Pancham,,pancham,Fighting,,,,"6,240",Field,Human-Like,50.00%,50.00%,Iron Fist,Mold Breaker,Scrappy,,,,,,
Yes,Yes,6,"X, Y",,,,Pancham,1,32 (Dark Type in Party),Pangoro,Pandarbare,675,,,pangoro,Pangoro,,pangoro,Fighting,,Dark,,"6,240",Field,Human-Like,50.00%,50.00%,Iron Fist,Mold Breaker,Scrappy,,,,,,
Yes,Yes,6,"X, Y",,,,Furfrou,0,,Furfrou,Couafarel,676,,,furfrou,Furfrou,,furfrou,Normal,,,,"5,120",Field,,50.00%,50.00%,Fur Coat,,,,,,,,
Yes,No,6,"X, Y",Alternate,,,Furfrou,1,,Heart Furfrou,Couafarel coupe Coeur,676,,,furfrou-heart,Furfrou,,furfrou-heart,Normal,,,,"5,120",Field,,50.00%,50.00%,Fur Coat,,,,,,,,
Yes,No,6,"X, Y",Alternate,,,Furfrou,2,,Star Furfrou,Couafarel coupe Étoile,676,,,furfrou-star,Furfrou,,furfrou-star,Normal,,,,"5,120",Field,,50.00%,50.00%,Fur Coat,,,,,,,,
Yes,No,6,"X, Y",Alternate,,,Furfrou,3,,Diamond Furfrou,Couafarel coupe Diamant,676,,,furfrou-diamond,Furfrou,,furfrou-diamond,Normal,,,,"5,120",Field,,50.00%,50.00%,Fur Coat,,,,,,,,
Yes,No,6,"X, Y",Alternate,,,Furfrou,4,,Debutante Furfrou,Couafarel coupe Demoiselle,676,,,furfrou-debutante,Furfrou,,furfrou-debutante,Normal,,,,"5,120",Field,,50.00%,50.00%,Fur Coat,,,,,,,,
Yes,No,6,"X, Y",Alternate,,,Furfrou,5,,Matron Furfrou,Couafarel coupe Madame,676,,,furfrou-matron,Furfrou,,furfrou-matron,Normal,,,,"5,120",Field,,50.00%,50.00%,Fur Coat,,,,,,,,
Yes,No,6,"X, Y",Alternate,,,Furfrou,6,,Dandy Furfrou,Couafarel coupe Monsieur,676,,,furfrou-dandy,Furfrou,,furfrou-dandy,Normal,,,,"5,120",Field,,50.00%,50.00%,Fur Coat,,,,,,,,
Yes,No,6,"X, Y",Alternate,,,Furfrou,7,,La Reine Furfrou,Couafarel coupe Reine,676,,,furfrou-la-reine,Furfrou,,furfrou-la-reine,Normal,,,,"5,120",Field,,50.00%,50.00%,Fur Coat,,,,,,,,
Yes,No,6,"X, Y",Alternate,,,Furfrou,8,,Kabuki Furfrou,Couafarel coupe Kabuki,676,,,furfrou-kabuki,Furfrou,,furfrou-kabuki,Normal,,,,"5,120",Field,,50.00%,50.00%,Fur Coat,,,,,,,,
Yes,No,6,"X, Y",Alternate,,,Furfrou,9,,Pharaoh Furfrou,Couafarel coupe Pharaon,676,,,furfrou-pharaoh,Furfrou,,furfrou-pharaoh,Normal,,,,"5,120",Field,,50.00%,50.00%,Fur Coat,,,,,,,,
Yes,Yes,6,"X, Y",,,,Espurr,0,,Espurr,Psystigri,677,,,espurr,Espurr,,espurr,Pyschic,,,,"5,120",Field,,50.00%,50.00%,Keen Eye,Infiltrator,Own Tempo,,,,,,
Yes,Yes,6,"X, Y",,,,Espurr,1,25,Meowstic,Mistigrix,678,,,meowstic,Meowstic,,meowstic,Pyschic,,,,"5,120",Field,,50.00%,50.00%,Keen Eye,Infiltrator,Prankster,,,,,,
Yes,Yes,6,"X, Y",Gender,,,Espurr,2,25,Meowstic ♀,Mistigrix ♀,678,,,female/meowstic,Meowstic,,meowstic-f,Pyschic,,,,"5,120",Field,,50.00%,50.00%,Keen Eye,Infiltrator,Competitive,,,,,,
Yes,Yes,6,"X, Y",,,,Honedge,0,,Honedge,Monorpale,679,,,honedge,Honedge,,honedge,Steel,,Ghost,,"5,120",Mineral,,50.00%,50.00%,No Guard,,,,,,,,
Yes,Yes,6,"X, Y",,,,Honedge,1,35,Doublade,Dimoclès,680,,,doublade,Doublade,,doublade,Steel,,Ghost,,"5,120",Mineral,,50.00%,50.00%,No Guard,,,,,,,,
Yes,Yes,6,"X, Y",,,,Honedge,2,Dusk Stone,Aegislash,Exagide,681,,,aegislash,Aegislash,,aegislash,Steel,,Ghost,,"5,120",Mineral,,50.00%,50.00%,Stance Change,,,,,,,,
No,No,6,"X, Y",Battle,,,Honedge,3,,Blade Aegislash,Exagide forme Assaut,681,,,aegislash-blade,Aegislash,,aegislash-blade,Steel,,Ghost,,"5,120",Mineral,,50.00%,50.00%,Stance Change,,,,,,,,
Yes,Yes,6,"X, Y",,,,Spritzee,0,,Spritzee,Fluvetin,682,,,spritzee,Spritzee,,spritzee,Fairy,,,,"5,120",Fairy,,50.00%,50.00%,Healer,,Aroma Veil,,,,,,
Yes,Yes,6,"X, Y",,,,Spritzee,1,Trade (Sachet),Aromatisse,Cocotine,683,,,aromatisse,Aromatisse,,aromatisse,Fairy,,,,"5,120",Fairy,,50.00%,50.00%,Healer,,Aroma Veil,,,,,,
Yes,Yes,6,"X, Y",,,,Swirlix,0,,Swirlix,Sucroquin,684,,,swirlix,Swirlix,,swirlix,Fairy,,,,"5,120",Fairy,,50.00%,50.00%,Sweet Veil,,Unburden,,,,,,
Yes,Yes,6,"X, Y",,,,Swirlix,1,Trade (Whipped Dream),Slurpuff,Cupcanaille,685,,,slurpuff,Slurpuff,,slurpuff,Fairy,,Pyschic,,"5,120",Fairy,,50.00%,50.00%,Sweet Veil,,Unburden,,,,,,
Yes,Yes,6,"X, Y",,,,Inkay,0,,Inkay,Sepiatop,686,,,inkay,Inkay,,inkay,Dark,,Pyschic,,"5,120",Water 1,Water 2,50.00%,50.00%,Contrary,Suction Cups,Infiltrator,,,,,,
Yes,Yes,6,"X, Y",,,,Inkay,1,30 (DS Upsidedown),Malamar,Sepiatroce,687,,,malamar,Malamar,,malamar,Dark,,Pyschic,,"5,120",Water 1,Water 2,50.00%,50.00%,Contrary,Suction Cups,Infiltrator,,,,,,
Yes,Yes,6,"X, Y",,,,Binacle,0,,Binacle,Opermine,688,,,binacle,Binacle,,binacle,Rock,,Water,,"5,120",Water 3,,50.00%,50.00%,Tough Claws,Sniper,Pickpocket,,,,,,
Yes,Yes,6,"X, Y",,,,Binacle,1,39,Barbaracle,Golgopathe,689,,,barbaracle,Barbaracle,,barbaracle,Rock,,Water,,"5,120",Water 3,,50.00%,50.00%,Tough Claws,Sniper,Pickpocket,,,,,,
Yes,Yes,6,"X, Y",,,,Skrelp,0,,Skrelp,Venalgue,690,,,skrelp,Skrelp,,skrelp,Poison,,Water,,"5,120",Water 1,Dragon,50.00%,50.00%,Poison Point,Poison Touch,Adaptability,,,,,,
Yes,Yes,6,"X, Y",,,,Skrelp,1,48,Dragalge,Kravarech,691,,,dragalge,Dragalge,,dragalge,Poison,,Dragon,,"5,120",Water 1,Dragon,50.00%,50.00%,Poison Point,Poison Touch,Adaptability,,,,,,
Yes,Yes,6,"X, Y",,,,Clauncher,0,,Clauncher,Flingouste,692,,,clauncher,Clauncher,,clauncher,Water,,,,"3,840",Water 1,Water 3,50.00%,50.00%,Mega Launcher,,,,,,,,
Yes,Yes,6,"X, Y",,,,Clauncher,1,37,Clawitzer,Gamblast,693,,,clawitzer,Clawitzer,,clawitzer,Water,,,,"3,840",Water 1,Water 3,50.00%,50.00%,Mega Launcher,,,,,,,,
Yes,Yes,6,"X, Y",,,,Helioptile,0,,Helioptile,Galvaran,694,,,helioptile,Helioptile,,helioptile,Electric,,Normal,,"5,120",Monster,Dragon,50.00%,50.00%,Dry Skin,Sand Veil,Solar Power,,,,,,
Yes,Yes,6,"X, Y",,,,Helioptile,1,Sun Stone,Heliolisk,Iguolta,695,,,heliolisk,Heliolisk,,heliolisk,Electric,,Normal,,"5,120",Monster,Dragon,50.00%,50.00%,Dry Skin,Sand Veil,Solar Power,,,,,,
Yes,Yes,6,"X, Y",,,,Tyrunt,0,,Tyrunt,Ptyranidur,696,,,tyrunt,Tyrunt,,tyrunt,Rock,,Dragon,,"7,680",Monster,Dragon,88.10%,11.90%,Strong Jaw,,Sturdy,,,,,,
Yes,Yes,6,"X, Y",,,,Tyrunt,1,39 (Day),Tyrantrum,Rexillius,697,,,tyrantrum,Tyrantrum,,tyrantrum,Rock,,Dragon,,"7,680",Monster,Dragon,88.10%,11.90%,Strong Jaw,,Rock Head,,,,,,
Yes,Yes,6,"X, Y",,,,Amaura,0,,Amaura,Amagara,698,,,amaura,Amaura,,amaura,Rock,,Ice,,"7,680",Monster,,88.10%,11.90%,Refrigerate,,Snow Warning,,,,,,
Yes,Yes,6,"X, Y",,,,Amaura,1,39 (Night),Aurorus,Dragmara,699,,,aurorus,Aurorus,,aurorus,Rock,,Ice,,"7,680",Monster,,88.10%,11.90%,Refrigerate,,Snow Warning,,,,,,
Yes,Yes,6,"X, Y",,,,Eevee,2,2 (Affection),Sylveon,Nymphali,700,,,sylveon,Sylveon,,sylveon,Fairy,,,,"8,960",Field,,88.10%,11.90%,Cute Charm,,Pixilate,,,,,,
Yes,Yes,8,Pokémon Legends Arceus,,,Alpha,Eevee,3,2 (Affection),Alpha Sylveon,Baron Nymphali,700,,,sylveon,Sylveon,,sylveon-alpha,Fairy,,,,"8,960",Field,,88.10%,11.90%,Cute Charm,,Pixilate,,,,,,
Yes,Yes,6,"X, Y",,,,Hawlucha,0,,Hawlucha,Brutalibré,701,,,hawlucha,Hawlucha,,hawlucha,Fighting,,Flying,,"5,120",Human-Like,,50.00%,50.00%,Limber,Unburden,Mold Breaker,,,,,,
Yes,Yes,6,"X, Y",,,,Dedenne,0,,Dedenne,Dedenne,702,,,dedenne,Dedenne,,dedenne,Electric,,Fairy,,"5,120",Field,Fairy,50.00%,50.00%,Cheek Pouch,Pickup,Plus,,,,,,
Yes,Yes,6,"X, Y",,,,Carbink,0,,Carbink,Strassie,703,,,carbink,Carbink,,carbink,Rock,,Fairy,,"6,240",Fairy,Mineral,○,○,Clear Body,,Sturdy,,,,,,
Yes,Yes,6,"X, Y",,,,Goomy,0,,Goomy,Mucuscule,704,,,goomy,Goomy,,goomy,Dragon,,,,"10,240",Dragon,,50.00%,50.00%,Sap Sipper,Hydration,Gooey,,,,,,
Yes,Yes,8,Pokémon Legends Arceus,,,Alpha,Goomy,1,,Alpha Goomy,Baron Mucuscule,704,,,goomy,Goomy,,goomy-alpha,Dragon,,,,"10,240",Dragon,,50.00%,50.00%,Sap Sipper,Hydration,Gooey,,,,,,
Yes,Yes,6,"X, Y",,,,Goomy,2,40,Sliggoo,Colimucus,705,,,sliggoo,Sliggoo,,sliggoo,Dragon,,,,"10,240",Dragon,,50.00%,50.00%,Sap Sipper,Hydration,Gooey,,,,,,
Yes,Yes,8,Pokémon Legends Arceus,,,Alpha,Goomy,3,40,Alpha Sliggoo,Baron Colimucus,705,,,sliggoo,Sliggoo,,sliggoo-alpha,Dragon,,,,"10,240",Dragon,,50.00%,50.00%,Sap Sipper,Hydration,Gooey,,,,,,
Yes,Yes,8,Pokémon Legends Arceus,,Hisuian,,Goomy,4,40,Sliggoo-Hisui,Colimucus de Hisui,705,,,sliggoo-hisui,Sliggoo (Hisuian),,sliggoo-hisui,Steel,,Dragon,,,,,,,,,,,,,,,
Yes,Yes,8,Pokémon Legends Arceus,,Hisuian,Alpha,Goomy,5,40,Alpha Sliggoo-Hisui,Baron Colimucus de Hisui,705,,,sliggoo-hisui,Sliggoo (Hisuian),,sliggoo-hisui-alpha,Steel,,Dragon,,,,,,,,,,,,,,,
Yes,Yes,6,"X, Y",,,,Goomy,6,50 (Raining),Goodra,Muplodocus,706,,,goodra,Goodra,,goodra,Dragon,,,,"10,240",Dragon,,50.00%,50.00%,Sap Sipper,Hydration,Gooey,,,,,,
Yes,Yes,8,Pokémon Legends Arceus,,,Alpha,Goomy,7,50 (Raining),Alpha Goodra,Baron Muplodocus,706,,,goodra,Goodra,,goodra-alpha,Dragon,,,,"10,240",Dragon,,50.00%,50.00%,Sap Sipper,Hydration,Gooey,,,,,,
Yes,Yes,8,Pokémon Legends Arceus,,Hisuian,,Goomy,8,50 (Raining),Goodra-Hisui,Muplodocus de Hisui,706,,,goodra-hisui,Goodra (Hisuian),,goodra-hisui,Steel,,Dragon,,,,,,,,,,,,,,,
Yes,Yes,8,Pokémon Legends Arceus,,Hisuian,Alpha,Goomy,9,50 (Raining),Alpha Goodra-Hisui,Baron Muplodocus de Hisui,706,,,goodra-hisui,Goodra (Hisuian),,goodra-hisui-alpha,Steel,,Dragon,,,,,,,,,,,,,,,
Yes,Yes,6,"X, Y",,,,Klefki,0,,Klefki,Trousselin,707,,,klefki,Klefki,,klefki,Steel,,Fairy,,"5,120",Mineral,,50.00%,50.00%,Prankster,,Magician,,,,,,
Yes,Yes,6,"X, Y",,,,Phantump,0,,Phantump,Brocélôme,708,,,phantump,Phantump,,phantump,Ghost,,Grass,,"5,120",Grass,Amorphous,50.00%,50.00%,Natural Cure,Frisk,Harvest,,,,,,
Yes,Yes,6,"X, Y",,,,Phantump,1,Trade,Trevenant,Desséliande,709,,,trevenant,Trevenant,,trevenant,Ghost,,Grass,,"5,120",Grass,Amorphous,50.00%,50.00%,Natural Cure,Frisk,Harvest,,,,,,
Yes,Yes,6,"X, Y",,,,Pumpkaboo-Small,0,,Pumpkaboo-Small,Pumpkaboo taille Mini,710,,,pumpkaboo-small,Pumpkaboo,,pumpkaboo-small,Ghost,,Grass,,"5,120",Amorphous,,50.00%,50.00%,Pickup,Frisk,,,,,,,
Yes,Yes,6,"X, Y",Alternate,,,Pumpkaboo-Small,1,,Pumpkaboo-Average,Pumpkaboo taille Normale,710,,,pumpkaboo,Pumpkaboo,,pumpkaboo,Ghost,,Grass,,"5,120",Amorphous,,50.00%,50.00%,Pickup,Frisk,Insomnia,,,,,,
Yes,Yes,6,"X, Y",Alternate,,,Pumpkaboo-Small,2,,Pumpkaboo-Large,Pumpkaboo taille Maxi,710,,,pumpkaboo-large,Pumpkaboo,,pumpkaboo-large,Ghost,,Grass,,"5,120",Amorphous,,50.00%,50.00%,Pickup,Frisk,,,,,,,
Yes,Yes,6,"X, Y",Alternate,,,Pumpkaboo-Small,3,,Pumpkaboo-Super,Pumpkaboo taille Ultra,710,,,pumpkaboo-super,Pumpkaboo,,pumpkaboo-super,Ghost,,Grass,,"5,120",Amorphous,,50.00%,50.00%,Pickup,Frisk,Insomnia,,,,,,
Yes,Yes,6,"X, Y",,,,Pumpkaboo-Small,4,Trade,Gourgeist-Small,Gourgeist taille Mini,711,,,gourgeist-small,Gourgeist,,gourgeist-small,Ghost,,Grass,,"5,120",Amorphous,,50.00%,50.00%,Pickup,Frisk,,,,,,,
Yes,Yes,6,"X, Y",Alternate,,,Pumpkaboo-Small,5,Trade,Gourgeist-Average,Gourgeist taille Normale,711,,,gourgeist,Gourgeist,,gourgeist,Ghost,,Grass,,"5,120",Amorphous,,50.00%,50.00%,Pickup,Frisk,Insomnia,,,,,,
Yes,Yes,6,"X, Y",Alternate,,,Pumpkaboo-Small,6,Trade,Gourgeist-Large,Gourgeist taille Maxi,711,,,gourgeist-large,Gourgeist,,gourgeist-large,Ghost,,Grass,,"5,120",Amorphous,,50.00%,50.00%,Pickup,Frisk,,,,,,,
Yes,Yes,6,"X, Y",Alternate,,,Pumpkaboo-Small,7,Trade,Gourgeist-Super,Gourgeist taille Ultra,711,,,gourgeist-super,Gourgeist,,gourgeist-super,Ghost,,Grass,,"5,120",Amorphous,,50.00%,50.00%,Pickup,Frisk,Insomnia,,,,,,
Yes,Yes,6,"X, Y",,,,Bergmite,0,,Bergmite,Grelaçon,712,,,bergmite,Bergmite,,bergmite,Ice,,,,"5,120",Monster,,50.00%,50.00%,Own Tempo,Ice Body,Sturdy,,,,,,
Yes,Yes,8,Pokémon Legends Arceus,,,Alpha,Bergmite,1,,Alpha Bergmite,Baron Grelaçon,712,,,bergmite,Bergmite,,bergmite-alpha,Ice,,,,"5,120",Monster,,50.00%,50.00%,Own Tempo,Ice Body,Sturdy,,,,,,
Yes,Yes,6,"X, Y",,,,Bergmite,2,37,Avalugg,Séracrawl,713,,,avalugg,Avalugg,,avalugg,Ice,,Dragon,,"5,120",Monster,,50.00%,50.00%,Own Tempo,Ice Body,Sturdy,,,,,,
Yes,Yes,8,Pokémon Legends Arceus,,,Alpha,Bergmite,3,37,Alpha Avalugg,Baron Séracrawl,713,,,avalugg,Avalugg,,avalugg-alpha,Ice,,Dragon,,"5,120",Monster,,50.00%,50.00%,Own Tempo,Ice Body,Sturdy,,,,,,
Yes,Yes,8,Pokémon Legends Arceus,,Hisuian,,Bergmite,4,37,Avalugg-Hisui,Séracrawl de Hisui,713,,,avalugg-hisui,Avalugg (Hisuian),,avalugg-hisui,Ice,,Rock,,,,,,,,,,,,,,,
Yes,Yes,8,Pokémon Legends Arceus,,Hisuian,Alpha,Bergmite,5,37,Alpha Avalugg-Hisui,Baron Séracrawl de Hisui,713,,,avalugg-hisui,Avalugg (Hisuian),,avalugg-hisui-alpha,Ice,,Rock,,,,,,,,,,,,,,,
Yes,Yes,6,"X, Y",,,,Noibat,0,,Noibat,Sonistrelle,714,,,noibat,Noibat,,noibat,Flying,,Dragon,,"5,120",Flying,,50.00%,50.00%,Frisk,Infiltrator,Telepathy,,,,,,
Yes,Yes,6,"X, Y",,,,Noibat,1,48,Noivern,Bruyverne,715,,,noivern,Noivern,,noivern,Flying,,Dragon,,"5,120",Flying,,50.00%,50.00%,Frisk,Infiltrator,Telepathy,,,,,,
Yes,No,6,"X, Y",,,,Xerneas,0,,Xerneas,Xerneas,716,,,xerneas,Xerneas,,xerneas,Fairy,,,,"30,720",Undiscovered,,○,○,Fairy Aura,,,,,,,,
Yes,No,6,"X, Y",,,,Yveltal,0,,Yveltal,Yveltal,717,,,yveltal,Yveltal,,yveltal,Dark,,Flying,,"30,720",Undiscovered,,○,○,Dark Aura,,,,,,,,
Yes,No,6,"X, Y",,,,Zygarde,0,,Zygarde,Zygarde,718,,,zygarde,Zygarde,,zygarde,Dragon,,Ground,,"30,720",Undiscovered,,○,○,Aura Break,,,,,,,,
Yes,No,7,"Sun, Moon",Alternate,,,Zygarde,1,,Zygarde-10%,Zygarde 10%,718,,,zygarde-10,Zygarde,,zygarde-10,Dragon,,Ground,,"30,720",Undiscovered,,○,○,Aura Break,,,,,,,,
No,No,7,"Sun, Moon",Battle,,,Zygarde,2,,Zygarde-Complete,Zygarde Parfait,718,,,zygarde-complete,Zygarde,,zygarde-complete,Dragon,,Ground,,"30,720",Undiscovered,,○,○,Aura Break,,,,,,,,
Yes,No,6,"X, Y",,,,Diancie,0,,Diancie,Diancie,719,,,diancie,Diancie,,diancie,Rock,,Fairy,,"6,240",Undiscovered,,○,○,Clear Body,,,,,,,,
No,No,6,"X, Y",,,Mega,Diancie,1,,Mega Diancie,Mega Diancie,719,,,diancie-mega,Diancie,Yes,diancie-mega,Rock,,Fairy,,"6,240",Undiscovered,,○,○,Magic Bounce,,,,,,,,
Yes,No,6,"X, Y",,,,Hoopa,0,,Hoopa,Hoopa,720,,,hoopa,Hoopa,,hoopa,Pyschic,,Ghost,,"30,720",Undiscovered,,○,○,Magician,,,,,,,,
No,No,6,"X, Y",,,,Hoopa,1,,Unbound Hoopa,Hoopa Déchaîné,720,,,hoopa-unbound,Hoopa,Yes,hoopa-unbound,Pyschic,,Ghost,,"30,720",Undiscovered,,○,○,Magician,,,,,,,,
Yes,No,6,"X, Y",,,,Volcanion,0,,Volcanion,Volcanion,721,,,volcanion,Volcanion,,volcanion,Fire,,Water,,"30,720",Undiscovered,,○,○,Water Absorb,,,,,,,,
Yes,Yes,7,"Sun, Moon",,,,Rowlet,0,,Rowlet,Brindibou,722,,,rowlet,Rowlet,,rowlet,Grass,,Flying,,"3,840",Flying,,88.10%,11.90%,Overgrow,,Long Reach,,,,,,
Yes,Yes,8,Pokémon Legends Arceus,,,Alpha,Rowlet,1,,Alpha Rowlet,Baron Brindibou,722,,,rowlet,Rowlet,,rowlet-alpha,Grass,,Flying,,"3,840",Flying,,88.10%,11.90%,Overgrow,,Long Reach,,,,,,
Yes,Yes,7,"Sun, Moon",,,,Rowlet,2,17,Dartrix,Efflèche,723,,,dartrix,Dartrix,,dartrix,Grass,,Flying,,"3,840",Flying,,88.10%,11.90%,Overgrow,,Long Reach,,,,,,
Yes,Yes,8,Pokémon Legends Arceus,,,Alpha,Rowlet,3,17,Alpha Dartrix,Baron Efflèche,723,,,dartrix,Dartrix,,dartrix-alpha,Grass,,Flying,,"3,840",Flying,,88.10%,11.90%,Overgrow,,Long Reach,,,,,,
Yes,Yes,7,"Sun, Moon",,,,Rowlet,4,34,Decidueye,Archéduc,724,,,decidueye,Decidueye,,decidueye,Grass,,Ghost,,"3,840",Flying,,88.10%,11.90%,Overgrow,,Long Reach,,,,,,
Yes,Yes,8,Pokémon Legends Arceus,,,Alpha,Rowlet,5,34,Alpha Decidueye,Baron Archéduc,724,,,decidueye,Decidueye,,decidueye-alpha,Grass,,Ghost,,"3,840",Flying,,88.10%,11.90%,Overgrow,,Long Reach,,,,,,
Yes,Yes,8,Pokémon Legends Arceus,,Hisuian,,Rowlet,6,34,Decidueye-Hisui,Archéduc de Hisui,724,,,decidueye-hisui,Decidueye (Hisuian),,decidueye-hisui,Grass,,Fight,,,,,,,,,,,,,,,
Yes,Yes,8,Pokémon Legends Arceus,,Hisuian,Alpha,Rowlet,7,34,Alpha Decidueye-Hisui,Baron Archéduc de Hisui,724,,,decidueye-hisui,Decidueye (Hisuian),,decidueye-hisui-alpha,Grass,,Fight,,,,,,,,,,,,,,,
Yes,Yes,7,"Sun, Moon",,,,Litten,0,,Litten,Flamiaou,725,,,litten,Litten,,litten,Fire,,,,"3,840",Field,,88.10%,11.90%,Blaze,,Intimidate,,,,,,
Yes,Yes,7,"Sun, Moon",,,,Litten,1,17,Torracat,Matoufeu,726,,,torracat,Torracat,,torracat,Fire,,,,"3,840",Field,,88.10%,11.90%,Blaze,,Intimidate,,,,,,
Yes,Yes,7,"Sun, Moon",,,,Litten,2,34,Incineroar,Félinferno,727,,,incineroar,Incineroar,,incineroar,Fire,,Dark,,"3,840",Field,,88.10%,11.90%,Blaze,,Intimidate,,,,,,
Yes,Yes,7,"Sun, Moon",,,,Popplio,0,,Popplio,Otaquin,728,,,popplio,Popplio,,popplio,Water,,,,"3,840",Water 1,Field,88.10%,11.90%,Torrent,,Liquid Voice,,,,,,
Yes,Yes,7,"Sun, Moon",,,,Popplio,1,17,Brionne,Otarlette,729,,,brionne,Brionne,,brionne,Water,,,,"3,840",Water 1,Field,88.10%,11.90%,Torrent,,Liquid Voice,,,,,,
Yes,Yes,7,"Sun, Moon",,,,Popplio,2,34,Primarina,Oratoria,730,,,primarina,Primarina,,primarina,Water,,Fairy,,"3,840",Water 1,Field,88.10%,11.90%,Torrent,,Liquid Voice,,,,,,
Yes,Yes,7,"Sun, Moon",,,,Pikipek,0,,Pikipek,Picassaut,731,,,pikipek,Pikipek,,pikipek,Normal,,Flying,,"3,840",Flying,,50.00%,50.00%,Keen Eye,Skill Link,Pickup,,,,,,
Yes,Yes,7,"Sun, Moon",,,,Pikipek,1,14,Trumbeak,Piclairon,732,,,trumbeak,Trumbeak,,trumbeak,Normal,,Flying,,"3,840",Flying,,50.00%,50.00%,Keen Eye,Skill Link,Pickup,,,,,,
Yes,Yes,7,"Sun, Moon",,,,Pikipek,2,28,Toucannon,Bazoucan,733,,,toucannon,Toucannon,,toucannon,Normal,,Flying,,"3,840",Flying,,50.00%,50.00%,Keen Eye,Skill Link,Sheer Force,,,,,,
Yes,Yes,7,"Sun, Moon",,,,Yungoos,0,,Yungoos,Manglouton,734,,,yungoos,Yungoos,,yungoos,Normal,,,,"3,840",Field,,50.00%,50.00%,Stakeout,Strong Jaw,Adaptability,,,,,,
Yes,Yes,7,"Sun, Moon",,,,Yungoos,1,20 (Day),Gumshoos,Argouste,735,,,gumshoos,Gumshoos,,gumshoos,Normal,,,,"3,840",Field,,50.00%,50.00%,Stakeout,Strong Jaw,Adaptability,,,,,,
Yes,No,7,"Sun, Moon",,,Totem,Yungoos,2,,Totem Gumshoos,Totem Argouste,735,,,gumshoos,Gumshoos,,gumshoos-totem,Normal,,,,"3,840",Field,,50.00%,50.00%,Adaptability,,,,,,,,
Yes,Yes,7,"Sun, Moon",,,,Grubbin,0,,Grubbin,Larvibule,736,,,grubbin,Grubbin,,grubbin,Bug,,,,"3,840",Bug,,50.00%,50.00%,Swarm,,,,,,,,
Yes,Yes,7,"Sun, Moon",,,,Grubbin,1,20,Charjabug,Chrysapile,737,,,charjabug,Charjabug,,charjabug,Bug,,Electric,,"3,840",Bug,,50.00%,50.00%,Battery,,,,,,,,
Yes,Yes,7,"Sun, Moon",,,,Grubbin,2,21 (Location),Vikavolt,Lucanon,738,,,vikavolt,Vikavolt,,vikavolt,Bug,,Electric,,"3,840",Bug,,50.00%,50.00%,Levitate,,,,,,,,
Yes,No,7,"Sun, Moon",,,Totem,Grubbin,3,,Totem Vikavolt,Totem Lucanon,738,,,vikavolt,Vikavolt,,vikavolt-totem,Bug,,Electric,,"3,840",Bug,,50.00%,50.00%,Levitate,,,,,,,,
Yes,Yes,7,"Sun, Moon",,,,Crabrawler,0,,Crabrawler,Crabagarre,739,,,crabrawler,Crabrawler,,crabrawler,Fighting,,,,"5,120",Water 3,,50.00%,50.00%,Hyper Cutter,Iron Fist,Anger Point,,,,,,
Yes,Yes,7,"Sun, Moon",,,,Crabrawler,1,2 (Location),Crabominable,Crabominable,740,,,crabominable,Crabominable,,crabominable,Fighting,,Ice,,"5,120",Water 3,,50.00%,50.00%,Hyper Cutter,Iron Fist,Anger Point,,,,,,
Yes,Yes,7,"Sun, Moon",,,,Oricorio-Baile,0,,Oricorio-Baile,Plumeline style Flamenco,741,,,oricorio,Oricorio,,oricorio-baile,Fire,,Flying,,"5,120",Flying,,25.00%,75.00%,Dancer,,,,,,,,
Yes,Yes,7,"Sun, Moon",Alternate,,,Oricorio-Baile,1,,Oricorio-PomPom,Plumeline style PomPom,741,,,oricorio-pom-pom,Oricorio,,oricorio-pom-pom,Electric,,Flying,,"5,120",Flying,,25.00%,75.00%,Dancer,,,,,,,,
Yes,Yes,7,"Sun, Moon",Alternate,,,Oricorio-Baile,2,,Oricorio-Pa’u,Plumeline style Hula,741,,,oricorio-pau,Oricorio,,oricorio-pau,Pyschic,,Flying,,"5,120",Flying,,25.00%,75.00%,Dancer,,,,,,,,
Yes,Yes,7,"Sun, Moon",Alternate,,,Oricorio-Baile,3,,Oricorio-Sensu,Plumeline style Buyô,741,,,oricorio-sensu,Oricorio,,oricorio-sensu,Ghost,,Flying,,"5,120",Flying,,25.00%,75.00%,Dancer,,,,,,,,
Yes,Yes,7,"Sun, Moon",,,,Cutiefly,0,,Cutiefly,Bombydou,742,,,cutiefly,Cutiefly,,cutiefly,Bug,,Fairy,,"5,120",Bug,Fairy,50.00%,50.00%,Honey Gather,Shield Dust,Sweet Veil,,,,,,
Yes,Yes,7,"Sun, Moon",,,,Cutiefly,1,25,Ribombee,Rubombelle,743,,,ribombee,Ribombee,,ribombee,Bug,,Fairy,,"5,120",Bug,Fairy,50.00%,50.00%,Honey Gather,Shield Dust,Sweet Veil,,,,,,
Yes,No,7,"Sun, Moon",,,Totem,Cutiefly,2,,Totem Ribombee,Totem Rubombelle,743,,,ribombee,Ribombee,,ribombee-totem,Bug,,Fairy,,"5,120",Bug,Fairy,50.00%,50.00%,Sweet Veil,,,,,,,,
Yes,Yes,7,"Sun, Moon",,,,Rockruff,0,,Rockruff,Rocabot,744,,,rockruff,Rockruff,,rockruff,Rock,,,,"3,840",Field,,50.00%,50.00%,Keen Eye,Vital Spirit,Steadfast,,,,,,
Yes,Yes,7,"Sun, Moon",,,,Rockruff,1,25 (Day),Lycanroc-Midday,Lougaroc forme Diurne,745,,,lycanroc,Lycanroc,,lycanroc-midday,Rock,,,,"3,840",Field,,50.00%,50.00%,Keen Eye,Sand Rush,Steadfast,,,,,,
Yes,No,7,"Ultra Sun, Ultra Moon",Alternate,,,Rockruff,2,"25 (Dusk, Own Tempo)",Lycanroc-Dusk,Lougaroc forme Nocturne,745,,,lycanroc-dusk,Lycanroc,,lycanroc-dusk,Rock,,,,"3,840",Field,,50.00%,50.00%,Tough Claws,,Own Tempo,,,,,,
Yes,Yes,7,"Sun, Moon",Alternate,,,Rockruff,3,25 (Night),Lycanroc-Midnight,Lougaroc forme Forme Crépusculaire,745,,,lycanroc-midnight,Lycanroc,,lycanroc-midnight,Rock,,,,"3,840",Field,,50.00%,50.00%,Keen Eye,Vital Spirit,No Guard,,,,,,
Yes,Yes,7,"Sun, Moon",,,,Wishiwashi,0,,Wishiwashi,Froussardine,746,,,wishiwashi,Wishiwashi,,wishiwashi,Water,,,,"3,840",Water 2,,50.00%,50.00%,Schooling,,,,,,,,
No,No,7,"Sun, Moon",Battle,,,Wishiwashi,1,,Wishiwashi-School,Froussardine forme Banc,746,,,wishiwashi-school,Wishiwashi,,wishiwashi-school,Water,,,,"3,840",Water 2,,50.00%,50.00%,Schooling,,,,,,,,
Yes,Yes,7,"Sun, Moon",,,,Mareanie,0,,Mareanie,Vorastérie,747,,,mareanie,Mareanie,,mareanie,Poison,,Water,,"5,120",Water 1,,50.00%,50.00%,Merciless,Limber,Regenerator,,,,,,
Yes,Yes,7,"Sun, Moon",,,,Mareanie,1,38,Toxapex,Prédastérie,748,,,toxapex,Toxapex,,toxapex,Poison,,Water,,"5,120",Water 1,,50.00%,50.00%,Merciless,Limber,Regenerator,,,,,,
Yes,Yes,7,"Sun, Moon",,,,Mudbray,0,,Mudbray,Tiboudet,749,,,mudbray,Mudbray,,mudbray,Ground,,,,"5,120",Field,,50.00%,50.00%,Own Tempo,Stamina,Inner Focus,,,,,,
Yes,Yes,7,"Sun, Moon",,,,Mudbray,1,30,Mudsdale,Bourrinos,750,,,mudsdale,Mudsdale,,mudsdale,Ground,,,,"5,120",Field,,50.00%,50.00%,Own Tempo,Stamina,Inner Focus,,,,,,
Yes,Yes,7,"Sun, Moon",,,,Dewpider,0,,Dewpider,Araqua,751,,,dewpider,Dewpider,,dewpider,Water,,Bug,,"3,840",Water 1,Bug,50.00%,50.00%,Water Bubble,,Water Absorb,,,,,,
Yes,Yes,7,"Sun, Moon",,,,Dewpider,1,22,Araquanid,Tarenbulle,752,,,araquanid,Araquanid,,araquanid,Water,,Bug,,"3,840",Water 1,Bug,50.00%,50.00%,Water Bubble,,Water Absorb,,,,,,
Yes,No,7,"Sun, Moon",,,Totem,Dewpider,2,,Totem Araquanid,Totem Tarenbulle,752,,,araquanid,Araquanid,,araquanid-totem,Water,,Bug,,"3,840",Water 1,Bug,50.00%,50.00%,Water Bubble,,,,,,,,
Yes,Yes,7,"Sun, Moon",,,,Fomantis,0,,Fomantis,Mimantis,753,,,fomantis,Fomantis,,fomantis,Grass,,,,"5,120",Grass,,50.00%,50.00%,Leaf Guard,,Contrary,,,,,,
Yes,Yes,7,"Sun, Moon",,,,Fomantis,1,34 (Day),Lurantis,Floramantis,754,,,lurantis,Lurantis,,lurantis,Grass,,,,"5,120",Grass,,50.00%,50.00%,Leaf Guard,,Contrary,,,,,,
Yes,No,7,"Sun, Moon",,,Totem,Fomantis,2,,Totem Lurantis,Totem Floramantis,754,,,lurantis,Lurantis,,lurantis-totem,Grass,,,,"5,120",Grass,,50.00%,50.00%,Leaf Guard,,,,,,,,
Yes,Yes,7,"Sun, Moon",,,,Morelull,0,,Morelull,Spododo,755,,,morelull,Morelull,,morelull,Grass,,Fairy,,"5,120",Grass,,50.00%,50.00%,Illuminate,Effect Spore,Rain Dish,,,,,,
Yes,Yes,7,"Sun, Moon",,,,Morelull,1,24,Shiinotic,Lampignon,756,,,shiinotic,Shiinotic,,shiinotic,Grass,,Fairy,,"5,120",Grass,,50.00%,50.00%,Illuminate,Effect Spore,Rain Dish,,,,,,
Yes,Yes,7,"Sun, Moon",,,,Salandit,0,,Salandit,Tritox,757,,,salandit,Salandit,,salandit,Poison,,Fire,,"5,120",Monster,Dragon,88.10%,11.90%,Corrosion,,Oblivious,,,,,,
Yes,Yes,7,"Sun, Moon",,,,Salandit,1,33 (Female),Salazzle,Malamandre,758,,,salazzle,Salazzle,,salazzle,Poison,,Fire,,"5,120",Monster,Dragon,0.00%,100.00%,Corrosion,,Oblivious,,,,,,
Yes,No,7,"Sun, Moon",,,Totem,Salandit,2,,Totem Salazzle,Totem Malamandre,758,,,salazzle,Salazzle,,salazzle-totem,Poison,,Fire,,"5,120",Monster,Dragon,0.00%,100.00%,Corrosion,,,,,,,,
Yes,Yes,7,"Sun, Moon",,,,Stufful,0,,Stufful,Nounourson,759,,,stufful,Stufful,,stufful,Normal,,Fighting,,"3,840",Field,,50.00%,50.00%,Fluffy,Klutz,Cute Charm,,,,,,
Yes,Yes,7,"Sun, Moon",,,,Stufful,1,27,Bewear,Chelours,760,,,bewear,Bewear,,bewear,Normal,,Fighting,,"3,840",Field,,50.00%,50.00%,Fluffy,Klutz,Unnerve,,,,,,
Yes,Yes,7,"Sun, Moon",,,,Bounsweet,0,,Bounsweet,Croquine,761,,,bounsweet,Bounsweet,,bounsweet,Grass,,,,"5,120",Grass,,0.00%,100.00%,Leaf Guard,Oblivious,Sweet Veil,,,,,,
Yes,Yes,7,"Sun, Moon",,,,Bounsweet,1,18,Steenee,Candine,762,,,steenee,Steenee,,steenee,Grass,,,,"5,120",Grass,,0.00%,100.00%,Leaf Guard,Oblivious,Sweet Veil,,,,,,
Yes,Yes,7,"Sun, Moon",,,,Bounsweet,2,29 (Stomp),Tsareena,Sucreine,763,,,tsareena,Tsareena,,tsareena,Grass,,,,"5,120",Grass,,0.00%,100.00%,Leaf Guard,Queenly Majesty,Sweet Veil,,,,,,
Yes,Yes,7,"Sun, Moon",,,,Comfey,0,,Comfey,Guérilande,764,,,comfey,Comfey,,comfey,Fairy,,,,"5,120",Grass,,25.00%,75.00%,Flower Veil,Triage,Natural Cure,,,,,,
Yes,Yes,7,"Sun, Moon",,,,Oranguru,0,,Oranguru,Gouroutan,765,,,oranguru,Oranguru,,oranguru,Normal,,Pyschic,,"5,120",Field,,50.00%,50.00%,Inner Focus,Telepahty,Symbiosis,,,,,,
Yes,Yes,7,"Sun, Moon",,,,Passimian,0,,Passimian,Quartermac,766,,,passimian,Passimian,,passimian,Fighting,,,,"5,120",Field,,50.00%,50.00%,Receiver,,Defiant,,,,,,
Yes,Yes,7,"Sun, Moon",,,,Wimpod,0,,Wimpod,Sovkipou,767,,,wimpod,Wimpod,,wimpod,Bug,,Water,,"5,120",Bug,Water 3,50.00%,50.00%,Wimp Out,,,,,,,,
Yes,Yes,7,"Sun, Moon",,,,Wimpod,1,30,Golisopod,Sarmuraï,768,,,golisopod,Golisopod,,golisopod,Bug,,Water,,"5,120",Bug,Water 3,50.00%,50.00%,Emergency Exit,,,,,,,,
Yes,Yes,7,"Sun, Moon",,,,Sandygast,0,,Sandygast,Bacabouh,769,,,sandygast,Sandygast,,sandygast,Ghost,,Ground,,"3,840",Amorphous,,50.00%,50.00%,Water Compaction,,Sand Veil,,,,,,
Yes,Yes,7,"Sun, Moon",,,,Sandygast,1,42,Palossand,Trépassable,770,,,palossand,Palossand,,palossand,Ghost,,Ground,,"3,840",Amorphous,,50.00%,50.00%,Water Compaction,,Sand Veil,,,,,,
Yes,Yes,7,"Sun, Moon",,,,Pyukumuku,0,,Pyukumuku,Concombaffe,771,,,pyukumuku,Pyukumuku,,pyukumuku,Water,,,,"3,840",Water 1,,50.00%,50.00%,Innards Out,,Unaware,,,,,,
Yes,No,7,"Sun, Moon",,,,Type: Null,0,,Type: Null,Type:0,772,,,type-null,Type: Null,,type-null,Normal,,,,"30,720",Undiscovered,,○,○,Battle Armor,,,,,,,,
Yes,No,7,"Sun, Moon",,,,Type: Null,1,2 (Happiness),Silvally,Silvallié,773,,,silvally,Silvally,,silvally,Normal,,,,"30,720",Undiscovered,,○,○,RKS System,,,,,,,,
No,No,7,"Sun, Moon",Item,,,Type: Null,2,,Silvally-Bug,Silvallié Insect,773,,,silvally-bug,Silvally,,silvally-bug,Bug,,,,"30,720",Undiscovered,,○,○,RKS System,,,,,,,,
No,No,7,"Sun, Moon",Item,,,Type: Null,3,,Silvally-Dark,Silvallié Ténèbre,773,,,silvally-dark,Silvally,,silvally-dark,Dark,,,,"30,720",Undiscovered,,○,○,RKS System,,,,,,,,
No,No,7,"Sun, Moon",Item,,,Type: Null,4,,Silvally-Dragon,Silvallié Dragon,773,,,silvally-dragon,Silvally,,silvally-dragon,Dragon,,,,"30,720",Undiscovered,,○,○,RKS System,,,,,,,,
No,No,7,"Sun, Moon",Item,,,Type: Null,5,,Silvally-Electric,Silvallié Électrik,773,,,silvally-electric,Silvally,,silvally-electric,Electric,,,,"30,720",Undiscovered,,○,○,RKS System,,,,,,,,
No,No,7,"Sun, Moon",Item,,,Type: Null,6,,Silvally-Fairy,Silvallié Fée,773,,,silvally-fairy,Silvally,,silvally-fairy,Fairy,,,,"30,720",Undiscovered,,○,○,RKS System,,,,,,,,
No,No,7,"Sun, Moon",Item,,,Type: Null,7,,Silvally-Fighting,Silvallié Combat,773,,,silvally-fighting,Silvally,,silvally-fighting,Fighting,,,,"30,720",Undiscovered,,○,○,RKS System,,,,,,,,
No,No,7,"Sun, Moon",Item,,,Type: Null,8,,Silvally-Fire,Silvallié Feu,773,,,silvally-fire,Silvally,,silvally-fire,Fire,,,,"30,720",Undiscovered,,○,○,RKS System,,,,,,,,
No,No,7,"Sun, Moon",Item,,,Type: Null,9,,Silvally-Flying,Silvallié Vol,773,,,silvally-flying,Silvally,,silvally-flying,Flying,,,,"30,720",Undiscovered,,○,○,RKS System,,,,,,,,
No,No,7,"Sun, Moon",Item,,,Type: Null,10,,Silvally-Ghost,Silvallié Spectre,773,,,silvally-ghost,Silvally,,silvally-ghost,Ghost,,,,"30,720",Undiscovered,,○,○,RKS System,,,,,,,,
No,No,7,"Sun, Moon",Item,,,Type: Null,11,,Silvally-Grass,Silvallié Plante,773,,,silvally-grass,Silvally,,silvally-grass,Grass,,,,"30,720",Undiscovered,,○,○,RKS System,,,,,,,,
No,No,7,"Sun, Moon",Item,,,Type: Null,12,,Silvally-Ground,Silvallié Sol,773,,,silvally-ground,Silvally,,silvally-ground,Ground,,,,"30,720",Undiscovered,,○,○,RKS System,,,,,,,,
No,No,7,"Sun, Moon",Item,,,Type: Null,13,,Silvally-Ice,Silvallié Glace,773,,,silvally-ice,Silvally,,silvally-ice,Ice,,,,"30,720",Undiscovered,,○,○,RKS System,,,,,,,,
No,No,7,"Sun, Moon",Item,,,Type: Null,14,,Silvally-Poison,Silvallié Poison,773,,,silvally-poison,Silvally,,silvally-poison,Poison,,,,"30,720",Undiscovered,,○,○,RKS System,,,,,,,,
No,No,7,"Sun, Moon",Item,,,Type: Null,15,,Silvally-Psychic,Silvallié Psy,773,,,silvally-psychic,Silvally,,silvally-psychic,Pyschic,,,,"30,720",Undiscovered,,○,○,RKS System,,,,,,,,
No,No,7,"Sun, Moon",Item,,,Type: Null,16,,Silvally-Rock,Silvallié Roche,773,,,silvally-rock,Silvally,,silvally-rock,Rock,,,,"30,720",Undiscovered,,○,○,RKS System,,,,,,,,
No,No,7,"Sun, Moon",Item,,,Type: Null,17,,Silvally-Steel,Silvallié Acier,773,,,silvally-steel,Silvally,,silvally-steel,Steel,,,,"30,720",Undiscovered,,○,○,RKS System,,,,,,,,
No,No,7,"Sun, Moon",Item,,,Type: Null,18,,Silvally-Water,Silvallié Eay,773,,,silvally-water,Silvally,,silvally-water,Water,,,,"30,720",Undiscovered,,○,○,RKS System,,,,,,,,
No,No,7,"Sun, Moon",Battle,,,Minior-Meteor,0,,Minior-Meteor,Météno Météore,774,,,minior,Minior,,minior,Rock,,Flying,,"6,400",Mineral,,○,○,Shields Down,,,,,,,,
Yes,Yes,7,"Sun, Moon",,,,Minior-Meteor,1,,Minior-Green,Météno Vert,774,,,minior-green,Minior,,minior-green,Rock,,Flying,,"6,400",Mineral,,○,○,Shields Down,,,,,,,,
Yes,Yes,7,"Sun, Moon",Alternate,,,Minior-Meteor,2,,Minior-Blue,Météno Bleu,774,,,minior-blue,Minior,,minior-blue,Rock,,Flying,,"6,400",Mineral,,○,○,Shields Down,,,,,,,,
Yes,Yes,7,"Sun, Moon",Alternate,,,Minior-Meteor,3,,Minior-Indigo,Météno Indigo,774,,,minior-indigo,Minior,,minior-indigo,Rock,,Flying,,"6,400",Mineral,,○,○,Shields Down,,,,,,,,
Yes,Yes,7,"Sun, Moon",Alternate,,,Minior-Meteor,4,,Minior-Purple,Météno Violet,774,,,minior-violet,Minior,,minior-violet,Rock,,Flying,,"6,400",Mineral,,○,○,Shields Down,,,,,,,,
Yes,Yes,7,"Sun, Moon",Alternate,,,Minior-Meteor,5,,Minior-Red,Météno Rouge,774,,,minior-red,Minior,,minior-red,Rock,,Flying,,"6,400",Mineral,,○,○,Shields Down,,,,,,,,
Yes,Yes,7,"Sun, Moon",Alternate,,,Minior-Meteor,6,,Minior-Orange,Météno Orange,774,,,minior-orange,Minior,,minior-orange,Rock,,Flying,,"6,400",Mineral,,○,○,Shields Down,,,,,,,,
Yes,Yes,7,"Sun, Moon",Alternate,,,Minior-Meteor,7,,Minior-Yellow,Météno Jaune,774,,,minior-yellow,Minior,,minior-yellow,Rock,,Flying,,"6,400",Mineral,,○,○,Shields Down,,,,,,,,
Yes,Yes,7,"Sun, Moon",,,,Komala,0,,Komala,Dodoala,775,,,komala,Komala,,komala,Normal,,,,"5,120",Field,,50.00%,50.00%,Comatose,,,,,,,,
Yes,Yes,7,"Sun, Moon",,,,Turtonator,0,,Turtonator,Boumata,776,,,turtonator,Turtonator,,turtonator,Fire,,Dragon,,"5,120",Monster,Dragon,50.00%,50.00%,Shell Armor,,,,,,,,
Yes,Yes,7,"Sun, Moon",,,,Togedemaru,0,,Togedemaru,Togedemaru,777,,,togedemaru,Togedemaru,,togedemaru,Electric,,Steel,,"2,560",Field,Fairy,50.00%,50.00%,Iron Barbs,Lightning Rod,Sturdy,,,,,,
Yes,No,7,"Sun, Moon",,,Totem,Togedemaru,1,,Totem Togedemaru,Totem Togedemaru,777,,,togedemaru,Togedemaru,,togedemaru-totem,Electric,,Steel,,"2,560",Field,Fairy,50.00%,50.00%,Sturdy,,,,,,,,
Yes,Yes,7,"Sun, Moon",,,,Mimikyu,0,,Mimikyu,Mimiqui,778,,,mimikyu,Mimikyu,,mimikyu,Ghost,,Fairy,,"5,120",Amorphous,,50.00%,50.00%,Disguise,,,,,,,,
No,No,7,"Sun, Moon",Battle,,,Mimikyu,1,,Busted Mimikyu,Mimiqui démasqué,778,,,mimikyu,Mimikyu,,mimikyu-busted,Ghost,,Fairy,,"5,120",Amorphous,,50.00%,50.00%,Disguise,,,,,,,,
Yes,No,7,"Sun, Moon",,,Totem,Mimikyu,2,,Totem Mimikyu,Totem Mimiqui,778,,,mimikyu,Mimikyu,,mimikyu-totem,Ghost,,Fairy,,"5,120",Amorphous,,50.00%,50.00%,Disguise,,,,,,,,
No,No,7,"Sun, Moon",Battle,,Totem,Mimikyu,3,,Busted Totem Mimikyu,Totem Mimiqui démasqué,778,,,mimikyu,Mimikyu,,mimikyu-bustem-totem,Ghost,,Fairy,,"5,120",Amorphous,,50.00%,50.00%,Disguise,,,,,,,,
Yes,Yes,7,"Sun, Moon",,,,Bruxish,0,,Bruxish,Denticrisse,779,,,bruxish,Bruxish,,bruxish,Water,,Pyschic,,"3,840",Water 2,,50.00%,50.00%,Dazzling,Strong Jaw,Wonder Skin,,,,,,
Yes,Yes,7,"Sun, Moon",,,,Drampa,0,,Drampa,Draïeul,780,,,drampa,Drampa,,drampa,Normal,,Dragon,,"5,120",Monster,Dragon,50.00%,50.00%,Berserk,Sap Sipper,Cloud Nine,,,,,,
Yes,Yes,7,"Sun, Moon",,,,Dhelmise,0,,Dhelmise,Sinistrail,781,,,dhelmise,Dhelmise,,dhelmise,Ghost,,Grass,,"6,400",Mineral,,○,○,Steelworker,,,,,,,,
Yes,Yes,7,"Sun, Moon",,,,Jangmo-o,0,,Jangmo-o,Bébécaille,782,,,jangmo-o,Jangmo-o,,jangmo-o,Dragon,,,,"10,240",Dragon,,50.00%,50.00%,Bulletproof,Soundproof,Overcoat,,,,,,
Yes,Yes,7,"Sun, Moon",,,,Jangmo-o,1,35,Hakamo-o,Écaïd,783,,,hakamo-o,Hakamo-o,,hakamo-o,Dragon,,Fighting,,"10,240",Dragon,,50.00%,50.00%,Bulletproof,Soundproof,Overcoat,,,,,,
Yes,Yes,7,"Sun, Moon",,,,Jangmo-o,2,45,Kommo-o,Ékaïser,784,,,kommo-o,Kommo-o,,kommo-o,Dragon,,Fighting,,"10,240",Dragon,,50.00%,50.00%,Bulletproof,Soundproof,Overcoat,,,,,,
Yes,No,7,"Sun, Moon",,,Totem,Jangmo-o,3,,Totem Kommo-o,Totem Ékaïser,784,,,kommo-o,Kommo-o,,kommo-o-totem,Dragon,,Fighting,,"10,240",Dragon,,50.00%,50.00%,Overcoat,,,,,,,,
Yes,No,7,"Sun, Moon",,,,Tapu Koko,0,,Tapu Koko,Tokorico,785,,,tapu-koko,Tapu Koko,,tapu-koko,Electric,,Fairy,,"3,840",Undiscovered,,○,○,Electric Surge,,Telepathy,,,,,,
Yes,No,7,"Sun, Moon",,,,Tapu Lele,0,,Tapu Lele,Tokopiyon,786,,,tapu-lele,Tapu Lele,,tapu-lele,Pyschic,,Fairy,,"3,840",Undiscovered,,○,○,Psychic Surge,,Telepathy,,,,,,
Yes,No,7,"Sun, Moon",,,,Tapu Bulu,0,,Tapu Bulu,Tokotoro,787,,,tapu-bulu,Tapu Bulu,,tapu-bulu,Grass,,Fairy,,"3,840",Undiscovered,,○,○,Grassy Surge,,Telepathy,,,,,,
Yes,No,7,"Sun, Moon",,,,Tapu Fini,0,,Tapu Fini,Tokopisco,788,,,tapu-fini,Tapu Fini,,tapu-fini,Water,,Fairy,,"3,840",Undiscovered,,○,○,Misty Surge,,Telepathy,,,,,,
Yes,No,7,"Sun, Moon",,,,Cosmog,0,,Cosmog,Cosmog,789,,,cosmog,Cosmog,,cosmog,Pyschic,,,,"30,720",Undiscovered,,○,○,Unaware,,,,,,,,
Yes,No,7,"Sun, Moon",,,,Cosmog,1,43,Cosmoem,Cosmoem,790,,,cosmoem,Cosmoem,,cosmoem,Pyschic,,,,"30,720",Undiscovered,,○,○,Sturdy,,,,,,,,
Yes,No,7,"Sun, Moon",,,,Cosmog,2,53 (Game),Solgaleo,Solgaleo,791,,,solgaleo,Solgaleo,,solgaleo,Pyschic,,Steel,,"30,720",Undiscovered,,○,○,Full Metal Body,,,,,,,,
Yes,No,7,"Sun, Moon",,,,Cosmog,3,53 (Game),Lunala,Lunala,792,,,lunala,Lunala,,lunala,Pyschic,,Ghost,,"30,720",Undiscovered,,○,○,Shadow Shield,,,,,,,,
Yes,No,7,"Sun, Moon",,,,Nihilego,0,,Nihilego,Zéroïd,793,,,nihilego,Nihilego,,nihilego,Rock,,Poison,,"30,720",Undiscovered,,○,○,Beast Boost,,,,,,,,
Yes,No,7,"Sun, Moon",,,,Buzzwole,0,,Buzzwole,Mouscoto,794,,,buzzwole,Buzzwole,,buzzwole,Bug,,Fighting,,"30,720",Undiscovered,,○,○,Beast Boost,,,,,,,,
Yes,No,7,"Sun, Moon",,,,Pheromosa,0,,Pheromosa,Cancrelove,795,,,pheromosa,Pheromosa,,pheromosa,Bug,,Fighting,,"30,720",Undiscovered,,○,○,Beast Boost,,,,,,,,
Yes,No,7,"Sun, Moon",,,,Xurkitree,0,,Xurkitree,Câblifère,796,,,xurkitree,Xurkitree,,xurkitree,Electric,,,,"30,720",Undiscovered,,○,○,Beast Boost,,,,,,,,
Yes,No,7,"Sun, Moon",,,,Celesteela,0,,Celesteela,Bamboiselle,797,,,celesteela,Celesteela,,celesteela,Steel,,Flying,,"30,720",Undiscovered,,○,○,Beast Boost,,,,,,,,
Yes,No,7,"Sun, Moon",,,,Kartana,0,,Kartana,Katagami,798,,,kartana,Kartana,,kartana,Grass,,Steel,,"30,720",Undiscovered,,○,○,Beast Boost,,,,,,,,
Yes,No,7,"Sun, Moon",,,,Guzzlord,0,,Guzzlord,Engloutyran,799,,,guzzlord,Guzzlord,,guzzlord,Dark,,Dragon,,"30,720",Undiscovered,,○,○,Beast Boost,,,,,,,,
Yes,No,7,"Sun, Moon",,,,Necrozma,0,,Necrozma,Necrozma,800,,,necrozma,Necrozma,,necrozma,Pyschic,,,,"30,720",Undiscovered,,○,○,Prism Armor,,,,,,,,
No,No,7,"Ultra Sun, Ultra Moon",Fusion,,,Necrozma,1,,Necrozma Dusk Mane,Necrozma Crinière du Couchant,800,,,necrozma-dusk,Necrozma,,necrozma-dusk,Pyschic,,Steel,,"30,720",Undiscovered,,○,○,Prism Armor,,,,,,,,
No,No,7,"Ultra Sun, Ultra Moon",Fusion,,,Necrozma,2,,Necrozma Dawn Wings,Necrozma Ailes de l'Aurore,800,,,necrozma-dawn,Necrozma,,necrozma-dawn,Pyschic,,Ghost,,"30,720",Undiscovered,,○,○,Prism Armor,,,,,,,,
No,No,7,"Sun, Moon",Battle,,,Necrozma,3,,Necrozma Ultra,Necrozma Ultra,800,,,necrozma-ultra,Necrozma,,necrozma-ultra,Pyschic,,Dragon,,"30,720",Undiscovered,,○,○,Neuroforce,,,,,,,,
Yes,No,7,"Sun, Moon",,,,Magearna,0,,Magearna,Magearna,801,,,magearna,Magearna,,magearna,Steel,,Fairy,,"30,720",Undiscovered,,○,○,Soul-Heart,,,,,,,,
Yes,No,7,"Sun, Moon",Alternate,,,Magearna,1,,Magearna-Pokéball,Magearna Couleur du Passé,801,,,magearna-original,Magearna,,magearna-original,Steel,,Fairy,,"30,720",Undiscovered,,○,○,Soul-Heart,,,,,,,,
Yes,No,7,"Sun, Moon",,,,Marshadow,0,,Marshadow,Marshadow,802,,,marshadow,Marshadow,,marshadow,Fighting,,Ghost,,"30,720",Undiscovered,,○,○,Technician,,,,,,,,
Yes,No,7,"Ultra Sun, Ultra Moon",,,,Poipole,0,,Poipole,Vémini,803,,,poipole,Poipole,,poipole,Poison,,,,"30,720",Undiscovered,,○,○,Beast Boost,,,,,,,,
Yes,No,7,"Ultra Sun, Ultra Moon",,,,Poipole,1,2 (Dragon Pulse),Naganadel,Mandrillon,804,,,naganadel,Naganadel,,naganadel,Poison,,Dragon,,"30,720",Undiscovered,,○,○,Beast Boost,,,,,,,,
Yes,No,7,"Ultra Sun, Ultra Moon",,,,Stakataka,0,,Stakataka,Ama-Ama,805,,,stakataka,Stakataka,,stakataka,Rock,,Steel,,"30,720",Undiscovered,,○,○,Beast Boost,,,,,,,,
Yes,No,7,"Ultra Sun, Ultra Moon",,,,Blacephalon,0,,Blacephalon,Pierroteknik,806,,,blacephalon,Blacephalon,,blacephalon,Fire,,Ghost,,"30,720",Undiscovered,,○,○,Beast Boost,,,,,,,,
Yes,No,7,"Ultra Sun, Ultra Moon",,,,Zeraora,0,,Zeraora,Zeraora,807,,,zeraora,Zeraora,,zeraora,Electric,,,,"30,720",Undiscovered,,○,○,Volt Absorb,,,,,,,,
Yes,No,8,Pokemon Go,,,,Meltan,0,,Meltan,Meltan,808,,,meltan,Meltan,,meltan,Steel,,,,"30,720",Undiscovered,,○,○,Magnet Pull,,,,,,,,
Yes,No,8,Pokemon Go,,,,Meltan,1,,Melmetal,Melmetal,809,,,melmetal,Melmetal,,melmetal,Steel,,,,"30,720",Undiscovered,,○,○,Iron Fist,,,,,,,,
Yes,No,8,Pokemon Go,,,Gigantamax,Meltan,2,,Gigantamax Melmetal,Gigamax Melmetal,809,,,melmetal-gmax,Melmetal,,melmetal-gmax,Steel,,,,"30,720",Undiscovered,,○,○,Iron Fist,,,,,,,,
Yes,Yes,8,"Sword, Shield",,,,Grookey,0,,Grookey,Ouistempo,810,,,grookey,Grookey,,grookey,Grass,,,,"5,120",Field,Grass,88.15%,11.85%,Overgrow,,Grassy Surge,,,,,,
Yes,Yes,8,"Sword, Shield",,,,Grookey,1,16,Thwackey,Badabouin,811,,,thwackey,Thwackey,,thwackey,Grass,,,,"5,120",Field,Grass,88.15%,11.85%,Overgrow,,Grassy Surge,,,,,,
Yes,Yes,8,"Sword, Shield",,,,Grookey,2,35,Rillaboom,Gorythmic,812,,,rillaboom,Rillaboom,,rillaboom,Grass,,,,"5,120",Field,Grass,88.15%,11.85%,Overgrow,,Grassy Surge,,,,,,
Yes,Yes,8,"Sword, Shield",,,Gigantamax,Grookey,3,35,Gigantamax Rillaboom,Gigamax Gorythmic,812,,,rillaboom-gmax,Rillaboom,,rillaboom-gmax,Grass,,,,"5,120",Field,Grass,88.15%,11.85%,Overgrow,,Grassy Surge,,,,,,
Yes,Yes,8,"Sword, Shield",,,,Scorbunny,0,,Scorbunny,Flambino,813,,,scorbunny,Scorbunny,,scorbunny,Fire,,,,"5,120",Field,HumanLike,88.15%,11.85%,Blaze,,Libero,,,,,,
Yes,Yes,8,"Sword, Shield",,,,Scorbunny,1,16,Raboot,Lapyro,814,,,raboot,Raboot,,raboot,Fire,,,,"5,120",Field,HumanLike,88.15%,11.85%,Blaze,,Libero,,,,,,
Yes,Yes,8,"Sword, Shield",,,,Scorbunny,2,35,Cinderace,Pyrobut,815,,,cinderace,Cinderace,,cinderace,Fire,,,,"5,120",Field,HumanLike,88.15%,11.85%,Blaze,,Libero,,,,,,
Yes,Yes,8,"Sword, Shield",,,Gigantamax,Scorbunny,3,35,Gigantamax Cinderace,Gigamax Pyrobut,815,,,cinderace-gmax,Cinderace,,cinderace-gmax,Fire,,,,"5,120",Field,HumanLike,88.15%,11.85%,Blaze,,Libero,,,,,,
Yes,Yes,8,"Sword, Shield",,,,Sobble,0,,Sobble,Larméléon,816,,,sobble,Sobble,,sobble,Water,,,,"5,120",Water1,Field,88.15%,11.85%,Torrent,,Sniper,,,,,,
Yes,Yes,8,"Sword, Shield",,,,Sobble,1,16,Drizzile,Arrozard,817,,,drizzile,Drizzile,,drizzile,Water,,,,"5,120",Water1,Field,88.15%,11.85%,Torrent,,Sniper,,,,,,
Yes,Yes,8,"Sword, Shield",,,,Sobble,2,35,Inteleon,Lézargus,818,,,inteleon,Inteleon,,inteleon,Water,,,,"5,120",Water1,Field,88.15%,11.85%,Torrent,,Sniper,,,,,,
Yes,Yes,8,"Sword, Shield",,,Gigantamax,Sobble,3,35,Gigantamax Inteleon,Gigamax Lézargus,818,,,inteleon-gmax,Inteleon,,inteleon-gmax,Water,,,,"5,120",Water1,Field,88.15%,11.85%,Torrent,,Sniper,,,,,,
Yes,Yes,8,"Sword, Shield",,,,Skwovet,0,,Skwovet,Rongourmand,819,,,skwovet,Skwovet,,skwovet,Normal,,,,"5,120",Field,,50.20%,49.80%,Cheek Pouch,,Gluttony,,,,,,
Yes,Yes,8,"Sword, Shield",,,,Skwovet,1,24,Greedent,Rongrigou,820,,,greedent,Greedent,,greedent,Normal,,,,"5,120",Field,,50.20%,49.80%,Cheek Pouch,,Gluttony,,,,,,
Yes,Yes,8,"Sword, Shield",,,,Rookidee,0,,Rookidee,Minisange,821,,,rookidee,Rookidee,,rookidee,Flying,,,,"3,840",Flying,,50.20%,49.80%,Keen Eye,Unnerve,Big Pecks,,,,,,
Yes,Yes,8,"Sword, Shield",,,,Rookidee,1,18,Corvisquire,Bleuseille,822,,,corvisquire,Corvisquire,,corvisquire,Flying,,,,"3,840",Flying,,50.20%,49.80%,Keen Eye,Unnerve,Big Pecks,,,,,,
Yes,Yes,8,"Sword, Shield",,,,Rookidee,2,38,Corviknight,Corvaillus,823,,,corviknight,Corviknight,,corviknight,Flying,,Steel,,"3,840",Flying,,50.20%,49.80%,Pressure,Unnerve,Mirror Armor,,,,,,
Yes,No,8,"Sword, Shield",,,Gigantamax,Rookidee,3,,Gigantamax Corviknight,Gigamax Corvaillus,823,,,corviknight-gmax,Corviknight,,corviknight-gmax,Flying,,Steel,,"3,840",Flying,,50.20%,49.80%,Pressure,Unnerve,Mirror Armor,,,,,,
Yes,Yes,8,"Sword, Shield",,,,Blipbug,0,,Blipbug,Larvadar,824,,,blipbug,Blipbug,,blipbug,Bug,,,,"3,840",Bug,,50.20%,49.80%,Swarm,Compound Eyes,Telepathy,,,,,,
Yes,Yes,8,"Sword, Shield",,,,Blipbug,1,10,Dottler,Coléodôme,825,,,dottler,Dottler,,dottler,Bug,,Psychic,,"3,840",Bug,,50.20%,49.80%,Swarm,Compound Eyes,Telepathy,,,,,,
Yes,Yes,8,"Sword, Shield",,,,Blipbug,2,30,Orbeetle,Astronelle,826,,,orbeetle,Orbeetle,,orbeetle,Bug,,Psychic,,"3,840",Bug,,50.20%,49.80%,Swarm,Frisk,Telepathy,,,,,,
Yes,No,8,"Sword, Shield",,,Gigantamax,Blipbug,3,,Gigantamax Orbeetle,Gigamax Astronelle,826,,,orbeetle-gmax,Orbeetle,,orbeetle-gmax,Bug,,Psychic,,"3,840",Bug,,50.20%,49.80%,Swarm,Frisk,Telepathy,,,,,,
Yes,Yes,8,"Sword, Shield",,,,Nickit,0,,Nickit,Goupilou,827,,,nickit,Nickit,,nickit,Dark,,,,"3,840",Field,,50.20%,49.80%,Run Away,Unburden,Stakeout,,,,,,
Yes,Yes,8,"Sword, Shield",,,,Nickit,1,18,Thievul,Roublenard,828,,,thievul,Thievul,,thievul,Dark,,,,"3,840",Field,,50.20%,49.80%,Run Away,Unburden,Stakeout,,,,,,
Yes,Yes,8,"Sword, Shield",,,,Gossifleur,0,,Gossifleur,Tournicoton,829,,,gossifleur,Gossifleur,,gossifleur,Grass,,,,"5,120",Grass,,50.20%,49.80%,Cotton Down,Regenerator,Effect Spore,,,,,,
Yes,Yes,8,"Sword, Shield",,,,Gossifleur,1,20,Eldegoss,Blancoton,830,,,eldegoss,Eldegoss,,eldegoss,Grass,,,,"5,120",Grass,,50.20%,49.80%,Cotton Down,Regenerator,Effect Spore,,,,,,
Yes,Yes,8,"Sword, Shield",,,,Wooloo,0,,Wooloo,Moumouton,831,,,wooloo,Wooloo,,wooloo,Normal,,,,"3,840",Field,,50.20%,49.80%,Fluffy,Run Away,Bulletproof,,,,,,
Yes,Yes,8,"Sword, Shield",,,,Wooloo,1,24,Dubwool,Moumouflon,832,,,dubwool,Dubwool,,dubwool,Normal,,,,"3,840",Field,,50.20%,49.80%,Fluffy,Steadfast,Bulletproof,,,,,,
Yes,Yes,8,"Sword, Shield",,,,Chewtle,0,,Chewtle,Khélocrok,833,,,chewtle,Chewtle,,chewtle,Water,,,,"5,120",Monster,Water1,50.20%,49.80%,Strong Jaw,Shell Armor,Swift Swim,,,,,,
Yes,Yes,8,"Sword, Shield",,,,Chewtle,1,22,Drednaw,Torgamord,834,,,drednaw,Drednaw,,drednaw,Water,,Rock,,"5,120",Monster,Water1,50.20%,49.80%,Strong Jaw,Shell Armor,Swift Swim,,,,,,
Yes,No,8,"Sword, Shield",,,Gigantamax,Chewtle,2,,Gigantamax Drednaw,Gigamax Torgamord,834,,,drednaw-gmax,Drednaw,,drednaw-gmax,Water,,Rock,,"5,120",Monster,Water1,50.20%,49.80%,Strong Jaw,Shell Armor,Swift Swim,,,,,,
Yes,Yes,8,"Sword, Shield",,,,Yamper,0,,Yamper,Voltoutou,835,,,yamper,Yamper,,yamper,Electric,,,,"5,120",Field,,50.20%,49.80%,Ball Fetch,,Rattled,,,,,,
Yes,Yes,8,"Sword, Shield",,,,Yamper,1,25,Boltund,Fulgudog,836,,,boltund,Boltund,,boltund,Electric,,,,"5,120",Field,,50.20%,49.80%,Strong Jaw,,Competitive,,,,,,
Yes,Yes,8,"Sword, Shield",,,,Rolycoly,0,,Rolycoly,Charbi,837,,,rolycoly,Rolycoly,,rolycoly,Rock,,,,"3,840",Mineral,,50.20%,49.80%,Steam Engine,Heatproof,Flash Fire,,,,,,
Yes,Yes,8,"Sword, Shield",,,,Rolycoly,1,18,Carkol,Wagomine,838,,,carkol,Carkol,,carkol,Rock,,Fire,,"3,840",Mineral,,50.20%,49.80%,Steam Engine,Flame Body,Flash Fire,,,,,,
Yes,Yes,8,"Sword, Shield",,,,Rolycoly,2,34,Coalossal,Monthracite,839,,,coalossal,Coalossal,,coalossal,Rock,,Fire,,"3,840",Mineral,,50.20%,49.80%,Steam Engine,Flame Body,Flash Fire,,,,,,
Yes,No,8,"Sword, Shield",,,Gigantamax,Rolycoly,3,,Gigantamax Coalossal,Gigamax Monthracite,839,,,coalossal-gmax,Coalossal,,coalossal-gmax,Rock,,Fire,,"3,840",Mineral,,50.20%,49.80%,Steam Engine,Flame Body,Flash Fire,,,,,,
Yes,Yes,8,"Sword, Shield",,,,Applin,0,,Applin,Verpom,840,,,applin,Applin,,applin,Grass,,Dragon,,"5,120",Grass,Dragon,50.20%,49.80%,Ripen,Gluttony,Bulletproof,,,,,,
Yes,Yes,8,"Sword, Shield",,,,Applin,1,Tart Apple,Flapple,Pomdrapi,841,,,flapple,Flapple,,flapple,Grass,,Dragon,,"5,120",Grass,Dragon,50.20%,49.80%,Ripen,Gluttony,Hustle,,,,,,
Yes,No,8,"Sword, Shield",,,Gigantamax,Applin,2,,Gigantamax Flapple,Gigamax Pomdrapi,841,,,flapple-gmax,Flapple,,flapple-gmax,Grass,,Dragon,,"5,120",Grass,Dragon,50.20%,49.80%,Ripen,Gluttony,Hustle,,,,,,
Yes,Yes,8,"Sword, Shield",,,,Applin,3,Sweet Apple,Appletun,Dratatin,842,,,appletun,Appletun,,appletun,Grass,,Dragon,,"5,120",Grass,Dragon,50.20%,49.80%,Ripen,Gluttony,Thick Fat,,,,,,
Yes,No,8,"Sword, Shield",,,Gigantamax,Applin,4,,Gigantamax Appletun,Gigamax Dratatin,842,,,flapple-gmax,Appletun,,appletun-gmax,Grass,,Dragon,,"5,120",Grass,Dragon,50.20%,49.80%,Ripen,Gluttony,Hustle,,,,,,
Yes,Yes,8,"Sword, Shield",,,,Silicobra,0,,Silicobra,Dunaja,843,,,silicobra,Silicobra,,silicobra,Ground,,,,"5,120",Field,Dragon,50.20%,49.80%,Sand Spit,Shed Skin,Sand Veil,,,,,,
Yes,Yes,8,"Sword, Shield",,,,Silicobra,1,36,Sandaconda,Dunaconda,844,,,sandaconda,Sandaconda,,sandaconda,Ground,,,,"5,120",Field,Dragon,50.20%,49.80%,Sand Spit,Shed Skin,Sand Veil,,,,,,
Yes,No,8,"Sword, Shield",,,Gigantamax,Silicobra,2,,Gigantamax Sandaconda,Gigamax Dunaconda,844,,,sandaconda-gmax,Sandaconda,,sandaconda-gmax,Ground,,,,"5,120",Field,Dragon,50.20%,49.80%,Sand Spit,Shed Skin,Sand Veil,,,,,,
Yes,Yes,8,"Sword, Shield",,,,Cramorant,0,,Cramorant,Nigosier,845,,,cramorant,Cramorant,,cramorant,Flying,,Water,,"5,120",Water1,Flying,50.20%,49.80%,Gulp Missile,,,,,,,,
No,No,8,"Sword, Shield",Battle,,,Cramorant,1,,Cramorant-Gulping,Cramorant forme Gobe-Tout,845,,,cramorant-gulping,Cramorant,,cramorant-gulping,Flying,,Water,,"5,120",Water1,Flying,50.20%,49.80%,Gulp Missile,,,,,,,,
No,No,8,"Sword, Shield",Battle,,,Cramorant,2,,Cramorant-Gorging,Cramorant forme Gobe-Chu,845,,,cramorant-gorging,Cramorant,,cramorant-gorging,Flying,,Water,,"5,120",Water1,Flying,50.20%,49.80%,Gulp Missile,,,,,,,,
Yes,Yes,8,"Sword, Shield",,,,Arrokuda,0,,Arrokuda,Embrochet,846,,,arrokuda,Arrokuda,,arrokuda,Water,,,,"5,120",Water2,,50.20%,49.80%,Swift Swim,,Propeller Tail,,,,,,
Yes,Yes,8,"Sword, Shield",,,,Arrokuda,1,26,Barraskewda,Hastacuda,847,,,barraskewda,Barraskewda,,barraskewda,Water,,,,"5,120",Water2,,50.20%,49.80%,Swift Swim,,Propeller Tail,,,,,,
Yes,Yes,8,"Sword, Shield",,,,Toxel,0,,Toxel,Toxizap,848,,,toxel,Toxel,,toxel,Electric,,Poison,,"6,400",Undiscovered,,50.20%,49.80%,Rattled,Static,Klutz,,,,,,
Yes,Yes,8,"Sword, Shield",,,,Toxel,1,30 (Nature),Toxtricity-Amped,Salarsen forme aigüe,849,,,toxtricity,Toxtricity,,toxtricity-amped,Electric,,Poison,,"6,400",HumanLike,,50.20%,49.80%,Punk Rock,Plus,Technician,,,,,,
Yes,No,8,"Sword, Shield",Alternate,,,Toxel,2,30 (Nature),Toxtricity-Low-Key,Salarsen forme grave,849,,,toxtricity-low-key,Toxtricity,,toxtricity-low-key,Electric,,Poison,,"6,400",HumanLike,,50.20%,49.80%,Punk Rock,Minus,Technician,,,,,,
Yes,No,8,"Sword, Shield",,,Gigantamax,Toxel,3,,Gigantamax Toxtricity-Amped,Gigamax Salarsen forme aigüe,849,,,toxtricity-gmax,Toxtricity,,toxtricity-amped-gmax,Electric,,Poison,,"6,400",HumanLike,,50.20%,49.80%,Punk Rock,Plus,Technician,,,,,,
Yes,No,8,"Sword, Shield",Alternate,,Gigantamax,Toxel,4,,Gigantamax Toxtricity-Low-Key,Gigamax Salarsen forme grave,849,,,toxtricity-gmax,Toxtricity,,toxtricity-low-key-gmax,Electric,,Poison,,"6,400",HumanLike,,50.20%,49.80%,Punk Rock,Plus,Technician,,,,,,
Yes,Yes,8,"Sword, Shield",,,,Sizzlipede,0,,Sizzlipede,Grillepattes,850,,,sizzlipede,Sizzlipede,,sizzlipede,Fire,,Bug,,"5,120",Bug,,50.20%,49.80%,Flash Fire,White Smoke,Flame Body,,,,,,
Yes,Yes,8,"Sword, Shield",,,,Sizzlipede,1,28,Centiskorch,Scolocendre,851,,,centiskorch,Centiskorch,,centiskorch,Fire,,Bug,,"5,120",Bug,,50.20%,49.80%,Flash Fire,White Smoke,Flame Body,,,,,,
Yes,No,8,"Sword, Shield",,,Gigantamax,Sizzlipede,2,,Gigantamax Centiskorch,Gigamax Scolocendre,851,,,centiskorch-gmax,Centiskorch,,centiskorch-gmax,Fire,,Bug,,"5,120",Bug,,50.20%,49.80%,Flash Fire,White Smoke,Flame Body,,,,,,
Yes,Yes,8,"Sword, Shield",,,,Clobbopus,0,,Clobbopus,Poulpaf,852,,,clobbopus,Clobbopus,,clobbopus,Fighting,,,,"6,400",Water1,HumanLike,50.20%,49.80%,Limber,,Technician,,,,,,
Yes,Yes,8,"Sword, Shield",,,,Clobbopus,1,2 (Taunt),Grapploct,Krakos,853,,,grapploct,Grapploct,,grapploct,Fighting,,,,"6,400",Water1,HumanLike,50.20%,49.80%,Limber,,Technician,,,,,,
Yes,Yes,8,"Sword, Shield",,,,Sinistea,0,,Sinistea,Théffroi forme contrefaçon,854,,,sinistea,Sinistea,,sinistea,Ghost,,,,"5,120",Mineral,Amorphous,○,○,Weak Armor,,Cursed Body,,,,,,
Yes,No,8,"Sword, Shield",Alternate,,,Sinistea,1,,Sinistea-Antique,Théffroi forme authentique,854,,,sinistea,Sinistea,,sinistea-antique,Ghost,,,,"5,120",Mineral,Amorphous,○,○,Weak Armor,,Cursed Body,,,,,,
Yes,Yes,8,"Sword, Shield",,,,Sinistea,2,Cracked  Pot,Polteageist,Polthégeist forme contrefaçon,855,,,polteageist,Polteageist,,polteageist,Ghost,,,,"5,120",Mineral,Amorphous,○,○,Weak Armor,,Cursed Body,,,,,,
Yes,No,8,"Sword, Shield",Alternate,,,Sinistea,3,Chipped Pot,Polteageist-Antique,Polthégeist forme authentique,855,,,polteageist,Polteageist,,polteageist-antique,Ghost,,,,"5,120",Mineral,Amorphous,○,○,Weak Armor,,Cursed Body,,,,,,
Yes,Yes,8,"Sword, Shield",,,,Hatenna,0,,Hatenna,Bibichut,856,,,hatenna,Hatenna,,hatenna,Psychic,,,,"5,120",Fairy,,0.00%,100.00%,Healer,Anticipation,Magic Bounce,,,,,,
Yes,Yes,8,"Sword, Shield",,,,Hatenna,1,32,Hattrem,Chapotus,857,,,hattrem,Hattrem,,hattrem,Psychic,,,,"5,120",Fairy,,0.00%,100.00%,Healer,Anticipation,Magic Bounce,,,,,,
Yes,Yes,8,"Sword, Shield",,,,Hatenna,2,42,Hatterene,Sorcilence,858,,,hatterene,Hatterene,,hatterene,Psychic,,Fairy,,"5,120",Fairy,,0.00%,100.00%,Healer,Anticipation,Magic Bounce,,,,,,
Yes,No,8,"Sword, Shield",,,Gigantamax,Hatenna,3,,Gigantamax Hatterene,Gigamax Sorcilence,858,,,hatterene-gmax,Hatterene,,hatterene-gmax,Psychic,,Fairy,,"5,120",Fairy,,0.00%,100.00%,Healer,Anticipation,Magic Bounce,,,,,,
Yes,Yes,8,"Sword, Shield",,,,Impidimp,0,,Impidimp,Grimalin,859,,,impidimp,Impidimp,,impidimp,Dark,,Fairy,,"5,120",Fairy,HumanLike,100.00%,0.00%,Prankster,Frisk,Pickpocket,,,,,,
Yes,Yes,8,"Sword, Shield",,,,Impidimp,1,32,Morgrem,Fourbelin,860,,,morgrem,Morgrem,,morgrem,Dark,,Fairy,,"5,120",Fairy,HumanLike,100.00%,0.00%,Prankster,Frisk,Pickpocket,,,,,,
Yes,Yes,8,"Sword, Shield",,,,Impidimp,2,42,Grimmsnarl,Angoliath,861,,,grimmsnarl,Grimmsnarl,,grimmsnarl,Dark,,Fairy,,"5,120",Fairy,HumanLike,100.00%,0.00%,Prankster,Frisk,Pickpocket,,,,,,
Yes,No,8,"Sword, Shield",,,Gigantamax,Impidimp,3,,Gigantamax Grimmsnarl,Gigamax Angoliath,861,,,grimmsnarl-gmax,Grimmsnarl,,grimmsnarl-gmax,Dark,,Fairy,,"5,120",Fairy,HumanLike,100.00%,0.00%,Prankster,Frisk,Pickpocket,,,,,,
Yes,Yes,8,"Sword, Shield",,,,Zigzagoon,4,35 (Night),Obstagoon,Ixon,862,,,obstagoon,Obstagoon,,obstagoon,Dark,,Normal,,"3,840",Field,,50.20%,49.80%,Reckless,Guts,Defiant,,,,,,
Yes,Yes,8,"Sword, Shield",,,,Meowth,5,28,Perrserker,Berserkatt,863,,,perrserker,Perrserker,,perrserker,Steel,,,,"5,120",Field,,50.20%,49.80%,Battle Armor,Tough Claws,Steely Spirit,,,,,,
Yes,Yes,8,"Sword, Shield",,,,Corsola,6,38,Cursola,Corayôme,864,,,cursola,Cursola,,cursola,Ghost,,,,"5,120",Water1,Water3,24.90%,75.10%,Weak Armor,,Perish Body,,,,,,
Yes,Yes,8,"Sword, Shield",,,,Farfetch'd,7,2 (3 Crits 1 battle),Sirfetch'd,Palarticho,865,,,sirfetchd,Sirfetch'd,,sirfetchd,Fighting,,,,"5,120",Flying,Field,50.20%,49.80%,Steadfast,,Scrappy,,,,,,
Yes,Yes,8,"Sword, Shield",,,,Mr. Mime,8,42,Mr. Rime,M. Glaquette,866,,,mr-rime,Mr. Rime,,mr-rime,Ice,,Psychic,,"6,400",HumanLike,,50.20%,49.80%,Tangled Feet,Screen Cleaner,Ice Body,,,,,,
Yes,Yes,8,"Sword, Shield",,,,Yamask,9,2 (49+ Dmg in area),Runerigus,Tutétékri,867,,,runerigus,Runerigus,,runerigus,Ground,,Ghost,,"6,400",Mineral,Amorphous,50.20%,49.80%,Wandering Spirit,,,,,,,,
Yes,Yes,8,"Sword, Shield",,,,Milcery,0,,Milcery,Crèmy,868,,,milcery,Milcery,,milcery,Fairy,,,,"5,120",Fairy,Amorphous,0.00%,100.00%,Sweet Veil,,Aroma Veil,,,,,,
Yes,Yes,8,"Sword, Shield",,,,Milcery,1,2 (Sweet item + Spin),Alcremie-Vanilla-Cream-Strawberry,Charmilly lait Vanille Fraise en sucre,869,,,alcremie,Alcremie,,alcremie-vanilla-cream-strawberry,Fairy,,,,"5,120",Fairy,Amorphous,0.00%,100.00%,Sweet Veil,,Aroma Veil,,,,,,
Yes,No,8,"Sword, Shield",Alternate,,,Milcery,2,3 (Sweet item + Spin),Alcremie-Vanilla-Cream-Berry,Charmilly lait Vanille Baie en sucre,869,,,alcremie-vanilla-cream-berry,Alcremie,,alcremie-vanilla-cream-berry,Fairy,,,,"5,120",Fairy,Amorphous,0.00%,100.00%,Sweet Veil,,Aroma Veil,,,,,,
Yes,No,8,"Sword, Shield",Alternate,,,Milcery,3,4 (Sweet item + Spin),Alcremie-Vanilla-Cream-Love,Charmilly lait Vanille Coeur en sucre,869,,,alcremie-vanilla-cream-love,Alcremie,,alcremie-vanilla-cream-love,Fairy,,,,"5,120",Fairy,Amorphous,0.00%,100.00%,Sweet Veil,,Aroma Veil,,,,,,
Yes,No,8,"Sword, Shield",Alternate,,,Milcery,4,5 (Sweet item + Spin),Alcremie-Vanilla-Cream-Star,Charmilly lait Vanille Étoile en sucre,869,,,alcremie-vanilla-cream-star,Alcremie,,alcremie-vanilla-cream-star,Fairy,,,,"5,120",Fairy,Amorphous,0.00%,100.00%,Sweet Veil,,Aroma Veil,,,,,,
Yes,No,8,"Sword, Shield",Alternate,,,Milcery,5,6 (Sweet item + Spin),Alcremie-Vanilla-Cream-Clover,Charmilly lait Vanille Trèfle en sucre,869,,,alcremie-vanilla-cream-clover,Alcremie,,alcremie-vanilla-cream-clover,Fairy,,,,"5,120",Fairy,Amorphous,0.00%,100.00%,Sweet Veil,,Aroma Veil,,,,,,
Yes,No,8,"Sword, Shield",Alternate,,,Milcery,6,7 (Sweet item + Spin),Alcremie-Vanilla-Cream-Flower,Charmilly lait Vanille Fleur en sucre,869,,,alcremie-vanilla-cream-flower,Alcremie,,alcremie-vanilla-cream-flower,Fairy,,,,"5,120",Fairy,Amorphous,0.00%,100.00%,Sweet Veil,,Aroma Veil,,,,,,
Yes,No,8,"Sword, Shield",Alternate,,,Milcery,7,8 (Sweet item + Spin),Alcremie-Vanilla-Cream-Ribbon,Charmilly lait Vanille Ruban en sucre,869,,,alcremie-vanilla-cream-ribbon,Alcremie,,alcremie-vanilla-cream-ribbon,Fairy,,,,"5,120",Fairy,Amorphous,0.00%,100.00%,Sweet Veil,,Aroma Veil,,,,,,
Yes,No,8,"Sword, Shield",Alternate,,,Milcery,8,9 (Sweet item + Spin),Alcremie-Ruby-Cream-Strawberry,Charmilly lait Ruby Fraise en sucre,869,,,alcremie-ruby-cream-strawberry,Alcremie,,alcremie-ruby-cream-strawberry,Fairy,,,,"5,120",Fairy,Amorphous,0.00%,100.00%,Sweet Veil,,Aroma Veil,,,,,,
Yes,No,8,"Sword, Shield",Alternate,,,Milcery,9,10 (Sweet item + Spin),Alcremie-Ruby-Cream-Berry,Charmilly lait Ruby Baie en sucre,869,,,alcremie-ruby-cream-berry,Alcremie,,alcremie-ruby-cream-berry,Fairy,,,,"5,120",Fairy,Amorphous,0.00%,100.00%,Sweet Veil,,Aroma Veil,,,,,,
Yes,No,8,"Sword, Shield",Alternate,,,Milcery,10,11 (Sweet item + Spin),Alcremie-Ruby-Cream-Love,Charmilly lait Ruby Coeur en sucre,869,,,alcremie-ruby-cream-love,Alcremie,,alcremie-ruby-cream-love,Fairy,,,,"5,120",Fairy,Amorphous,0.00%,100.00%,Sweet Veil,,Aroma Veil,,,,,,
Yes,No,8,"Sword, Shield",Alternate,,,Milcery,11,12 (Sweet item + Spin),Alcremie-Ruby-Cream-Star,Charmilly lait Ruby Étoile en sucre,869,,,alcremie-ruby-cream-star,Alcremie,,alcremie-ruby-cream-star,Fairy,,,,"5,120",Fairy,Amorphous,0.00%,100.00%,Sweet Veil,,Aroma Veil,,,,,,
Yes,No,8,"Sword, Shield",Alternate,,,Milcery,12,13 (Sweet item + Spin),Alcremie-Ruby-Cream-Clover,Charmilly lait Ruby Trèfle en sucre,869,,,alcremie-ruby-cream-clover,Alcremie,,alcremie-ruby-cream-clover,Fairy,,,,"5,120",Fairy,Amorphous,0.00%,100.00%,Sweet Veil,,Aroma Veil,,,,,,
Yes,No,8,"Sword, Shield",Alternate,,,Milcery,13,14 (Sweet item + Spin),Alcremie-Ruby-Cream-Flower,Charmilly lait Ruby Fleur en sucre,869,,,alcremie-ruby-cream-flower,Alcremie,,alcremie-ruby-cream-flower,Fairy,,,,"5,120",Fairy,Amorphous,0.00%,100.00%,Sweet Veil,,Aroma Veil,,,,,,
Yes,No,8,"Sword, Shield",Alternate,,,Milcery,14,15 (Sweet item + Spin),Alcremie-Ruby-Cream-Ribbon,Charmilly lait Ruby Ruban en sucre,869,,,alcremie-ruby-cream-ribbon,Alcremie,,alcremie-ruby-cream-ribbon,Fairy,,,,"5,120",Fairy,Amorphous,0.00%,100.00%,Sweet Veil,,Aroma Veil,,,,,,
Yes,No,8,"Sword, Shield",Alternate,,,Milcery,15,16 (Sweet item + Spin),Alcremie-Matcha-Cream-Strawberry,Charmilly lait Matcha Fraise en sucre,869,,,alcremie-matcha-cream-strawberry,Alcremie,,alcremie-matcha-cream-strawberry,Fairy,,,,"5,120",Fairy,Amorphous,0.00%,100.00%,Sweet Veil,,Aroma Veil,,,,,,
Yes,No,8,"Sword, Shield",Alternate,,,Milcery,16,17 (Sweet item + Spin),Alcremie-Matcha-Cream-Berry,Charmilly lait Matcha Baie en sucre,869,,,alcremie-matcha-cream-berry,Alcremie,,alcremie-matcha-cream-berry,Fairy,,,,"5,120",Fairy,Amorphous,0.00%,100.00%,Sweet Veil,,Aroma Veil,,,,,,
Yes,No,8,"Sword, Shield",Alternate,,,Milcery,17,18 (Sweet item + Spin),Alcremie-Matcha-Cream-Love,Charmilly lait Matcha Coeur en sucre,869,,,alcremie-matcha-cream-love,Alcremie,,alcremie-matcha-cream-love,Fairy,,,,"5,120",Fairy,Amorphous,0.00%,100.00%,Sweet Veil,,Aroma Veil,,,,,,
Yes,No,8,"Sword, Shield",Alternate,,,Milcery,18,19 (Sweet item + Spin),Alcremie-Matcha-Cream-Star,Charmilly lait Matcha Étoile en sucre,869,,,alcremie-matcha-cream-star,Alcremie,,alcremie-matcha-cream-star,Fairy,,,,"5,120",Fairy,Amorphous,0.00%,100.00%,Sweet Veil,,Aroma Veil,,,,,,
Yes,No,8,"Sword, Shield",Alternate,,,Milcery,19,20 (Sweet item + Spin),Alcremie-Matcha-Cream-Clover,Charmilly lait Matcha Trèfle en sucre,869,,,alcremie-matcha-cream-clover,Alcremie,,alcremie-matcha-cream-clover,Fairy,,,,"5,120",Fairy,Amorphous,0.00%,100.00%,Sweet Veil,,Aroma Veil,,,,,,
Yes,No,8,"Sword, Shield",Alternate,,,Milcery,20,21 (Sweet item + Spin),Alcremie-Matcha-Cream-Flower,Charmilly lait Matcha Fleur en sucre,869,,,alcremie-matcha-cream-flower,Alcremie,,alcremie-matcha-cream-flower,Fairy,,,,"5,120",Fairy,Amorphous,0.00%,100.00%,Sweet Veil,,Aroma Veil,,,,,,
Yes,No,8,"Sword, Shield",Alternate,,,Milcery,21,22 (Sweet item + Spin),Alcremie-Matcha-Cream-Ribbon,Charmilly lait Matcha Ruban en sucre,869,,,alcremie-matcha-cream-ribbon,Alcremie,,alcremie-matcha-cream-ribbon,Fairy,,,,"5,120",Fairy,Amorphous,0.00%,100.00%,Sweet Veil,,Aroma Veil,,,,,,
Yes,No,8,"Sword, Shield",Alternate,,,Milcery,22,23 (Sweet item + Spin),Alcremie-Mint-Cream-Strawberry,Charmilly lait Menthe Fraise en sucre,869,,,alcremie-mint-cream-strawberry,Alcremie,,alcremie-mint-cream-strawberry,Fairy,,,,"5,120",Fairy,Amorphous,0.00%,100.00%,Sweet Veil,,Aroma Veil,,,,,,
Yes,No,8,"Sword, Shield",Alternate,,,Milcery,23,24 (Sweet item + Spin),Alcremie-Mint-Cream-Berry,Charmilly lait Menthe Baie en sucre,869,,,alcremie-mint-cream-berry,Alcremie,,alcremie-mint-cream-berry,Fairy,,,,"5,120",Fairy,Amorphous,0.00%,100.00%,Sweet Veil,,Aroma Veil,,,,,,
Yes,No,8,"Sword, Shield",Alternate,,,Milcery,24,25 (Sweet item + Spin),Alcremie-Mint-Cream-Love,Charmilly lait Menthe Coeur en sucre,869,,,alcremie-mint-cream-love,Alcremie,,alcremie-mint-cream-love,Fairy,,,,"5,120",Fairy,Amorphous,0.00%,100.00%,Sweet Veil,,Aroma Veil,,,,,,
Yes,No,8,"Sword, Shield",Alternate,,,Milcery,25,26 (Sweet item + Spin),Alcremie-Mint-Cream-Star,Charmilly lait Menthe Étoile en sucre,869,,,alcremie-mint-cream-star,Alcremie,,alcremie-mint-cream-star,Fairy,,,,"5,120",Fairy,Amorphous,0.00%,100.00%,Sweet Veil,,Aroma Veil,,,,,,
Yes,No,8,"Sword, Shield",Alternate,,,Milcery,26,27 (Sweet item + Spin),Alcremie-Mint-Cream-Clover,Charmilly lait Menthe Trèfle en sucre,869,,,alcremie-mint-cream-clover,Alcremie,,alcremie-mint-cream-clover,Fairy,,,,"5,120",Fairy,Amorphous,0.00%,100.00%,Sweet Veil,,Aroma Veil,,,,,,
Yes,No,8,"Sword, Shield",Alternate,,,Milcery,27,28 (Sweet item + Spin),Alcremie-Mint-Cream-Flower,Charmilly lait Menthe Fleur en sucre,869,,,alcremie-mint-cream-flower,Alcremie,,alcremie-mint-cream-flower,Fairy,,,,"5,120",Fairy,Amorphous,0.00%,100.00%,Sweet Veil,,Aroma Veil,,,,,,
Yes,No,8,"Sword, Shield",Alternate,,,Milcery,28,29 (Sweet item + Spin),Alcremie-Mint-Cream-Ribbon,Charmilly lait Menthe Ruban en sucre,869,,,alcremie-mint-cream-ribbon,Alcremie,,alcremie-mint-cream-ribbon,Fairy,,,,"5,120",Fairy,Amorphous,0.00%,100.00%,Sweet Veil,,Aroma Veil,,,,,,
Yes,No,8,"Sword, Shield",Alternate,,,Milcery,29,30 (Sweet item + Spin),Alcremie-Lemon-Cream-Strawberry,Charmilly lait Citron Fraise en sucre,869,,,alcremie-lemon-cream-strawberry,Alcremie,,alcremie-lemon-cream-strawberry,Fairy,,,,"5,120",Fairy,Amorphous,0.00%,100.00%,Sweet Veil,,Aroma Veil,,,,,,
Yes,No,8,"Sword, Shield",Alternate,,,Milcery,30,31 (Sweet item + Spin),Alcremie-Lemon-Cream-Berry,Charmilly lait Citron Baie en sucre,869,,,alcremie-lemon-cream-berry,Alcremie,,alcremie-lemon-cream-berry,Fairy,,,,"5,120",Fairy,Amorphous,0.00%,100.00%,Sweet Veil,,Aroma Veil,,,,,,
Yes,No,8,"Sword, Shield",Alternate,,,Milcery,31,32 (Sweet item + Spin),Alcremie-Lemon-Cream-Love,Charmilly lait Citron Coeur en sucre,869,,,alcremie-lemon-cream-love,Alcremie,,alcremie-lemon-cream-love,Fairy,,,,"5,120",Fairy,Amorphous,0.00%,100.00%,Sweet Veil,,Aroma Veil,,,,,,
Yes,No,8,"Sword, Shield",Alternate,,,Milcery,32,33 (Sweet item + Spin),Alcremie-Lemon-Cream-Star,Charmilly lait Citron Étoile en sucre,869,,,alcremie-lemon-cream-star,Alcremie,,alcremie-lemon-cream-star,Fairy,,,,"5,120",Fairy,Amorphous,0.00%,100.00%,Sweet Veil,,Aroma Veil,,,,,,
Yes,No,8,"Sword, Shield",Alternate,,,Milcery,33,34 (Sweet item + Spin),Alcremie-Lemon-Cream-Clover,Charmilly lait Citron Trèfle en sucre,869,,,alcremie-lemon-cream-clover,Alcremie,,alcremie-lemon-cream-clover,Fairy,,,,"5,120",Fairy,Amorphous,0.00%,100.00%,Sweet Veil,,Aroma Veil,,,,,,
Yes,No,8,"Sword, Shield",Alternate,,,Milcery,34,35 (Sweet item + Spin),Alcremie-Lemon-Cream-Flower,Charmilly lait Citron Fleur en sucre,869,,,alcremie-lemon-cream-flower,Alcremie,,alcremie-lemon-cream-flower,Fairy,,,,"5,120",Fairy,Amorphous,0.00%,100.00%,Sweet Veil,,Aroma Veil,,,,,,
Yes,No,8,"Sword, Shield",Alternate,,,Milcery,35,36 (Sweet item + Spin),Alcremie-Lemon-Cream-Ribbon,Charmilly lait Citron Ruban en sucre,869,,,alcremie-lemon-cream-ribbon,Alcremie,,alcremie-lemon-cream-ribbon,Fairy,,,,"5,120",Fairy,Amorphous,0.00%,100.00%,Sweet Veil,,Aroma Veil,,,,,,
Yes,No,8,"Sword, Shield",Alternate,,,Milcery,36,37 (Sweet item + Spin),Alcremie-Salted-Cream-Strawberry,Charmilly lait Salé Fraise en sucre,869,,,alcremie-salted-cream-strawberry,Alcremie,,alcremie-salted-cream-strawberry,Fairy,,,,"5,120",Fairy,Amorphous,0.00%,100.00%,Sweet Veil,,Aroma Veil,,,,,,
Yes,No,8,"Sword, Shield",Alternate,,,Milcery,37,38 (Sweet item + Spin),Alcremie-Salted-Cream-Berry,Charmilly lait Salé Baie en sucre,869,,,alcremie-salted-cream-berry,Alcremie,,alcremie-salted-cream-berry,Fairy,,,,"5,120",Fairy,Amorphous,0.00%,100.00%,Sweet Veil,,Aroma Veil,,,,,,
Yes,No,8,"Sword, Shield",Alternate,,,Milcery,38,39 (Sweet item + Spin),Alcremie-Salted-Cream-Love,Charmilly lait Salé Coeur en sucre,869,,,alcremie-salted-cream-love,Alcremie,,alcremie-salted-cream-love,Fairy,,,,"5,120",Fairy,Amorphous,0.00%,100.00%,Sweet Veil,,Aroma Veil,,,,,,
Yes,No,8,"Sword, Shield",Alternate,,,Milcery,39,40 (Sweet item + Spin),Alcremie-Salted-Cream-Star,Charmilly lait Salé Étoile en sucre,869,,,alcremie-salted-cream-star,Alcremie,,alcremie-salted-cream-star,Fairy,,,,"5,120",Fairy,Amorphous,0.00%,100.00%,Sweet Veil,,Aroma Veil,,,,,,
Yes,No,8,"Sword, Shield",Alternate,,,Milcery,40,41 (Sweet item + Spin),Alcremie-Salted-Cream-Clover,Charmilly lait Salé Trèfle en sucre,869,,,alcremie-salted-cream-clover,Alcremie,,alcremie-salted-cream-clover,Fairy,,,,"5,120",Fairy,Amorphous,0.00%,100.00%,Sweet Veil,,Aroma Veil,,,,,,
Yes,No,8,"Sword, Shield",Alternate,,,Milcery,41,42 (Sweet item + Spin),Alcremie-Salted-Cream-Flower,Charmilly lait Salé Fleur en sucre,869,,,alcremie-salted-cream-flower,Alcremie,,alcremie-salted-cream-flower,Fairy,,,,"5,120",Fairy,Amorphous,0.00%,100.00%,Sweet Veil,,Aroma Veil,,,,,,
Yes,No,8,"Sword, Shield",Alternate,,,Milcery,42,43 (Sweet item + Spin),Alcremie-Salted-Cream-Ribbon,Charmilly lait Salé Ruban en sucre,869,,,alcremie-salted-cream-ribbon,Alcremie,,alcremie-salted-cream-ribbon,Fairy,,,,"5,120",Fairy,Amorphous,0.00%,100.00%,Sweet Veil,,Aroma Veil,,,,,,
Yes,No,8,"Sword, Shield",Alternate,,,Milcery,43,44 (Sweet item + Spin),Alcremie-Ruby-Swirl-Strawberry,Charmilly mélange Ruby Fraise en sucre,869,,,alcremie-ruby-swirl-strawberry,Alcremie,,alcremie-ruby-swirl-strawberry,Fairy,,,,"5,120",Fairy,Amorphous,0.00%,100.00%,Sweet Veil,,Aroma Veil,,,,,,
Yes,No,8,"Sword, Shield",Alternate,,,Milcery,44,45 (Sweet item + Spin),Alcremie-Ruby-Swirl-Berry,Charmilly mélange Ruby Baie en sucre,869,,,alcremie-ruby-swirl-berry,Alcremie,,alcremie-ruby-swirl-berry,Fairy,,,,"5,120",Fairy,Amorphous,0.00%,100.00%,Sweet Veil,,Aroma Veil,,,,,,
Yes,No,8,"Sword, Shield",Alternate,,,Milcery,45,46 (Sweet item + Spin),Alcremie-Ruby-Swirl-Love,Charmilly mélange Ruby Coeur en sucre,869,,,alcremie-ruby-swirl-love,Alcremie,,alcremie-ruby-swirl-love,Fairy,,,,"5,120",Fairy,Amorphous,0.00%,100.00%,Sweet Veil,,Aroma Veil,,,,,,
Yes,No,8,"Sword, Shield",Alternate,,,Milcery,46,47 (Sweet item + Spin),Alcremie-Ruby-Swirl-Star,Charmilly mélange Ruby Étoile en sucre,869,,,alcremie-ruby-swirl-star,Alcremie,,alcremie-ruby-swirl-star,Fairy,,,,"5,120",Fairy,Amorphous,0.00%,100.00%,Sweet Veil,,Aroma Veil,,,,,,
Yes,No,8,"Sword, Shield",Alternate,,,Milcery,47,48 (Sweet item + Spin),Alcremie-Ruby-Swirl-Clover,Charmilly mélange Ruby Trèfle en sucre,869,,,alcremie-ruby-swirl-clover,Alcremie,,alcremie-ruby-swirl-clover,Fairy,,,,"5,120",Fairy,Amorphous,0.00%,100.00%,Sweet Veil,,Aroma Veil,,,,,,
Yes,No,8,"Sword, Shield",Alternate,,,Milcery,48,49 (Sweet item + Spin),Alcremie-Ruby-Swirl-Flower,Charmilly mélange Ruby Fleur en sucre,869,,,alcremie-ruby-swirl-flower,Alcremie,,alcremie-ruby-swirl-flower,Fairy,,,,"5,120",Fairy,Amorphous,0.00%,100.00%,Sweet Veil,,Aroma Veil,,,,,,
Yes,No,8,"Sword, Shield",Alternate,,,Milcery,49,50 (Sweet item + Spin),Alcremie-Ruby-Swirl-Ribbon,Charmilly mélange Ruby Ruban en sucre,869,,,alcremie-ruby-swirl-ribbon,Alcremie,,alcremie-ruby-swirl-ribbon,Fairy,,,,"5,120",Fairy,Amorphous,0.00%,100.00%,Sweet Veil,,Aroma Veil,,,,,,
Yes,No,8,"Sword, Shield",Alternate,,,Milcery,50,51 (Sweet item + Spin),Alcremie-Caramel-Swirl-Strawberry,Charmilly mélange Caramel Fraise en sucre,869,,,alcremie-caramel-swirl-strawberry,Alcremie,,alcremie-caramel-swirl-strawberry,Fairy,,,,"5,120",Fairy,Amorphous,0.00%,100.00%,Sweet Veil,,Aroma Veil,,,,,,
Yes,No,8,"Sword, Shield",Alternate,,,Milcery,51,52 (Sweet item + Spin),Alcremie-Caramel-Swirl-Berry,Charmilly mélange Caramel Baie en sucre,869,,,alcremie-caramel-swirl-berry,Alcremie,,alcremie-caramel-swirl-berry,Fairy,,,,"5,120",Fairy,Amorphous,0.00%,100.00%,Sweet Veil,,Aroma Veil,,,,,,
Yes,No,8,"Sword, Shield",Alternate,,,Milcery,52,53 (Sweet item + Spin),Alcremie-Caramel-Swirl-Love,Charmilly mélange Caramel Coeur en sucre,869,,,alcremie-caramel-swirl-love,Alcremie,,alcremie-caramel-swirl-love,Fairy,,,,"5,120",Fairy,Amorphous,0.00%,100.00%,Sweet Veil,,Aroma Veil,,,,,,
Yes,No,8,"Sword, Shield",Alternate,,,Milcery,53,54 (Sweet item + Spin),Alcremie-Caramel-Swirl-Star,Charmilly mélange Caramel Étoile en sucre,869,,,alcremie-caramel-swirl-star,Alcremie,,alcremie-caramel-swirl-star,Fairy,,,,"5,120",Fairy,Amorphous,0.00%,100.00%,Sweet Veil,,Aroma Veil,,,,,,
Yes,No,8,"Sword, Shield",Alternate,,,Milcery,54,55 (Sweet item + Spin),Alcremie-Caramel-Swirl-Clover,Charmilly mélange Caramel Trèfle en sucre,869,,,alcremie-caramel-swirl-clover,Alcremie,,alcremie-caramel-swirl-clover,Fairy,,,,"5,120",Fairy,Amorphous,0.00%,100.00%,Sweet Veil,,Aroma Veil,,,,,,
Yes,No,8,"Sword, Shield",Alternate,,,Milcery,55,56 (Sweet item + Spin),Alcremie-Caramel-Swirl-Flower,Charmilly mélange Caramel Fleur en sucre,869,,,alcremie-caramel-swirl-flower,Alcremie,,alcremie-caramel-swirl-flower,Fairy,,,,"5,120",Fairy,Amorphous,0.00%,100.00%,Sweet Veil,,Aroma Veil,,,,,,
Yes,No,8,"Sword, Shield",Alternate,,,Milcery,56,57 (Sweet item + Spin),Alcremie-Caramel-Swirl-Ribbon,Charmilly mélange Caramel Ruban en sucre,869,,,alcremie-caramel-swirl-ribbon,Alcremie,,alcremie-caramel-swirl-ribbon,Fairy,,,,"5,120",Fairy,Amorphous,0.00%,100.00%,Sweet Veil,,Aroma Veil,,,,,,
Yes,No,8,"Sword, Shield",Alternate,,,Milcery,57,58 (Sweet item + Spin),Alcremie-Rainbow-Swirl-Strawberry,Charmilly mélange Tricolore Fraise en sucre,869,,,alcremie-rainbow-swirl-strawberry,Alcremie,,alcremie-rainbow-swirl-strawberry,Fairy,,,,"5,120",Fairy,Amorphous,0.00%,100.00%,Sweet Veil,,Aroma Veil,,,,,,
Yes,No,8,"Sword, Shield",Alternate,,,Milcery,58,59 (Sweet item + Spin),Alcremie-Rainbow-Swirl-Berry,Charmilly mélange Tricolore Baie en sucre,869,,,alcremie-rainbow-swirl-berry,Alcremie,,alcremie-rainbow-swirl-berry,Fairy,,,,"5,120",Fairy,Amorphous,0.00%,100.00%,Sweet Veil,,Aroma Veil,,,,,,
Yes,No,8,"Sword, Shield",Alternate,,,Milcery,59,60 (Sweet item + Spin),Alcremie-Rainbow-Swirl-Love,Charmilly mélange Tricolore Coeur en sucre,869,,,alcremie-rainbow-swirl-love,Alcremie,,alcremie-rainbow-swirl-love,Fairy,,,,"5,120",Fairy,Amorphous,0.00%,100.00%,Sweet Veil,,Aroma Veil,,,,,,
Yes,No,8,"Sword, Shield",Alternate,,,Milcery,60,61 (Sweet item + Spin),Alcremie-Rainbow-Swirl-Star,Charmilly mélange Tricolore Étoile en sucre,869,,,alcremie-rainbow-swirl-star,Alcremie,,alcremie-rainbow-swirl-star,Fairy,,,,"5,120",Fairy,Amorphous,0.00%,100.00%,Sweet Veil,,Aroma Veil,,,,,,
Yes,No,8,"Sword, Shield",Alternate,,,Milcery,61,62 (Sweet item + Spin),Alcremie-Rainbow-Swirl-Clover,Charmilly mélange Tricolore Trèfle en sucre,869,,,alcremie-rainbow-swirl-clover,Alcremie,,alcremie-rainbow-swirl-clover,Fairy,,,,"5,120",Fairy,Amorphous,0.00%,100.00%,Sweet Veil,,Aroma Veil,,,,,,
Yes,No,8,"Sword, Shield",Alternate,,,Milcery,62,63 (Sweet item + Spin),Alcremie-Rainbow-Swirl-Flower,Charmilly mélange Tricolore Fleur en sucre,869,,,alcremie-rainbow-swirl-flower,Alcremie,,alcremie-rainbow-swirl-flower,Fairy,,,,"5,120",Fairy,Amorphous,0.00%,100.00%,Sweet Veil,,Aroma Veil,,,,,,
Yes,No,8,"Sword, Shield",Alternate,,,Milcery,63,64 (Sweet item + Spin),Alcremie-Rainbow-Swirl-Ribbon,Charmilly mélange Tricolore Ruban en sucre,869,,,alcremie-rainbow-swirl-ribbon,Alcremie,,alcremie-rainbow-swirl-ribbon,Fairy,,,,"5,120",Fairy,Amorphous,0.00%,100.00%,Sweet Veil,,Aroma Veil,,,,,,
Yes,No,8,"Sword, Shield",,,Gigantamax,Milcery,64,,Gigantamax Alcremie-Vanilla-Cream-Strawberry,Gigamax Charmilly lait Vanille Fraise en sucre,869,,,alcremie-gmax,Alcremie,,alcremie-vanilla-cream-strawberry-gmax,Fairy,,,,"5,120",Fairy,Amorphous,0.00%,100.00%,Sweet Veil,,Aroma Veil,,,,,,
Yes,No,8,"Sword, Shield",Alternate,,Gigantamax,Milcery,65,3 (Sweet item + Spin),Gigantamax Alcremie-Vanilla-Cream-Berry,Gigamax Charmilly lait Vanille Baie en sucre,869,,,alcremie-gmax,Alcremie,,alcremie-vanilla-cream-berry-gmax,Fairy,,,,"5,120",Fairy,Amorphous,0.00%,100.00%,Sweet Veil,,Aroma Veil,,,,,,
Yes,No,8,"Sword, Shield",Alternate,,Gigantamax,Milcery,66,4 (Sweet item + Spin),Gigantamax Alcremie-Vanilla-Cream-Love,Gigamax Charmilly lait Vanille Coeur en sucre,869,,,alcremie-gmax,Alcremie,,alcremie-vanilla-cream-love-gmax,Fairy,,,,"5,120",Fairy,Amorphous,0.00%,100.00%,Sweet Veil,,Aroma Veil,,,,,,
Yes,No,8,"Sword, Shield",Alternate,,Gigantamax,Milcery,67,5 (Sweet item + Spin),Gigantamax Alcremie-Vanilla-Cream-Star,Gigamax Charmilly lait Vanille Étoile en sucre,869,,,alcremie-gmax,Alcremie,,alcremie-vanilla-cream-star-gmax,Fairy,,,,"5,120",Fairy,Amorphous,0.00%,100.00%,Sweet Veil,,Aroma Veil,,,,,,
Yes,No,8,"Sword, Shield",Alternate,,Gigantamax,Milcery,68,6 (Sweet item + Spin),Gigantamax Alcremie-Vanilla-Cream-Clover,Gigamax Charmilly lait Vanille Trèfle en sucre,869,,,alcremie-gmax,Alcremie,,alcremie-vanilla-cream-clover-gmax,Fairy,,,,"5,120",Fairy,Amorphous,0.00%,100.00%,Sweet Veil,,Aroma Veil,,,,,,
Yes,No,8,"Sword, Shield",Alternate,,Gigantamax,Milcery,69,7 (Sweet item + Spin),Gigantamax Alcremie-Vanilla-Cream-Flower,Gigamax Charmilly lait Vanille Fleur en sucre,869,,,alcremie-gmax,Alcremie,,alcremie-vanilla-cream-flower-gmax,Fairy,,,,"5,120",Fairy,Amorphous,0.00%,100.00%,Sweet Veil,,Aroma Veil,,,,,,
Yes,No,8,"Sword, Shield",Alternate,,Gigantamax,Milcery,70,8 (Sweet item + Spin),Gigantamax Alcremie-Vanilla-Cream-Ribbon,Gigamax Charmilly lait Vanille Ruban en sucre,869,,,alcremie-gmax,Alcremie,,alcremie-vanilla-cream-ribbon-gmax,Fairy,,,,"5,120",Fairy,Amorphous,0.00%,100.00%,Sweet Veil,,Aroma Veil,,,,,,
Yes,No,8,"Sword, Shield",Alternate,,Gigantamax,Milcery,71,9 (Sweet item + Spin),Gigantamax Alcremie-Ruby-Cream-Strawberry,Gigamax Charmilly lait Ruby Fraise en sucre,869,,,alcremie-gmax,Alcremie,,alcremie-ruby-cream-strawberry-gmax,Fairy,,,,"5,120",Fairy,Amorphous,0.00%,100.00%,Sweet Veil,,Aroma Veil,,,,,,
Yes,No,8,"Sword, Shield",Alternate,,Gigantamax,Milcery,72,10 (Sweet item + Spin),Gigantamax Alcremie-Ruby-Cream-Berry,Gigamax Charmilly lait Ruby Baie en sucre,869,,,alcremie-gmax,Alcremie,,alcremie-ruby-cream-berry-gmax,Fairy,,,,"5,120",Fairy,Amorphous,0.00%,100.00%,Sweet Veil,,Aroma Veil,,,,,,
Yes,No,8,"Sword, Shield",Alternate,,Gigantamax,Milcery,73,11 (Sweet item + Spin),Gigantamax Alcremie-Ruby-Cream-Love,Gigamax Charmilly lait Ruby Coeur en sucre,869,,,alcremie-gmax,Alcremie,,alcremie-ruby-cream-love-gmax,Fairy,,,,"5,120",Fairy,Amorphous,0.00%,100.00%,Sweet Veil,,Aroma Veil,,,,,,
Yes,No,8,"Sword, Shield",Alternate,,Gigantamax,Milcery,74,12 (Sweet item + Spin),Gigantamax Alcremie-Ruby-Cream-Star,Gigamax Charmilly lait Ruby Étoile en sucre,869,,,alcremie-gmax,Alcremie,,alcremie-ruby-cream-star-gmax,Fairy,,,,"5,120",Fairy,Amorphous,0.00%,100.00%,Sweet Veil,,Aroma Veil,,,,,,
Yes,No,8,"Sword, Shield",Alternate,,Gigantamax,Milcery,75,13 (Sweet item + Spin),Gigantamax Alcremie-Ruby-Cream-Clover,Gigamax Charmilly lait Ruby Trèfle en sucre,869,,,alcremie-gmax,Alcremie,,alcremie-ruby-cream-clover-gmax,Fairy,,,,"5,120",Fairy,Amorphous,0.00%,100.00%,Sweet Veil,,Aroma Veil,,,,,,
Yes,No,8,"Sword, Shield",Alternate,,Gigantamax,Milcery,76,14 (Sweet item + Spin),Gigantamax Alcremie-Ruby-Cream-Flower,Gigamax Charmilly lait Ruby Fleur en sucre,869,,,alcremie-gmax,Alcremie,,alcremie-ruby-cream-flower-gmax,Fairy,,,,"5,120",Fairy,Amorphous,0.00%,100.00%,Sweet Veil,,Aroma Veil,,,,,,
Yes,No,8,"Sword, Shield",Alternate,,Gigantamax,Milcery,77,15 (Sweet item + Spin),Gigantamax Alcremie-Ruby-Cream-Ribbon,Gigamax Charmilly lait Ruby Ruban en sucre,869,,,alcremie-gmax,Alcremie,,alcremie-ruby-cream-ribbon-gmax,Fairy,,,,"5,120",Fairy,Amorphous,0.00%,100.00%,Sweet Veil,,Aroma Veil,,,,,,
Yes,No,8,"Sword, Shield",Alternate,,Gigantamax,Milcery,78,16 (Sweet item + Spin),Gigantamax Alcremie-Matcha-Cream-Strawberry,Gigamax Charmilly lait Matcha Fraise en sucre,869,,,alcremie-gmax,Alcremie,,alcremie-matcha-cream-strawberry-gmax,Fairy,,,,"5,120",Fairy,Amorphous,0.00%,100.00%,Sweet Veil,,Aroma Veil,,,,,,
Yes,No,8,"Sword, Shield",Alternate,,Gigantamax,Milcery,79,17 (Sweet item + Spin),Gigantamax Alcremie-Matcha-Cream-Berry,Gigamax Charmilly lait Matcha Baie en sucre,869,,,alcremie-gmax,Alcremie,,alcremie-matcha-cream-berry-gmax,Fairy,,,,"5,120",Fairy,Amorphous,0.00%,100.00%,Sweet Veil,,Aroma Veil,,,,,,
Yes,No,8,"Sword, Shield",Alternate,,Gigantamax,Milcery,80,18 (Sweet item + Spin),Gigantamax Alcremie-Matcha-Cream-Love,Gigamax Charmilly lait Matcha Coeur en sucre,869,,,alcremie-gmax,Alcremie,,alcremie-matcha-cream-love-gmax,Fairy,,,,"5,120",Fairy,Amorphous,0.00%,100.00%,Sweet Veil,,Aroma Veil,,,,,,
Yes,No,8,"Sword, Shield",Alternate,,Gigantamax,Milcery,81,19 (Sweet item + Spin),Gigantamax Alcremie-Matcha-Cream-Star,Gigamax Charmilly lait Matcha Étoile en sucre,869,,,alcremie-gmax,Alcremie,,alcremie-matcha-cream-star-gmax,Fairy,,,,"5,120",Fairy,Amorphous,0.00%,100.00%,Sweet Veil,,Aroma Veil,,,,,,
Yes,No,8,"Sword, Shield",Alternate,,Gigantamax,Milcery,82,20 (Sweet item + Spin),Gigantamax Alcremie-Matcha-Cream-Clover,Gigamax Charmilly lait Matcha Trèfle en sucre,869,,,alcremie-gmax,Alcremie,,alcremie-matcha-cream-clover-gmax,Fairy,,,,"5,120",Fairy,Amorphous,0.00%,100.00%,Sweet Veil,,Aroma Veil,,,,,,
Yes,No,8,"Sword, Shield",Alternate,,Gigantamax,Milcery,83,21 (Sweet item + Spin),Gigantamax Alcremie-Matcha-Cream-Flower,Gigamax Charmilly lait Matcha Fleur en sucre,869,,,alcremie-gmax,Alcremie,,alcremie-matcha-cream-flower-gmax,Fairy,,,,"5,120",Fairy,Amorphous,0.00%,100.00%,Sweet Veil,,Aroma Veil,,,,,,
Yes,No,8,"Sword, Shield",Alternate,,Gigantamax,Milcery,84,22 (Sweet item + Spin),Gigantamax Alcremie-Matcha-Cream-Ribbon,Gigamax Charmilly lait Matcha Ruban en sucre,869,,,alcremie-gmax,Alcremie,,alcremie-matcha-cream-ribbon-gmax,Fairy,,,,"5,120",Fairy,Amorphous,0.00%,100.00%,Sweet Veil,,Aroma Veil,,,,,,
Yes,No,8,"Sword, Shield",Alternate,,Gigantamax,Milcery,85,23 (Sweet item + Spin),Gigantamax Alcremie-Mint-Cream-Strawberry,Gigamax Charmilly lait Menthe Fraise en sucre,869,,,alcremie-gmax,Alcremie,,alcremie-mint-cream-strawberry-gmax,Fairy,,,,"5,120",Fairy,Amorphous,0.00%,100.00%,Sweet Veil,,Aroma Veil,,,,,,
Yes,No,8,"Sword, Shield",Alternate,,Gigantamax,Milcery,86,24 (Sweet item + Spin),Gigantamax Alcremie-Mint-Cream-Berry,Gigamax Charmilly lait Menthe Baie en sucre,869,,,alcremie-gmax,Alcremie,,alcremie-mint-cream-berry-gmax,Fairy,,,,"5,120",Fairy,Amorphous,0.00%,100.00%,Sweet Veil,,Aroma Veil,,,,,,
Yes,No,8,"Sword, Shield",Alternate,,Gigantamax,Milcery,87,25 (Sweet item + Spin),Gigantamax Alcremie-Mint-Cream-Love,Gigamax Charmilly lait Menthe Coeur en sucre,869,,,alcremie-gmax,Alcremie,,alcremie-mint-cream-love-gmax,Fairy,,,,"5,120",Fairy,Amorphous,0.00%,100.00%,Sweet Veil,,Aroma Veil,,,,,,
Yes,No,8,"Sword, Shield",Alternate,,Gigantamax,Milcery,88,26 (Sweet item + Spin),Gigantamax Alcremie-Mint-Cream-Star,Gigamax Charmilly lait Menthe Étoile en sucre,869,,,alcremie-gmax,Alcremie,,alcremie-mint-cream-star-gmax,Fairy,,,,"5,120",Fairy,Amorphous,0.00%,100.00%,Sweet Veil,,Aroma Veil,,,,,,
Yes,No,8,"Sword, Shield",Alternate,,Gigantamax,Milcery,89,27 (Sweet item + Spin),Gigantamax Alcremie-Mint-Cream-Clover,Gigamax Charmilly lait Menthe Trèfle en sucre,869,,,alcremie-gmax,Alcremie,,alcremie-mint-cream-clover-gmax,Fairy,,,,"5,120",Fairy,Amorphous,0.00%,100.00%,Sweet Veil,,Aroma Veil,,,,,,
Yes,No,8,"Sword, Shield",Alternate,,Gigantamax,Milcery,90,28 (Sweet item + Spin),Gigantamax Alcremie-Mint-Cream-Flower,Gigamax Charmilly lait Menthe Fleur en sucre,869,,,alcremie-gmax,Alcremie,,alcremie-mint-cream-flower-gmax,Fairy,,,,"5,120",Fairy,Amorphous,0.00%,100.00%,Sweet Veil,,Aroma Veil,,,,,,
Yes,No,8,"Sword, Shield",Alternate,,Gigantamax,Milcery,91,29 (Sweet item + Spin),Gigantamax Alcremie-Mint-Cream-Ribbon,Gigamax Charmilly lait Menthe Ruban en sucre,869,,,alcremie-gmax,Alcremie,,alcremie-mint-cream-ribbon-gmax,Fairy,,,,"5,120",Fairy,Amorphous,0.00%,100.00%,Sweet Veil,,Aroma Veil,,,,,,
Yes,No,8,"Sword, Shield",Alternate,,Gigantamax,Milcery,92,30 (Sweet item + Spin),Gigantamax Alcremie-Lemon-Cream-Strawberry,Gigamax Charmilly lait Citron Fraise en sucre,869,,,alcremie-gmax,Alcremie,,alcremie-lemon-cream-strawberry-gmax,Fairy,,,,"5,120",Fairy,Amorphous,0.00%,100.00%,Sweet Veil,,Aroma Veil,,,,,,
Yes,No,8,"Sword, Shield",Alternate,,Gigantamax,Milcery,93,31 (Sweet item + Spin),Gigantamax Alcremie-Lemon-Cream-Berry,Gigamax Charmilly lait Citron Baie en sucre,869,,,alcremie-gmax,Alcremie,,alcremie-lemon-cream-berry-gmax,Fairy,,,,"5,120",Fairy,Amorphous,0.00%,100.00%,Sweet Veil,,Aroma Veil,,,,,,
Yes,No,8,"Sword, Shield",Alternate,,Gigantamax,Milcery,94,32 (Sweet item + Spin),Gigantamax Alcremie-Lemon-Cream-Love,Gigamax Charmilly lait Citron Coeur en sucre,869,,,alcremie-gmax,Alcremie,,alcremie-lemon-cream-love-gmax,Fairy,,,,"5,120",Fairy,Amorphous,0.00%,100.00%,Sweet Veil,,Aroma Veil,,,,,,
Yes,No,8,"Sword, Shield",Alternate,,Gigantamax,Milcery,95,33 (Sweet item + Spin),Gigantamax Alcremie-Lemon-Cream-Star,Gigamax Charmilly lait Citron Étoile en sucre,869,,,alcremie-gmax,Alcremie,,alcremie-lemon-cream-star-gmax,Fairy,,,,"5,120",Fairy,Amorphous,0.00%,100.00%,Sweet Veil,,Aroma Veil,,,,,,
Yes,No,8,"Sword, Shield",Alternate,,Gigantamax,Milcery,96,34 (Sweet item + Spin),Gigantamax Alcremie-Lemon-Cream-Clover,Gigamax Charmilly lait Citron Trèfle en sucre,869,,,alcremie-gmax,Alcremie,,alcremie-lemon-cream-clover-gmax,Fairy,,,,"5,120",Fairy,Amorphous,0.00%,100.00%,Sweet Veil,,Aroma Veil,,,,,,
Yes,No,8,"Sword, Shield",Alternate,,Gigantamax,Milcery,97,35 (Sweet item + Spin),Gigantamax Alcremie-Lemon-Cream-Flower,Gigamax Charmilly lait Citron Fleur en sucre,869,,,alcremie-gmax,Alcremie,,alcremie-lemon-cream-flower-gmax,Fairy,,,,"5,120",Fairy,Amorphous,0.00%,100.00%,Sweet Veil,,Aroma Veil,,,,,,
Yes,No,8,"Sword, Shield",Alternate,,Gigantamax,Milcery,98,36 (Sweet item + Spin),Gigantamax Alcremie-Lemon-Cream-Ribbon,Gigamax Charmilly lait Citron Ruban en sucre,869,,,alcremie-gmax,Alcremie,,alcremie-lemon-cream-ribbon-gmax,Fairy,,,,"5,120",Fairy,Amorphous,0.00%,100.00%,Sweet Veil,,Aroma Veil,,,,,,
Yes,No,8,"Sword, Shield",Alternate,,Gigantamax,Milcery,99,37 (Sweet item + Spin),Gigantamax Alcremie-Salted-Cream-Strawberry,Gigamax Charmilly lait Salé Fraise en sucre,869,,,alcremie-gmax,Alcremie,,alcremie-salted-cream-strawberry-gmax,Fairy,,,,"5,120",Fairy,Amorphous,0.00%,100.00%,Sweet Veil,,Aroma Veil,,,,,,
Yes,No,8,"Sword, Shield",Alternate,,Gigantamax,Milcery,100,38 (Sweet item + Spin),Gigantamax Alcremie-Salted-Cream-Berry,Gigamax Charmilly lait Salé Baie en sucre,869,,,alcremie-gmax,Alcremie,,alcremie-salted-cream-berry-gmax,Fairy,,,,"5,120",Fairy,Amorphous,0.00%,100.00%,Sweet Veil,,Aroma Veil,,,,,,
Yes,No,8,"Sword, Shield",Alternate,,Gigantamax,Milcery,101,39 (Sweet item + Spin),Gigantamax Alcremie-Salted-Cream-Love,Gigamax Charmilly lait Salé Coeur en sucre,869,,,alcremie-gmax,Alcremie,,alcremie-salted-cream-love-gmax,Fairy,,,,"5,120",Fairy,Amorphous,0.00%,100.00%,Sweet Veil,,Aroma Veil,,,,,,
Yes,No,8,"Sword, Shield",Alternate,,Gigantamax,Milcery,102,40 (Sweet item + Spin),Gigantamax Alcremie-Salted-Cream-Star,Gigamax Charmilly lait Salé Étoile en sucre,869,,,alcremie-gmax,Alcremie,,alcremie-salted-cream-star-gmax,Fairy,,,,"5,120",Fairy,Amorphous,0.00%,100.00%,Sweet Veil,,Aroma Veil,,,,,,
Yes,No,8,"Sword, Shield",Alternate,,Gigantamax,Milcery,103,41 (Sweet item + Spin),Gigantamax Alcremie-Salted-Cream-Clover,Gigamax Charmilly lait Salé Trèfle en sucre,869,,,alcremie-gmax,Alcremie,,alcremie-salted-cream-clover-gmax,Fairy,,,,"5,120",Fairy,Amorphous,0.00%,100.00%,Sweet Veil,,Aroma Veil,,,,,,
Yes,No,8,"Sword, Shield",Alternate,,Gigantamax,Milcery,104,42 (Sweet item + Spin),Gigantamax Alcremie-Salted-Cream-Flower,Gigamax Charmilly lait Salé Fleur en sucre,869,,,alcremie-gmax,Alcremie,,alcremie-salted-cream-flower-gmax,Fairy,,,,"5,120",Fairy,Amorphous,0.00%,100.00%,Sweet Veil,,Aroma Veil,,,,,,
Yes,No,8,"Sword, Shield",Alternate,,Gigantamax,Milcery,105,43 (Sweet item + Spin),Gigantamax Alcremie-Salted-Cream-Ribbon,Gigamax Charmilly lait Salé Ruban en sucre,869,,,alcremie-gmax,Alcremie,,alcremie-salted-cream-ribbon-gmax,Fairy,,,,"5,120",Fairy,Amorphous,0.00%,100.00%,Sweet Veil,,Aroma Veil,,,,,,
Yes,No,8,"Sword, Shield",Alternate,,Gigantamax,Milcery,106,44 (Sweet item + Spin),Gigantamax Alcremie-Ruby-Swirl-Strawberry,Gigamax Charmilly mélange Ruby Fraise en sucre,869,,,alcremie-gmax,Alcremie,,alcremie-ruby-swirl-strawberry-gmax,Fairy,,,,"5,120",Fairy,Amorphous,0.00%,100.00%,Sweet Veil,,Aroma Veil,,,,,,
Yes,No,8,"Sword, Shield",Alternate,,Gigantamax,Milcery,107,45 (Sweet item + Spin),Gigantamax Alcremie-Ruby-Swirl-Berry,Gigamax Charmilly mélange Ruby Baie en sucre,869,,,alcremie-gmax,Alcremie,,alcremie-ruby-swirl-berry-gmax,Fairy,,,,"5,120",Fairy,Amorphous,0.00%,100.00%,Sweet Veil,,Aroma Veil,,,,,,
Yes,No,8,"Sword, Shield",Alternate,,Gigantamax,Milcery,108,46 (Sweet item + Spin),Gigantamax Alcremie-Ruby-Swirl-Love,Gigamax Charmilly mélange Ruby Coeur en sucre,869,,,alcremie-gmax,Alcremie,,alcremie-ruby-swirl-love-gmax,Fairy,,,,"5,120",Fairy,Amorphous,0.00%,100.00%,Sweet Veil,,Aroma Veil,,,,,,
Yes,No,8,"Sword, Shield",Alternate,,Gigantamax,Milcery,109,47 (Sweet item + Spin),Gigantamax Alcremie-Ruby-Swirl-Star,Gigamax Charmilly mélange Ruby Étoile en sucre,869,,,alcremie-gmax,Alcremie,,alcremie-ruby-swirl-star-gmax,Fairy,,,,"5,120",Fairy,Amorphous,0.00%,100.00%,Sweet Veil,,Aroma Veil,,,,,,
Yes,No,8,"Sword, Shield",Alternate,,Gigantamax,Milcery,110,48 (Sweet item + Spin),Gigantamax Alcremie-Ruby-Swirl-Clover,Gigamax Charmilly mélange Ruby Trèfle en sucre,869,,,alcremie-gmax,Alcremie,,alcremie-ruby-swirl-clover-gmax,Fairy,,,,"5,120",Fairy,Amorphous,0.00%,100.00%,Sweet Veil,,Aroma Veil,,,,,,
Yes,No,8,"Sword, Shield",Alternate,,Gigantamax,Milcery,111,49 (Sweet item + Spin),Gigantamax Alcremie-Ruby-Swirl-Flower,Gigamax Charmilly mélange Ruby Fleur en sucre,869,,,alcremie-gmax,Alcremie,,alcremie-ruby-swirl-flower-gmax,Fairy,,,,"5,120",Fairy,Amorphous,0.00%,100.00%,Sweet Veil,,Aroma Veil,,,,,,
Yes,No,8,"Sword, Shield",Alternate,,Gigantamax,Milcery,112,50 (Sweet item + Spin),Gigantamax Alcremie-Ruby-Swirl-Ribbon,Gigamax Charmilly mélange Ruby Ruban en sucre,869,,,alcremie-gmax,Alcremie,,alcremie-ruby-swirl-ribbon-gmax,Fairy,,,,"5,120",Fairy,Amorphous,0.00%,100.00%,Sweet Veil,,Aroma Veil,,,,,,
Yes,No,8,"Sword, Shield",Alternate,,Gigantamax,Milcery,113,51 (Sweet item + Spin),Gigantamax Alcremie-Caramel-Swirl-Strawberry,Gigamax Charmilly mélange Caramel Fraise en sucre,869,,,alcremie-gmax,Alcremie,,alcremie-caramel-swirl-strawberry-gmax,Fairy,,,,"5,120",Fairy,Amorphous,0.00%,100.00%,Sweet Veil,,Aroma Veil,,,,,,
Yes,No,8,"Sword, Shield",Alternate,,Gigantamax,Milcery,114,52 (Sweet item + Spin),Gigantamax Alcremie-Caramel-Swirl-Berry,Gigamax Charmilly mélange Caramel Baie en sucre,869,,,alcremie-gmax,Alcremie,,alcremie-caramel-swirl-berry-gmax,Fairy,,,,"5,120",Fairy,Amorphous,0.00%,100.00%,Sweet Veil,,Aroma Veil,,,,,,
Yes,No,8,"Sword, Shield",Alternate,,Gigantamax,Milcery,115,53 (Sweet item + Spin),Gigantamax Alcremie-Caramel-Swirl-Love,Gigamax Charmilly mélange Caramel Coeur en sucre,869,,,alcremie-gmax,Alcremie,,alcremie-caramel-swirl-love-gmax,Fairy,,,,"5,120",Fairy,Amorphous,0.00%,100.00%,Sweet Veil,,Aroma Veil,,,,,,
Yes,No,8,"Sword, Shield",Alternate,,Gigantamax,Milcery,116,54 (Sweet item + Spin),Gigantamax Alcremie-Caramel-Swirl-Star,Gigamax Charmilly mélange Caramel Étoile en sucre,869,,,alcremie-gmax,Alcremie,,alcremie-caramel-swirl-star-gmax,Fairy,,,,"5,120",Fairy,Amorphous,0.00%,100.00%,Sweet Veil,,Aroma Veil,,,,,,
Yes,No,8,"Sword, Shield",Alternate,,Gigantamax,Milcery,117,55 (Sweet item + Spin),Gigantamax Alcremie-Caramel-Swirl-Clover,Gigamax Charmilly mélange Caramel Trèfle en sucre,869,,,alcremie-gmax,Alcremie,,alcremie-caramel-swirl-clover-gmax,Fairy,,,,"5,120",Fairy,Amorphous,0.00%,100.00%,Sweet Veil,,Aroma Veil,,,,,,
Yes,No,8,"Sword, Shield",Alternate,,Gigantamax,Milcery,118,56 (Sweet item + Spin),Gigantamax Alcremie-Caramel-Swirl-Flower,Gigamax Charmilly mélange Caramel Fleur en sucre,869,,,alcremie-gmax,Alcremie,,alcremie-caramel-swirl-flower-gmax,Fairy,,,,"5,120",Fairy,Amorphous,0.00%,100.00%,Sweet Veil,,Aroma Veil,,,,,,
Yes,No,8,"Sword, Shield",Alternate,,Gigantamax,Milcery,119,57 (Sweet item + Spin),Gigantamax Alcremie-Caramel-Swirl-Ribbon,Gigamax Charmilly mélange Caramel Ruban en sucre,869,,,alcremie-gmax,Alcremie,,alcremie-caramel-swirl-ribbon-gmax,Fairy,,,,"5,120",Fairy,Amorphous,0.00%,100.00%,Sweet Veil,,Aroma Veil,,,,,,
Yes,No,8,"Sword, Shield",Alternate,,Gigantamax,Milcery,120,58 (Sweet item + Spin),Gigantamax Alcremie-Rainbow-Swirl-Strawberry,Gigamax Charmilly mélange Tricolore Fraise en sucre,869,,,alcremie-gmax,Alcremie,,alcremie-rainbow-swirl-strawberry-gmax,Fairy,,,,"5,120",Fairy,Amorphous,0.00%,100.00%,Sweet Veil,,Aroma Veil,,,,,,
Yes,No,8,"Sword, Shield",Alternate,,Gigantamax,Milcery,121,59 (Sweet item + Spin),Gigantamax Alcremie-Rainbow-Swirl-Berry,Gigamax Charmilly mélange Tricolore Baie en sucre,869,,,alcremie-gmax,Alcremie,,alcremie-rainbow-swirl-berry-gmax,Fairy,,,,"5,120",Fairy,Amorphous,0.00%,100.00%,Sweet Veil,,Aroma Veil,,,,,,
Yes,No,8,"Sword, Shield",Alternate,,Gigantamax,Milcery,122,60 (Sweet item + Spin),Gigantamax Alcremie-Rainbow-Swirl-Love,Gigamax Charmilly mélange Tricolore Coeur en sucre,869,,,alcremie-gmax,Alcremie,,alcremie-rainbow-swirl-love-gmax,Fairy,,,,"5,120",Fairy,Amorphous,0.00%,100.00%,Sweet Veil,,Aroma Veil,,,,,,
Yes,No,8,"Sword, Shield",Alternate,,Gigantamax,Milcery,123,61 (Sweet item + Spin),Gigantamax Alcremie-Rainbow-Swirl-Star,Gigamax Charmilly mélange Tricolore Étoile en sucre,869,,,alcremie-gmax,Alcremie,,alcremie-rainbow-swirl-star-gmax,Fairy,,,,"5,120",Fairy,Amorphous,0.00%,100.00%,Sweet Veil,,Aroma Veil,,,,,,
Yes,No,8,"Sword, Shield",Alternate,,Gigantamax,Milcery,124,62 (Sweet item + Spin),Gigantamax Alcremie-Rainbow-Swirl-Clover,Gigamax Charmilly mélange Tricolore Trèfle en sucre,869,,,alcremie-gmax,Alcremie,,alcremie-rainbow-swirl-clover-gmax,Fairy,,,,"5,120",Fairy,Amorphous,0.00%,100.00%,Sweet Veil,,Aroma Veil,,,,,,
Yes,No,8,"Sword, Shield",Alternate,,Gigantamax,Milcery,125,63 (Sweet item + Spin),Gigantamax Alcremie-Rainbow-Swirl-Flower,Gigamax Charmilly mélange Tricolore Fleur en sucre,869,,,alcremie-gmax,Alcremie,,alcremie-rainbow-swirl-flower-gmax,Fairy,,,,"5,120",Fairy,Amorphous,0.00%,100.00%,Sweet Veil,,Aroma Veil,,,,,,
Yes,No,8,"Sword, Shield",Alternate,,Gigantamax,Milcery,126,64 (Sweet item + Spin),Gigantamax Alcremie-Rainbow-Swirl-Ribbon,Gigamax Charmilly mélange Tricolore Ruban en sucre,869,,,alcremie-gmax,Alcremie,,alcremie-rainbow-swirl-ribbon-gmax,Fairy,,,,"5,120",Fairy,Amorphous,0.00%,100.00%,Sweet Veil,,Aroma Veil,,,,,,
Yes,Yes,8,"Sword, Shield",,,,Falinks,0,,Falinks,Hexadron,870,,,falinks,Falinks,,falinks,Fighting,,,,"6,400",Fairy,Mineral,○,○,Battle Armor,,Defiant,,,,,,
Yes,Yes,8,"Sword, Shield",,,,Pincurchin,0,,Pincurchin,Wattapik,871,,,pincurchin,Pincurchin,,pincurchin,Electric,,,,"5,120",Water1,Amorphous,50.20%,49.80%,Lightning Rod,,Electric Surge,,,,,,
Yes,Yes,8,"Sword, Shield",,,,Snom,0,,Snom,Frissonille,872,,,snom,Snom,,snom,Ice,,Bug,,"5,120",Bug,,50.20%,49.80%,Shield Dust,,Ice Scales,,,,,,
Yes,Yes,8,"Sword, Shield",,,,Snom,1,2 (Happiness + Night),Frosmoth,Beldeneige,873,,,frosmoth,Frosmoth,,frosmoth,Ice,,Bug,,"5,120",Bug,,50.20%,49.80%,Shield Dust,,Ice Scales,,,,,,
Yes,Yes,8,"Sword, Shield",,,,Stonjourner,0,,Stonjourner,Dolman,874,,,stonjourner,Stonjourner,,stonjourner,Rock,,,,"6,400",Mineral,,50.20%,49.80%,Power Spot,,,,,,,,
Yes,Yes,8,"Sword, Shield",,,,Eiscue,0,,Eiscue,Bekaglaçon,875,,,eiscue,Eiscue,,eiscue,Ice,,,,"6,400",Water1,Field,50.20%,49.80%,Ice Face,,,,,,,,
No,No,8,"Sword, Shield",Battle,,,Eiscue,1,,Eiscue-Noice,Bekaglaçon tête dégel,875,,,eiscue-noice,Eiscue,,eiscue-noice,Ice,,,,"6,400",Water1,Field,50.20%,49.80%,Ice Face,,,,,,,,
Yes,Yes,8,"Sword, Shield",,,,Indeedee,0,,Indeedee,Wimessir,876,,,indeedee,Indeedee,,indeedee,Psychic,,Normal,,"10,240",Fairy,,50.20%,49.80%,Inner Focus,Synchronize,Psychic Surge,,,,,,
Yes,Yes,8,"Sword, Shield",Gender,,,Indeedee,1,,Indeedee ♀,Wimessir ♀,876,,,female/indeedee,Indeedee,,indeedee-f,Psychic,,Normal,,"10,240",Fairy,,50.20%,49.80%,Own Tempo,Synchronize,Psychic Surge,,,,,,
Yes,Yes,8,"Sword, Shield",,,,Morpeko,0,,Morpeko,Morpeko,877,,,morpeko,Morpeko,,morpeko,Electric,,Dark,,"2,560",Field,Fairy,50.20%,49.80%,Hunger Switch,,,,,,,,
No,No,8,"Sword, Shield",Battle,,,Morpeko,1,,Morpeko-Hangry,Morpeko affamé,877,,,morpeko-hangry,Morpeko,,morpeko-hangry,Electric,,Dark,,"2,560",Field,Fairy,50.20%,49.80%,Hunger Switch,,,,,,,,
Yes,Yes,8,"Sword, Shield",,,,Cufant,0,,Cufant,Charibari,878,,,cufant,Cufant,,cufant,Steel,,,,"6,400",Field,Mineral,50.20%,49.80%,Sheer Force,,Heavy Metal,,,,,,
Yes,Yes,8,"Sword, Shield",,,,Cufant,1,34,Copperajah,Pachyradjah,879,,,copperajah,Copperajah,,copperajah,Steel,,,,"6,400",Field,Mineral,50.20%,49.80%,Sheer Force,,Heavy Metal,,,,,,
Yes,No,8,"Sword, Shield",,,Gigantamax,Cufant,2,,Gigantamax Copperajah,Gigamax Pachyradjah,879,,,copperajah-gmax,Copperajah,,copperajah-gmax,Steel,,,,"6,400",Field,Mineral,50.20%,49.80%,Sheer Force,,Heavy Metal,,,,,,
Yes,No,8,"Sword, Shield",,,,Dracozolt,0,,Dracozolt,Galvagon,880,,,dracozolt,Dracozolt,,dracozolt,Electric,,Dragon,,"8,960",Undiscovered,,○,○,Volt Absorb,Hustle,Sand Rush,,,,,,
Yes,No,8,"Sword, Shield",,,,Arctozolt,0,,Arctozolt,Galvagla,881,,,arctozolt,Arctozolt,,arctozolt,Electric,,Ice,,"8,960",Undiscovered,,○,○,Volt Absorb,Static,Slush Rush,,,,,,
Yes,No,8,"Sword, Shield",,,,Dracovish,0,,Dracovish,Hydragon,882,,,dracovish,Dracovish,,dracovish,Water,,Dragon,,"8,960",Undiscovered,,○,○,Water Absorb,Strong Jaw,Sand Rush,,,,,,
Yes,No,8,"Sword, Shield",,,,Arctovish,0,,Arctovish,Hydragla,883,,,arctovish,Arctovish,,arctovish,Water,,Ice,,"8,960",Undiscovered,,○,○,Water Absorb,Ice Body,Slush Rush,,,,,,
Yes,Yes,8,"Sword, Shield",,,,Duraludon,0,,Duraludon,Duralugon,884,,,duraludon,Duraludon,,duraludon,Steel,,Dragon,,"7,680",Mineral,Dragon,50.20%,49.80%,Light Metal,Heavy Metal,Stalwart,,,,,,
Yes,No,8,"Sword, Shield",,,Gigantamax,Duraludon,1,,Gigantamax Duraludon,Gigamax Duralugon,884,,,duraludon-gmax,Duraludon,,duraludon-gmax,Steel,,Dragon,,"7,680",Mineral,Dragon,50.20%,49.80%,Light Metal,Heavy Metal,Stalwart,,,,,,
Yes,Yes,8,"Sword, Shield",,,,Dreepy,0,,Dreepy,Fantyrm,885,,,dreepy,Dreepy,,dreepy,Dragon,,Ghost,,"10,240",Amorphous,Dragon,50.20%,49.80%,Clear Body,Infiltrator,Cursed Body,,,,,,
Yes,Yes,8,"Sword, Shield",,,,Dreepy,1,50,Drakloak,Dispareptil,886,,,drakloak,Drakloak,,drakloak,Dragon,,Ghost,,"10,240",Amorphous,Dragon,50.20%,49.80%,Clear Body,Infiltrator,Cursed Body,,,,,,
Yes,Yes,8,"Sword, Shield",,,,Dreepy,2,60,Dragapult,Lanssorien,887,,,dragapult,Dragapult,,dragapult,Dragon,,Ghost,,"10,240",Amorphous,Dragon,50.20%,49.80%,Clear Body,Infiltrator,Cursed Body,,,,,,
Yes,No,8,"Sword, Shield",,,,Zacian,0,,Zacian,Zacian,888,,,zacian,Zacian,,zacian,Fairy,,,,"30,720",Undiscovered,,○,○,Intrepid Sword,,,,,,,,
No,No,8,"Sword, Shield",Item,,,Zacian,1,,Zacian-Crowned,Zacian épée suprême,888,,,zacian-crowned,Zacian,Yes,zacian-crowned,Fairy,,Steel,,"30,720",Undiscovered,,○,○,Intrepid Sword,,,,,,,,
Yes,No,8,"Sword, Shield",,,,Zamazenta,0,,Zamazenta,Zamazenta,889,,,zamazenta,Zamazenta,,zamazenta,Fighting,,,,"30,720",Undiscovered,,○,○,Dauntless Shield,,,,,,,,
No,No,8,"Sword, Shield",Item,,,Zamazenta,1,,Zamazenta-Crowned,Zamazenta bouclier suprême,889,,,zamazenta-crowned,Zamazenta,Yes,zamazenta-crowned,Fighting,,Steel,,"30,720",Undiscovered,,○,○,Dauntless Shield,,,,,,,,
Yes,No,8,"Sword, Shield",,,,Eternatus,0,,Eternatus,Éthernatos,890,,,eternatus,Eternatus,,eternatus,Poison,,Dragon,,"30,720",Undiscovered,,○,○,Pressure,,,,,,,,
No,No,8,"Sword, Shield",Unobtainable,,Gigantamax,Eternatus,1,,Eternatus-Eternamax,Éthernatos Infinimax,890,,,eternatus-eternamax,Eternatus,,eternatus-eternamax,Poison,,Dragon,,"30,720",Undiscovered,,○,○,Pressure,,,,,,,,
Yes,No,8,"Sword, Shield",,,,Kubfu,0,,Kubfu,Wushours,891,,,kubfu,Kubfu,,kubfu,Fighting,,,,"30,720",Undiscovered,,87.50%,12.50%,Inner Focus,,,,,,,,
Yes,No,8,"Sword, Shield",,,,Urshifu,1,,Urshifu Single Strike Style,Shifours style Poing Final,892,,,urshifu,Urshifu,,urshifu-single-strike,Fighting,,Dark,,"30,720",Undiscovered,,87.50%,12.50%,Unseen Fist,,,,,,,,
Yes,No,8,"Sword, Shield",,,Gigantamax,Urshifu,2,,Gigantamax Urshifu Single Strike Style,Gigamax Shifours style Poing Final,892,,,urshifu-gmax,Urshifu,,urshifu-gmax,Fighting,,Dark,,"30,720",Undiscovered,,87.50%,12.50%,Unseen Fist,,,,,,,,
Yes,No,8,"Sword, Shield",Alternate,,,Urshifu,3,,Urshifu Rapid Strike Style,Shifours style Mille Poings,892,,,urshifu,Urshifu,,urshifu-rapid-strike,Fighting,,Water,,"30,720",Undiscovered,,87.50%,12.50%,Unseen Fist,,,,,,,,
Yes,No,8,"Sword, Shield",Alternate,,Gigantamax,Urshifu,4,,Gigantamax Urshifu Rapid Strike Style,Gigamax Shifours style Mille Poings,892,,,urshifu-rapid-strike-gmax,Urshifu,,urshifu-rapid-strike-gmax,Fighting,,Water,,"30,720",Undiscovered,,87.50%,12.50%,Unseen Fist,,,,,,,,
Yes,No,8,"Sword, Shield",,,,Zarude,0,,Zarude,Zarude,893,,,zarude,Zarude,,zarude,Dark,,Grass,,"30,720",Undiscovered,,○,○,Leaf Guard,,,,,,,,
Yes,No,8,"Sword, Shield",,,Event,Zarude,1,,Zarude Dada,Zarude Papa,893,,,zarude-dada,Zarude,,zarude-dada,Dark,,Grass,,"30,720",Undiscovered,,○,○,Leaf Guard,,,,,,,,
Yes,No,8,"Sword, Shield",,,,Regieleki,0,,Regieleki,Regieleki,894,,,regieleki,Regieleki,,regieleki,Electric,,,,"30,720",Undiscovered,,○,○,Transistor,,,,,,,,
Yes,No,8,"Sword, Shield",,,,Regidrago,0,,Regidrago,Regidrago,895,,,regidrago,Regidrago,,regidrago,Dragon,,,,"30,720",Undiscovered,,○,○,Dragon's Maw,,,,,,,,
Yes,No,8,"Sword, Shield",,,,Glastrier,0,,Glastrier,Blizzeval,896,,,glastrier,Glastrier,,glastrier,Ice,,,,"30,720",Undiscovered,,○,○,Chilling Neigh,,,,,,,,
Yes,No,8,"Sword, Shield",,,,Spectrier,0,,Spectrier,Spectreval,897,,,spectrier,Spectrier,,spectrier,Ghost,,,,"30,720",Undiscovered,,○,○,Grim Neigh,,,,,,,,
Yes,No,8,"Sword, Shield",,,,Calyrex,0,,Calyrex,Sylveroy,898,,,calyrex,Calyrex,,calyrex,Psychic,,Grass,,"30,720",Undiscovered,,○,○,Unnerve,,,,,,,,
No,No,8,"Sword, Shield",Fusion,,,Calyrex,1,,Ice Rider Calyrex,"Sylveroy
Cavalier du Froid",898,,,calyrex-ice-rider,Calyrex,,calyrex-ice-rider,Psychic,,Ice,,"30,720",Undiscovered,,○,○,Unnerve,As One,,,,,,,
No,No,8,"Sword, Shield",Fusion,,,Calyrex,2,,Shadow Rider Calyrex,Sylveroy Cavalier d'Effroi,898,,,calyrex-shadow-rider,Calyrex,,calyrex-shadow-rider,Psychic,,Ghost,,"30,720",Undiscovered,,○,○,Unnerve,As One,,,,,,,
Yes,No,8,Pokémon Legends Arceus,,,,Stantler,3,,Wyrdeer,Cerbyllin,899,,,wyrdeer,Wyrdeer,,wyrdeer,Normam,,Psychic,,,,,,,,,,,,,,,
Yes,No,8,Pokémon Legends Arceus,,,Alpha,Stantler,4,,Alpha Wyrdeer,Baron Cerbyllin,899,,,wyrdeer,Wyrdeer,,wyrdeer-alpha,Normam,,Psychic,,,,,,,,,,,,,,,
Yes,No,8,Pokémon Legends Arceus,,,,Scyther,5,,Kleavor,Hachécateur,900,,,kleavor,Kleavor,,kleavor,Bug,,Rock,,,,,,,,,,,,,,,
Yes,No,8,Pokémon Legends Arceus,,,Alpha,Scyther,6,,Alpha Kleavor,Baron Hachécateur,900,,,kleavor,Kleavor,,kleavor-alpha,Bug,,Rock,,,,,,,,,,,,,,,
Yes,No,8,Pokémon Legends Arceus,,,,Teddiursa,7,,Ursaluna,Ursaking,901,,,ursaluna,Ursaluna,,ursaluna,Ground,,Normal,,,,,,,,,,,,,,,
Yes,No,8,Pokémon Legends Arceus,,,Alpha,Teddiursa,8,,Alpha Ursaluna,Baron Ursaking,901,,,ursaluna,Ursaluna,,ursaluna-alpha,Ground,,Normal,,,,,,,,,,,,,,,
Yes,No,8,Pokémon Legends Arceus,,,,Basculin,9,,Basculegion,Paragruel,902,,,basculegion,Basculegion,,basculegion,Water,,Ghost,,,,,,,,,,,,,,,
Yes,No,8,Pokémon Legends Arceus,,,Alpha,Basculin,10,,Alpha Basculegion,Baron Paragruel,902,,,basculegion,Basculegion,,basculegion-alpha,Water,,Ghost,,,,,,,,,,,,,,,
Yes,No,8,Pokémon Legends Arceus,Gender,,,Basculin,11,,Basculegion ♀,Paragruel ♀,902,,,female/basculegion,Basculegion,,basculegion-f,Water,,Ghost,,,,,,,,,,,,,,,
Yes,No,8,Pokémon Legends Arceus,Gender,,Alpha,Basculin,12,,Alpha Basculegion ♀,Baron Paragruel ♀,902,,,female/basculegion,Basculegion,,basculegion-f-alpha,Water,,Ghost,,,,,,,,,,,,,,,
Yes,No,8,Pokémon Legends Arceus,,,,Sneasel,13,,Sneasler,Farfurex,903,,,sneasler,Sneasler,,sneasler,Fight,,Poison,,,,,,,,,,,,,,,
Yes,No,8,Pokémon Legends Arceus,,,Alpha,Sneasel,14,,Alpha Sneasler,Baron Farfurex,903,,,sneasler,Sneasler,,sneasler-alpha,Fight,,Poison,,,,,,,,,,,,,,,
Yes,No,8,Pokémon Legends Arceus,,,,Overqwil,0,,Overqwil,Qwilpik,904,,,overqwil,Overqwil,,overqwil,Dark,,Poison,,,,,,,,,,,,,,,
Yes,No,8,Pokémon Legends Arceus,,,Alpha,Overqwil,1,,Alpha Overqwil,Baron Qwilpik,904,,,overqwil,Overqwil,,overqwil-alpha,Dark,,Poison,,,,,,,,,,,,,,,
Yes,No,8,Pokémon Legends Arceus,,,,Enamorus,0,,Enamorus,Amovénus,905,,,enamorus,Enamorus,,enamorus,Fairy,,Flying,,,,,,,,,,,,,,,
Yes,No,8,Pokémon Legends Arceus,Therian,,,Enamorus,1,,Therian Enamorus,Amovénus Totémique,905,,,enamorus-therian,Enamorus,,enamorus-therian,Fairy,,Flying,,,,,,,,,,,,,,,
